1 200
2 200
3 200
4 200
5 200
6 200
7 200
8 200
9 200
10 200
11 200
12 404
13 200
14 200
15 404
16 404
17 404
18 404
19 404
20 200
21 404
22 200
23 404
24 200
25 200
26 404
27 404
28 404
29 404
30 404
31 200
32 404
33 200
34 404
35 200
36 404
37 404
38 200
39 404
40 200
41 200
42 404
43 404
44 404
45 404
46 200
47 200
48 404
49 200
50 404
51 404
52 200
53 404
54 404
55 404
56 200
57 404
58 200
59 404
60 404
61 200
62 404
63 200
64 404
65 404
66 404
67 404
68 200
69 404
70 404
71 404
72 200
73 404
74 200
75 404
76 404
77 200
78 200
79 200
80 404
81 404
82 200
83 404
84 404
85 404
86 200
87 200
88 404
89 404
90 404
91 404
92 200
93 404
94 200
95 404
96 200
97 404
98 404
99 404
100 404
101 404
102 404
103 404
104 404
105 404
106 404
107 404
108 404
109 200
110 404
111 200
112 404
113 404
114 200
115 200
116 404
117 404
118 404
119 200
120 200
121 404
122 200
123 404
124 200
125 200
126 200
127 404
128 404
129 200
130 404
131 404
132 404
133 200
134 404
135 404
136 200
137 404
138 404
139 404
140 200
141 404
142 404
143 404
144 404
145 404
146 404
147 200
148 404
149 200
150 404
151 200
152 200
153 404
154 404
155 404
156 404
157 404
158 404
159 404
160 200
161 200
162 404
163 200
164 200
165 404
166 404
167 404
168 404
169 200
170 404
171 200
172 404
173 404
174 404
175 404
176 404
177 404
178 200
179 404
180 404
181 404
182 404
183 200
184 200
185 200
186 200
187 404
188 404
189 404
190 404
191 200
192 200
193 404
194 404
195 200
196 404
197 404
198 200
199 200
200 404
201 200
202 404
203 404
204 200
205 200
206 404
207 404
208 200
209 404
210 404
211 404
212 200
213 404
214 200
215 200
216 404
217 200
218 200
219 404
220 200
221 404
222 200
223 404
224 404
225 404
226 404
227 404
228 200
229 404
230 404
231 200
232 200
233 200
234 404
235 404
236 200
237 404
238 404
239 404
240 404
241 404
242 404
243 404
244 404
245 200
246 404
247 200
248 404
249 404
250 404
251 200
252 404
253 200
254 200
255 404
256 404
257 404
258 404
259 200
260 404
261 404
262 404
263 200
264 404
265 404
266 200
267 200
268 200
269 404
270 200
271 404
272 404
273 400
274 404
275 404
276 404
277 404
278 404
279 404
280 200
281 404
282 404
283 404
284 404
285 404
286 404
287 200
288 404
289 200
290 404
291 404
292 404
293 200
294 200
295 404
296 404
297 404
298 404
299 404
300 404
301 404
302 404
303 404
304 404
305 404
306 404
307 200
308 200
309 404
310 404
311 404
312 200
313 200
314 200
315 200
316 404
317 404
318 200
319 200
320 200
321 200
322 200
323 200
324 404
325 200
326 200
327 404
328 200
329 404
330 404
331 200
332 200
333 404
334 200
335 404
336 404
337 404
338 404
339 404
340 200
341 404
342 404
343 404
344 404
345 404
346 404
347 200
348 200
349 200
350 404
351 404
352 404
353 200
354 404
355 404
356 404
357 404
358 404
359 200
360 404
361 404
362 404
363 404
364 404
365 200
366 404
367 404
368 200
369 404
370 404
371 404
372 404
373 404
374 404
375 404
376 200
377 404
378 200
379 404
380 404
381 200
382 404
383 200
384 404
385 200
386 404
387 404
388 404
389 404
390 404
391 200
392 404
393 404
394 200
395 404
396 200
397 404
398 404
399 404
400 404
401 200
402 404
403 404
404 200
405 200
406 404
407 404
408 200
409 404
410 404
411 404
412 404
413 404
414 404
415 404
416 404
417 404
418 404
419 404
420 200
421 404
422 200
423 404
424 404
425 200
426 200
427 404
428 404
429 404
430 200
431 200
432 404
433 404
434 404
435 404
436 200
437 200
438 404
439 404
440 404
441 200
442 200
443 404
444 200
445 404
446 404
447 404
448 404
449 404
450 404
451 200
452 404
453 200
454 404
455 200
456 404
457 404
458 200
459 200
460 404
461 404
462 404
463 200
464 404
465 404
466 404
467 200
468 404
469 404
470 404
471 200
472 404
473 404
474 404
475 200
476 403
477 404
478 404
479 200
480 404
481 200
482 200
483 404
484 404
485 404
486 404
487 200
488 200
489 404
490 404
491 404
492 200
493 404
494 200
495 404
496 404
497 404
498 200
499 200
500 200
501 200
502 200
503 200
504 200
505 200
506 200
507 404
508 200
509 200
510 200
511 200
512 404
513 404
514 404
515 404
516 404
517 404
518 404
519 200
520 404
521 404
522 200
523 404
524 200
525 200
526 404
527 404
528 404
529 404
530 404
531 404
532 404
533 404
534 200
535 404
536 404
537 404
538 404
539 200
540 200
541 404
542 404
543 404
544 200
545 200
546 404
547 404
548 404
549 200
550 404
551 404
552 404
553 404
554 404
555 404
556 200
557 200
558 404
559 404
560 404
561 404
562 200
563 200
564 404
565 200
566 404
567 200
568 200
569 404
570 404
571 404
572 404
573 404
574 404
575 404
576 200
577 404
578 404
579 200
580 404
581 200
582 404
583 404
584 200
585 404
586 200
587 404
588 200
589 404
590 200
591 404
592 200
593 200
594 200
595 404
596 404
597 404
598 200
599 404
600 404
601 200
602 200
603 404
604 200
605 200
606 404
607 200
608 404
609 404
610 404
611 404
612 404
613 404
614 200
615 200
616 404
617 200
618 404
619 404
620 404
621 404
622 200
623 404
624 200
625 200
626 200
627 200
628 404
629 200
630 200
631 200
632 200
633 404
634 404
635 404
636 404
637 200
638 200
639 404
640 404
641 404
642 404
643 200
644 404
645 200
646 404
647 200
648 200
649 404
650 404
651 404
652 404
653 404
654 404
655 200
656 200
657 404
658 404
659 404
660 404
661 200
662 200
663 404
664 404
665 200
666 200
667 200
668 404
669 404
670 404
671 404
672 404
673 404
674 404
675 404
676 404
677 404
678 404
679 404
680 200
681 404
682 404
683 404
684 404
685 404
686 200
687 200
688 404
689 404
690 404
691 404
692 200
693 404
694 404
695 404
696 200
697 404
698 404
699 404
700 200
701 404
702 404
703 404
704 404
705 404
706 200
707 404
708 200
709 404
710 404
711 404
712 200
713 200
714 404
715 200
716 404
717 200
718 404
719 404
720 404
721 404
722 404
723 200
724 404
725 200
726 404
727 200
728 404
729 404
730 404
731 404
732 404
733 404
734 404
735 200
736 404
737 200
738 404
739 200
740 404
741 404
742 404
743 200
744 200
745 200
746 404
747 200
748 404
749 404
750 404
751 404
752 404
753 404
754 404
755 200
756 200
757 404
758 404
759 200
760 200
761 404
762 200
763 404
764 404
765 200
766 200
767 404
768 200
769 200
770 404
771 404
772 404
773 404
774 200
775 200
776 200
777 404
778 404
779 200
780 200
781 200
782 200
783 404
784 404
785 200
786 404
787 404
788 200
789 404
790 200
791 404
792 404
793 404
794 200
795 404
796 200
797 404
798 404
799 404
800 404
801 404
802 404
803 404
804 404
805 404
806 404
807 200
808 404
809 200
810 200
811 404
812 200
813 404
814 404
815 404
816 404
817 200
818 404
819 404
820 404
821 200
822 200
823 404
824 404
825 200
826 404
827 200
828 404
829 200
830 404
831 200
832 404
833 404
834 200
835 404
836 404
837 200
838 404
839 200
840 404
841 404
842 200
843 404
844 404
845 404
846 404
847 200
848 404
849 404
850 200
851 200
852 404
853 200
854 404
855 404
856 404
857 404
858 200
859 404
860 200
861 404
862 200
863 404
864 404
865 200
866 404
867 404
868 404
869 404
870 404
871 404
872 404
873 404
874 404
875 404
876 404
877 404
878 404
879 200
880 404
881 403
882 200
883 200
884 404
885 200
886 404
887 200
888 404
889 200
890 404
891 404
892 404
893 404
894 404
895 404
896 200
897 404
898 200
899 200
900 404
901 404
902 200
903 200
904 200
905 404
906 200
907 200
908 404
909 404
910 404
911 404
912 200
913 200
914 404
915 200
916 200
917 404
918 404
919 404
920 200
921 404
922 200
923 200
924 404
925 200
926 404
927 200
928 404
929 404
930 200
931 200
932 404
933 404
934 404
935 200
936 200
937 404
938 404
939 404
940 404
941 404
942 404
943 404
944 404
945 404
946 404
947 404
948 200
949 404
950 404
951 404
952 404
953 200
954 404
955 404
956 200
957 404
958 404
959 404
960 404
961 404
962 404
963 404
964 404
965 404
966 404
967 404
968 200
969 404
970 200
971 404
972 404
973 404
974 200
975 404
976 200
977 200
978 404
979 200
980 200
981 404
982 404
983 404
984 404
985 200
986 404
987 404
988 200
989 404
990 404
991 404
992 404
993 404
994 404
995 200
996 404
997 404
998 404
999 200
1000 404
1001 404
1002 404
1003 404
1004 404
1005 200
1006 404
1007 404
1008 404
1009 404
1010 404
1011 404
1012 404
1013 200
1014 404
1015 200
1016 200
1017 404
1018 404
1019 404
1020 404
1021 404
1022 404
1023 200
1024 404
1025 404
1026 404
1027 404
1028 200
1029 404
1030 200
1031 404
1032 200
1033 200
1034 404
1035 404
1036 200
1037 404
1038 404
1039 404
1040 200
1041 404
1042 200
1043 404
1044 404
1045 404
1046 404
1047 200
1048 404
1049 404
1050 200
1051 200
1052 404
1053 404
1054 404
1055 404
1056 404
1057 200
1058 200
1059 200
1060 200
1061 200
1062 404
1063 200
1064 404
1065 200
1066 404
1067 404
1068 404
1069 404
1070 200
1071 404
1072 404
1073 200
1074 404
1075 200
1076 404
1077 404
1078 200
1079 404
1080 404
1081 200
1082 200
1083 404
1084 200
1085 404
1086 404
1087 200
1088 404
1089 404
1090 404
1091 200
1092 200
1093 404
1094 404
1095 404
1096 404
1097 200
1098 404
1099 404
1100 200
1101 200
1102 404
1103 404
1104 404
1105 200
1106 404
1107 200
1108 200
1109 404
1110 200
1111 404
1112 404
1113 404
1114 404
1115 404
1116 200
1117 404
1118 404
1119 404
1120 404
1121 404
1122 404
1123 404
1124 200
1125 404
1126 200
1127 200
1128 404
1129 404
1130 404
1131 404
1132 200
1133 404
1134 200
1135 404
1136 200
1137 404
1138 200
1139 404
1140 200
1141 404
1142 200
1143 200
1144 200
1145 200
1146 404
1147 404
1148 404
1149 404
1150 200
1151 404
1152 404
1153 404
1154 404
1155 200
1156 404
1157 404
1158 200
1159 404
1160 200
1161 200
1162 404
1163 404
1164 404
1165 404
1166 200
1167 404
1168 200
1169 200
1170 404
1171 200
1172 200
1173 404
1174 404
1175 404
1176 404
1177 404
1178 200
1179 200
1180 404
1181 404
1182 404
1183 404
1184 404
1185 200
1186 404
1187 404
1188 404
1189 404
1190 404
1191 200
1192 404
1193 404
1194 404
1195 200
1196 200
1197 200
1198 200
1199 200
1200 404
1201 200
1202 200
1203 200
1204 404
1205 404
1206 404
1207 404
1208 404
1209 404
1210 404
1211 404
1212 200
1213 404
1214 404
1215 404
1216 404
1217 404
1218 404
1219 404
1220 200
1221 404
1222 404
1223 404
1224 200
1225 404
1226 404
1227 404
1228 404
1229 200
1230 404
1231 404
1232 200
1233 404
1234 404
1235 404
1236 404
1237 200
1238 404
1239 200
1240 404
1241 404
1242 404
1243 404
1244 404
1245 200
1246 404
1247 404
1248 404
1249 404
1250 404
1251 200
1252 404
1253 200
1254 404
1255 404
1256 404
1257 200
1258 200
1259 404
1260 404
1261 404
1262 200
1263 404
1264 200
1265 200
1266 404
1267 200
1268 404
1269 200
1270 404
1271 200
1272 404
1273 200
1274 404
1275 404
1276 200
1277 200
1278 404
1279 404
1280 200
1281 200
1282 404
1283 200
1284 200
1285 404
1286 404
1287 200
1288 404
1289 404
1290 404
1291 404
1292 200
1293 404
1294 200
1295 200
1296 200
1297 200
1298 200
1299 200
1300 200
1301 200
1302 200
1303 200
1304 200
1305 200
1306 200
1307 200
1308 200
1309 200
1310 200
1311 200
1312 200
1313 200
1314 200
1315 200
1316 200
1317 200
1318 200
1319 200
1320 200
1321 200
1322 200
1323 200
1324 200
1325 200
1326 200
1327 200
1328 200
1329 200
1330 200
1331 200
1332 200
1333 200
1334 200
1335 200
1336 200
1337 200
1338 200
1339 200
1340 200
1341 200
1342 200
1343 200
1344 200
1345 200
1346 200
1347 200
1348 200
1349 200
1350 200
1351 200
1352 200
1353 200
1354 200
1355 200
1356 200
1357 200
1358 200
1359 200
1360 200
1361 200
1362 200
1363 200
1364 200
1365 200
1366 200
1367 200
1368 200
1369 200
1370 200
1371 200
1372 200
1373 200
1374 200
1375 200
1376 200
1377 200
1378 200
1379 200
1380 200
1381 200
1382 200
1383 200
1384 200
1385 200
1386 200
1387 200
1388 200
1389 200
1390 200
1391 200
1392 200
1393 200
1394 200
1395 200
1396 200
1397 200
1398 200
1399 200
1400 200
1401 200
1402 200
1403 200
1404 200
1405 200
1406 200
1407 200
1408 200
1409 200
1410 200
1411 200
1412 200
1413 200
1414 200
1415 200
1416 200
1417 200
1418 200
1419 200
1420 200
1421 200
1422 200
1423 200
1424 200
1425 200
1426 200
1427 200
1428 200
1429 200
1430 200
1431 200
1432 200
1433 200
1434 200
1435 200
1436 200
1437 200
1438 200
1439 200
1440 200
1441 200
1442 200
1443 200
1444 200
1445 200
1446 200
1447 200
1448 200
1449 200
1450 200
1451 200
1452 200
1453 200
1454 200
1455 200
1456 200
1457 200
1458 200
1459 200
1460 200
1461 200
1462 200
1463 200
1464 200
1465 200
1466 200
1467 200
1468 200
1469 200
1470 200
1471 200
1472 200
1473 200
1474 200
1475 200
1476 200
1477 200
1478 200
1479 200
1480 200
1481 200
1482 200
1483 200
1484 200
1485 200
1486 200
1487 200
1488 200
1489 200
1490 200
1491 200
1492 200
1493 200
1494 200
1495 200
1496 200
1497 200
1498 200
1499 200
1500 200
1501 200
1502 200
1503 200
1504 200
1505 200
1506 200
1507 200
1508 200
1509 200
1510 200
1511 200
1512 200
1513 200
1514 200
1515 200
1516 200
1517 200
1518 200
1519 200
1520 200
1521 200
1522 200
1523 200
1524 200
1525 200
1526 200
1527 200
1528 200
1529 200
1530 200
1531 200
1532 200
1533 200
1534 200
1535 200
1536 200
1537 200
1538 200
1539 200
1540 200
1541 200
1542 200
1543 200
1544 200
1545 200
1546 200
1547 200
1548 200
1549 200
1550 200
1551 200
1552 200
1553 200
1554 200
1555 200
1556 200
1557 200
1558 200
1559 200
1560 200
1561 200
1562 200
1563 200
1564 200
1565 200
1566 200
1567 200
1568 200
1569 200
1570 200
1571 200
1572 200
1573 200
1574 200
1575 200
1576 200
1577 200
1578 200
1579 200
1580 200
1581 200
1582 200
1583 200
1584 200
1585 200
1586 200
1587 200
1588 200
1589 200
1590 200
1591 200
1592 200
1593 200
1594 200
1595 200
1596 200
1597 200
1598 200
1599 200
1600 200
1601 200
1602 200
1603 200
1604 200
1605 200
1606 200
1607 200
1608 200
1609 200
1610 200
1611 200
1612 200
1613 200
1614 200
1615 200
1616 200
1617 200
1618 200
1619 200
1620 200
1621 200
1622 200
1623 200
1624 200
1625 200
1626 200
1627 200
1628 200
1629 200
1630 200
1631 200
1632 200
1633 200
1634 200
1635 200
1636 200
1637 200
1638 200
1639 200
1640 200
1641 200
1642 200
1643 200
1644 200
1645 200
1646 200
1647 200
1648 200
1649 200
1650 200
1651 200
1652 200
1653 200
1654 200
1655 200
1656 200
1657 200
1658 200
1659 200
1660 200
1661 200
1662 200
1663 200
1664 200
1665 200
1666 200
1667 200
1668 200
1669 200
1670 200
1671 200
1672 200
1673 200
1674 200
1675 200
1676 200
1677 200
1678 200
1679 200
1680 200
1681 200
1682 200
1683 200
1684 200
1685 200
1686 200
1687 200
1688 200
1689 200
1690 200
1691 200
1692 200
1693 200
1694 200
1695 200
1696 200
1697 200
1698 200
1699 200
1700 200
1701 200
1702 200
1703 200
1704 200
1705 200
1706 200
1707 200
1708 200
1709 200
1710 200
1711 200
1712 200
1713 200
1714 200
1715 200
1716 200
1717 200
1718 200
1719 200
1720 200
1721 200
1722 200
1723 200
1724 200
1725 200
1726 200
1727 200
1728 200
1729 200
1730 200
1731 200
1732 200
1733 200
1734 200
1735 200
1736 200
1737 200
1738 200
1739 200
1740 200
1741 200
1742 200
1743 200
1744 200
1745 200
1746 200
1747 200
1748 200
1749 200
1750 200
1751 200
1752 200
1753 200
1754 200
1755 200
1756 200
1757 200
1758 200
1759 200
1760 200
1761 200
1762 200
1763 200
1764 200
1765 200
1766 200
1767 200
1768 200
1769 200
1770 200
1771 200
1772 200
1773 200
1774 200
1775 200
1776 200
1777 200
1778 200
1779 200
1780 200
1781 200
1782 200
1783 200
1784 200
1785 200
1786 200
1787 200
1788 200
1789 200
1790 200
1791 200
1792 200
1793 200
1794 200
1795 200
1796 200
1797 200
1798 200
1799 200
1800 200
1801 200
1802 200
1803 200
1804 200
1805 200
1806 200
1807 200
1808 200
1809 200
1810 200
1811 200
1812 200
1813 200
1814 200
1815 200
1816 200
1817 200
1818 200
1819 200
1820 200
1821 200
1822 200
1823 200
1824 200
1825 200
1826 200
1827 200
1828 200
1829 200
1830 200
1831 200
1832 200
1833 200
1834 200
1835 200
1836 200
1837 200
1838 200
1839 200
1840 200
1841 200
1842 200
1843 200
1844 200
1845 200
1846 200
1847 200
1848 200
1849 200
1850 200
1851 200
1852 200
1853 200
1854 200
1855 200
1856 200
1857 200
1858 200
1859 200
1860 200
1861 200
1862 200
1863 200
1864 200
1865 200
1866 200
1867 200
1868 200
1869 200
1870 200
1871 200
1872 200
1873 200
1874 200
1875 200
1876 200
1877 200
1878 200
1879 200
1880 200
1881 200
1882 200
1883 200
1884 200
1885 200
1886 200
1887 200
1888 200
1889 200
1890 200
1891 200
1892 200
1893 200
1894 200
1895 200
1896 200
1897 200
1898 200
1899 200
1900 200
1901 200
1902 200
1903 200
1904 200
1905 200
1906 200
1907 200
1908 200
1909 200
1910 200
1911 200
1912 200
1913 200
1914 200
1915 200
1916 200
1917 200
1918 200
1919 200
1920 200
1921 200
1922 200
1923 200
1924 200
1925 200
1926 200
1927 200
1928 200
1929 200
1930 200
1931 200
1932 200
1933 200
1934 200
1935 200
1936 200
1937 200
1938 200
1939 200
1940 200
1941 200
1942 200
1943 200
1944 200
1945 200
1946 200
1947 200
1948 200
1949 200
1950 200
1951 200
1952 200
1953 200
1954 200
1955 200
1956 200
1957 200
1958 200
1959 200
1960 200
1961 200
1962 200
1963 200
1964 200
1965 200
1966 200
1967 200
1968 200
1969 200
1970 200
1971 200
1972 200
1973 200
1974 200
1975 200
1976 200
1977 200
1978 200
1979 200
1980 200
1981 200
1982 200
1983 200
1984 200
1985 200
1986 200
1987 200
1988 200
1989 200
1990 200
1991 200
1992 200
1993 200
1994 200
1995 200
1996 200
1997 200
1998 200
1999 200
2000 200
2001 200
2002 200
2003 200
2004 200
2005 200
2006 200
2007 200
2008 200
2009 200
2010 200
2011 200
2012 200
2013 200
2014 200
2015 200
2016 200
2017 200
2018 200
2019 200
2020 200
2021 200
2022 200
2023 200
2024 200
2025 200
2026 200
2027 200
2028 200
2029 200
2030 200
2031 200
2032 200
2033 200
2034 200
2035 200
2036 200
2037 200
2038 200
2039 200
2040 200
2041 200
2042 200
2043 200
2044 200
2045 200
2046 200
2047 200
2048 200
2049 200
2050 200
2051 200
2052 200
2053 200
2054 200
2055 200
2056 200
2057 200
2058 200
2059 200
2060 200
2061 200
2062 200
2063 200
2064 200
2065 200
2066 200
2067 200
2068 200
2069 200
2070 200
2071 200
2072 200
2073 200
2074 200
2075 200
2076 200
2077 200
2078 200
2079 200
2080 200
2081 200
2082 200
2083 200
2084 200
2085 200
2086 200
2087 200
2088 200
2089 200
2090 200
2091 200
2092 200
2093 200
2094 200
2095 200
2096 200
2097 200
2098 200
2099 200
2100 200
2101 200
2102 200
2103 200
2104 200
2105 200
2106 200
2107 200
2108 200
2109 200
2110 200
2111 200
2112 200
2113 200
2114 200
2115 200
2116 200
2117 200
2118 200
2119 200
2120 200
2121 200
2122 200
2123 200
2124 200
2125 200
2126 200
2127 200
2128 200
2129 200
2130 200
2131 200
2132 200
2133 200
2134 200
2135 200
2136 200
2137 200
2138 200
2139 200
2140 200
2141 200
2142 200
2143 200
2144 200
2145 200
2146 200
2147 200
2148 200
2149 200
2150 200
2151 200
2152 200
2153 200
2154 200
2155 200
2156 200
2157 200
2158 200
2159 200
2160 200
2161 200
2162 200
2163 200
2164 200
2165 200
2166 200
2167 200
2168 200
2169 200
2170 200
2171 200
2172 200
2173 200
2174 200
2175 200
2176 200
2177 200
2178 200
2179 200
2180 200
2181 200
2182 200
2183 200
2184 200
2185 200
2186 200
2187 200
2188 200
2189 200
2190 200
2191 200
2192 200
2193 200
2194 200
2195 200
2196 200
2197 200
2198 200
2199 200
2200 200
2201 200
2202 200
2203 200
2204 200
2205 200
2206 200
2207 200
2208 200
2209 200
2210 200
2211 200
2212 200
2213 200
2214 200
2215 200
2216 200
2217 200
2218 200
2219 200
2220 200
2221 200
2222 200
2223 200
2224 200
2225 200
2226 200
2227 200
2228 200
2229 200
2230 200
2231 200
2232 200
2233 200
2234 200
2235 200
2236 200
2237 200
2238 200
2239 200
2240 200
2241 200
2242 200
2243 200
2244 200
2245 200
2246 200
2247 200
2248 200
2249 200
2250 200
2251 200
2252 200
2253 200
2254 200
2255 200
2256 200
2257 200
2258 200
2259 200
2260 200
2261 200
2262 200
2263 200
2264 200
2265 200
2266 200
2267 200
2268 200
2269 200
2270 200
2271 200
2272 200
2273 200
2274 200
2275 200
2276 200
2277 200
2278 200
2279 200
2280 200
2281 200
2282 200
2283 200
2284 200
2285 200
2286 200
2287 200
2288 200
2289 200
2290 200
2291 200
2292 200
2293 200
2294 200
2295 200
2296 200
2297 200
2298 200
2299 200
2300 200
2301 200
2302 200
2303 200
2304 200
2305 200
2306 200
2307 200
2308 200
2309 200
2310 200
2311 200
2312 200
2313 200
2314 200
2315 200
2316 200
2317 200
2318 200
2319 200
2320 200
2321 200
2322 200
2323 200
2324 200
2325 200
2326 200
2327 200
2328 200
2329 200
2330 200
2331 200
2332 200
2333 200
2334 200
2335 200
2336 200
2337 200
2338 200
2339 200
2340 200
2341 200
2342 200
2343 200
2344 200
2345 200
2346 200
2347 200
2348 200
2349 200
2350 200
2351 200
2352 200
2353 200
2354 200
2355 200
2356 200
2357 200
2358 200
2359 200
2360 200
2361 200
2362 200
2363 200
2364 200
2365 200
2366 200
2367 200
2368 200
2369 200
2370 200
2371 200
2372 200
2373 200
2374 200
2375 200
2376 200
2377 200
2378 200
2379 200
2380 200
2381 200
2382 200
2383 200
2384 200
2385 200
2386 200
2387 200
2388 200
2389 200
2390 200
2391 200
2392 200
2393 200
2394 200
2395 200
2396 200
2397 200
2398 200
2399 200
2400 200
2401 200
2402 200
2403 200
2404 200
2405 200
2406 200
2407 200
2408 200
2409 200
2410 200
2411 200
2412 200
2413 200
2414 200
2415 200
2416 200
2417 200
2418 200
2419 200
2420 200
2421 200
2422 200
2423 200
2424 200
2425 200
2426 200
2427 200
2428 200
2429 200
2430 200
2431 200
2432 200
2433 200
2434 200
2435 200
2436 200
2437 200
2438 200
2439 200
2440 200
2441 200
2442 200
2443 200
2444 200
2445 200
2446 200
2447 200
2448 200
2449 200
2450 200
2451 200
2452 200
2453 200
2454 200
2455 200
2456 200
2457 200
2458 200
2459 200
2460 200
2461 200
2462 200
2463 200
2464 200
2465 200
2466 200
2467 200
2468 200
2469 200
2470 200
2471 200
2472 200
2473 200
2474 200
2475 200
2476 200
2477 200
2478 200
2479 200
2480 200
2481 200
2482 200
2483 200
2484 200
2485 200
2486 200
2487 200
2488 200
2489 200
2490 200
2491 200
2492 200
2493 200
2494 200
2495 200
2496 200
2497 200
2498 200
2499 200
2500 200
2501 200
2502 200
2503 200
2504 200
2505 200
2506 200
2507 200
2508 200
2509 200
2510 200
2511 200
2512 200
2513 200
2514 200
2515 200
2516 200
2517 200
2518 200
2519 200
2520 200
2521 200
2522 200
2523 200
2524 200
2525 200
2526 200
2527 200
2528 200
2529 200
2530 200
2531 200
2532 200
2533 200
2534 200
2535 200
2536 200
2537 200
2538 200
2539 200
2540 200
2541 200
2542 200
2543 200
2544 200
2545 200
2546 200
2547 200
2548 200
2549 200
2550 200
2551 200
2552 200
2553 200
2554 200
2555 200
2556 200
2557 200
2558 200
2559 200
2560 200
2561 200
2562 200
2563 200
2564 200
2565 200
2566 200
2567 200
2568 200
2569 200
2570 200
2571 200
2572 200
2573 200
2574 200
2575 200
2576 200
2577 200
2578 200
2579 200
2580 200
2581 200
2582 200
2583 200
2584 200
2585 200
2586 200
2587 200
2588 200
2589 200
2590 200
2591 200
2592 200
2593 200
2594 200
2595 200
2596 200
2597 200
2598 200
2599 200
2600 200
2601 200
2602 200
2603 200
2604 200
2605 200
2606 200
2607 200
2608 200
2609 200
2610 200
2611 200
2612 200
2613 200
2614 200
2615 200
2616 200
2617 200
2618 200
2619 200
2620 200
2621 200
2622 200
2623 200
2624 200
2625 200
2626 200
2627 200
2628 200
2629 200
2630 200
2631 200
2632 200
2633 200
2634 200
2635 200
2636 200
2637 200
2638 200
2639 200
2640 200
2641 200
2642 200
2643 200
2644 200
2645 200
2646 200
2647 200
2648 200
2649 200
2650 200
2651 200
2652 200
2653 200
2654 200
2655 200
2656 200
2657 200
2658 200
2659 200
2660 200
2661 200
2662 200
2663 200
2664 200
2665 200
2666 200
2667 200
2668 200
2669 200
2670 200
2671 200
2672 200
2673 200
2674 200
2675 200
2676 200
2677 200
2678 200
2679 200
2680 200
2681 200
2682 200
2683 200
2684 200
2685 200
2686 200
2687 200
2688 200
2689 200
2690 200
2691 200
2692 200
2693 200
2694 200
2695 200
2696 200
2697 200
2698 200
2699 200
2700 200
2701 200
2702 200
2703 200
2704 200
2705 200
2706 200
2707 200
2708 200
2709 200
2710 200
2711 200
2712 200
2713 200
2714 200
2715 200
2716 200
2717 200
2718 200
2719 200
2720 200
2721 200
2722 200
2723 200
2724 200
2725 200
2726 200
2727 200
2728 200
2729 200
2730 200
2731 200
2732 200
2733 200
2734 200
2735 200
2736 200
2737 200
2738 200
2739 200
2740 200
2741 200
2742 200
2743 200
2744 200
2745 200
2746 200
2747 200
2748 200
2749 200
2750 200
2751 200
2752 200
2753 200
2754 200
2755 200
2756 200
2757 200
2758 200
2759 200
2760 200
2761 200
2762 200
2763 200
2764 200
2765 200
2766 200
2767 200
2768 200
2769 200
2770 200
2771 200
2772 200
2773 200
2774 200
2775 200
2776 200
2777 200
2778 200
2779 200
2780 200
2781 200
2782 200
2783 200
2784 200
2785 200
2786 200
2787 200
2788 200
2789 200
2790 200
2791 200
2792 200
2793 200
2794 200
2795 200
2796 200
2797 200
2798 200
2799 200
2800 200
2801 200
2802 200
2803 200
2804 200
2805 200
2806 200
2807 200
2808 200
2809 200
2810 200
2811 200
2812 200
2813 200
2814 200
2815 200
2816 200
2817 200
2818 200
2819 200
2820 200
2821 200
2822 200
2823 200
2824 200
2825 200
2826 200
2827 200
2828 200
2829 200
2830 200
2831 200
2832 200
2833 200
2834 200
2835 200
2836 200
2837 200
2838 200
2839 200
2840 200
2841 200
2842 200
2843 200
2844 200
2845 200
2846 200
2847 200
2848 200
2849 200
2850 200
2851 200
2852 200
2853 200
2854 200
2855 200
2856 200
2857 200
2858 200
2859 200
2860 200
2861 200
2862 200
2863 200
2864 200
2865 200
2866 200
2867 200
2868 200
2869 200
2870 200
2871 200
2872 200
2873 200
2874 200
2875 200
2876 200
2877 200
2878 200
2879 200
2880 200
2881 200
2882 200
2883 200
2884 200
2885 200
2886 200
2887 200
2888 200
2889 200
2890 200
2891 200
2892 200
2893 200
2894 200
2895 200
2896 200
2897 200
2898 200
2899 200
2900 200
2901 200
2902 200
2903 200
2904 200
2905 200
2906 200
2907 200
2908 200
2909 200
2910 200
2911 200
2912 200
2913 200
2914 200
2915 200
2916 200
2917 200
2918 200
2919 200
2920 200
2921 200
2922 200
2923 200
2924 200
2925 200
2926 200
2927 200
2928 200
2929 200
2930 200
2931 200
2932 200
2933 200
2934 200
2935 200
2936 200
2937 200
2938 200
2939 200
2940 200
2941 200
2942 200
2943 200
2944 200
2945 200
2946 200
2947 200
2948 200
2949 200
2950 200
2951 200
2952 200
2953 200
2954 200
2955 200
2956 200
2957 200
2958 200
2959 200
2960 200
2961 200
2962 200
2963 200
2964 200
2965 200
2966 200
2967 200
2968 200
2969 200
2970 200
2971 200
2972 200
2973 200
2974 200
2975 200
2976 200
2977 200
2978 200
2979 200
2980 200
2981 200
2982 200
2983 200
2984 200
2985 200
2986 200
2987 200
2988 200
2989 200
2990 200
2991 200
2992 200
2993 200
2994 200
2995 200
2996 200
2997 200
2998 200
2999 200
3000 200
3001 200
3002 200
3003 200
3004 200
3005 200
3006 200
3007 200
3008 200
3009 200
3010 200
3011 200
3012 200
3013 200
3014 200
3015 200
3016 200
3017 200
3018 200
3019 200
3020 200
3021 200
3022 200
3023 200
3024 200
3025 200
3026 200
3027 200
3028 200
3029 200
3030 200
3031 200
3032 200
3033 200
3034 200
3035 200
3036 200
3037 200
3038 200
3039 200
3040 200
3041 200
3042 200
3043 200
3044 200
3045 200
3046 200
3047 200
3048 200
3049 200
3050 200
3051 200
3052 200
3053 200
3054 200
3055 200
3056 200
3057 200
3058 200
3059 200
3060 200
3061 200
3062 200
3063 200
3064 200
3065 200
3066 200
3067 200
3068 200
3069 200
3070 200
3071 200
3072 200
3073 200
3074 200
3075 200
3076 200
3077 200
3078 200
3079 200
3080 200
3081 200
3082 200
3083 200
3084 200
3085 200
3086 200
3087 200
3088 200
3089 200
3090 200
3091 200
3092 200
3093 200
3094 200
3095 200
3096 200
3097 200
3098 200
3099 200
3100 200
3101 200
3102 200
3103 200
3104 200
3105 200
3106 200
3107 200
3108 200
3109 200
3110 200
3111 200
3112 200
3113 200
3114 200
3115 200
3116 200
3117 200
3118 200
3119 200
3120 200
3121 200
3122 200
3123 200
3124 200
3125 200
3126 200
3127 200
3128 200
3129 200
3130 200
3131 200
3132 200
3133 200
3134 200
3135 200
3136 200
3137 200
3138 200
3139 200
3140 200
3141 200
3142 200
3143 200
3144 200
3145 200
3146 200
3147 200
3148 200
3149 200
3150 200
3151 200
3152 200
3153 200
3154 200
3155 200
3156 200
3157 200
3158 200
3159 200
3160 200
3161 200
3162 200
3163 200
3164 200
3165 200
3166 200
3167 200
3168 200
3169 200
3170 200
3171 200
3172 200
3173 200
3174 200
3175 200
3176 200
3177 200
3178 200
3179 200
3180 200
3181 200
3182 200
3183 200
3184 200
3185 200
3186 200
3187 200
3188 200
3189 200
3190 200
3191 200
3192 200
3193 200
3194 200
3195 200
3196 200
3197 200
3198 200
3199 200
3200 200
3201 200
3202 200
3203 200
3204 200
3205 200
3206 200
3207 200
3208 200
3209 200
3210 200
3211 200
3212 200
3213 200
3214 200
3215 200
3216 200
3217 200
3218 200
3219 200
3220 200
3221 200
3222 200
3223 200
3224 200
3225 200
3226 200
3227 200
3228 200
3229 200
3230 200
3231 200
3232 200
3233 200
3234 200
3235 200
3236 200
3237 200
3238 200
3239 200
3240 200
3241 200
3242 200
3243 200
3244 200
3245 200
3246 200
3247 200
3248 200
3249 200
3250 200
3251 200
3252 200
3253 200
3254 200
3255 200
3256 200
3257 200
3258 200
3259 200
3260 200
3261 200
3262 200
3263 200
3264 200
3265 200
3266 200
3267 200
3268 200
3269 200
3270 200
3271 200
3272 200
3273 200
3274 200
3275 200
3276 200
3277 200
3278 200
3279 200
3280 200
3281 200
3282 200
3283 200
3284 200
3285 200
3286 200
3287 200
3288 200
3289 200
3290 200
3291 200
3292 200
3293 200
3294 200
3295 200
3296 200
3297 200
3298 200
3299 200
3300 200
3301 200
3302 200
3303 200
3304 200
3305 200
3306 200
3307 200
3308 200
3309 200
3310 200
3311 200
3312 200
3313 200
3314 200
3315 200
3316 200
3317 200
3318 200
3319 200
3320 200
3321 200
3322 200
3323 200
3324 200
3325 200
3326 200
3327 200
3328 200
3329 200
3330 200
3331 200
3332 200
3333 200
3334 200
3335 200
3336 200
3337 200
3338 200
3339 200
3340 200
3341 200
3342 200
3343 200
3344 200
3345 200
3346 200
3347 200
3348 200
3349 200
3350 200
3351 200
3352 200
3353 200
3354 200
3355 200
3356 200
3357 200
3358 200
3359 200
3360 200
3361 200
3362 200
3363 200
3364 200
3365 200
3366 200
3367 200
3368 200
3369 200
3370 200
3371 200
3372 200
3373 200
3374 200
3375 200
3376 200
3377 200
3378 200
3379 200
3380 200
3381 200
3382 200
3383 200
3384 200
3385 200
3386 200
3387 200
3388 200
3389 200
3390 200
3391 200
3392 200
3393 200
3394 200
3395 200
3396 200
3397 200
3398 200
3399 200
3400 200
3401 200
3402 200
3403 200
3404 200
3405 200
3406 200
3407 200
3408 200
3409 200
3410 200
3411 200
3412 200
3413 200
3414 200
3415 200
3416 200
3417 200
3418 200
3419 200
3420 200
3421 200
3422 200
3423 200
3424 200
3425 200
3426 200
3427 200
3428 200
3429 200
3430 200
3431 200
3432 200
3433 200
3434 200
3435 200
3436 200
3437 200
3438 200
3439 200
3440 200
3441 200
3442 200
3443 200
3444 200
3445 200
3446 200
3447 200
3448 200
3449 200
3450 200
3451 200
3452 200
3453 200
3454 200
3455 200
3456 200
3457 200
3458 200
3459 200
3460 200
3461 200
3462 200
3463 200
3464 200
3465 200
3466 200
3467 200
3468 200
3469 200
3470 200
3471 200
3472 200
3473 200
3474 200
3475 200
3476 200
3477 200
3478 200
3479 200
3480 200
3481 200
3482 200
3483 200
3484 200
3485 200
3486 200
3487 200
3488 200
3489 200
3490 200
3491 200
3492 200
3493 200
3494 200
3495 200
3496 200
3497 200
3498 200
3499 200
3500 200
3501 200
3502 200
3503 200
3504 200
3505 200
3506 200
3507 200
3508 200
3509 200
3510 200
3511 200
3512 200
3513 200
3514 200
3515 200
3516 200
3517 200
3518 200
3519 200
3520 200
3521 200
3522 200
3523 200
3524 200
3525 200
3526 200
3527 200
3528 200
3529 200
3530 200
3531 200
3532 200
3533 200
3534 200
3535 200
3536 200
3537 200
3538 200
3539 200
3540 200
3541 200
3542 200
3543 200
3544 200
3545 200
3546 200
3547 200
3548 200
3549 200
3550 200
3551 200
3552 200
3553 200
3554 200
3555 200
3556 200
3557 200
3558 200
3559 200
3560 200
3561 200
3562 200
3563 200
3564 200
3565 200
3566 200
3567 200
3568 200
3569 200
3570 200
3571 200
3572 200
3573 200
3574 200
3575 200
3576 200
3577 200
3578 200
3579 200
3580 200
3581 200
3582 200
3583 200
3584 200
3585 200
3586 200
3587 200
3588 200
3589 200
3590 200
3591 200
3592 200
3593 200
3594 200
3595 200
3596 200
3597 200
3598 200
3599 200
3600 200
3601 200
3602 200
3603 200
3604 200
3605 200
3606 200
3607 200
3608 200
3609 200
3610 200
3611 200
3612 200
3613 200
3614 200
3615 200
3616 200
3617 200
3618 200
3619 200
3620 200
3621 200
3622 200
3623 200
3624 200
3625 200
3626 200
3627 200
3628 200
3629 200
3630 200
3631 200
3632 200
3633 200
3634 200
3635 200
3636 200
3637 200
3638 200
3639 200
3640 200
3641 200
3642 200
3643 200
3644 200
3645 200
3646 200
3647 200
3648 200
3649 200
3650 200
3651 200
3652 200
3653 200
3654 200
3655 200
3656 200
3657 200
3658 200
3659 200
3660 200
3661 200
3662 200
3663 200
3664 200
3665 200
3666 200
3667 200
3668 200
3669 200
3670 200
3671 200
3672 200
3673 200
3674 200
3675 200
3676 200
3677 200
3678 200
3679 200
3680 200
3681 200
3682 200
3683 200
3684 200
3685 200
3686 200
3687 200
3688 200
3689 200
3690 200
3691 200
3692 200
3693 200
3694 200
3695 200
3696 200
3697 200
3698 200
3699 200
3700 200
3701 200
3702 200
3703 200
3704 200
3705 200
3706 200
3707 200
3708 200
3709 200
3710 200
3711 200
3712 200
3713 200
3714 200
3715 200
3716 200
3717 200
3718 200
3719 200
3720 200
3721 200
3722 200
3723 200
3724 200
3725 200
3726 200
3727 200
3728 200
3729 200
3730 200
3731 200
3732 200
3733 200
3734 200
3735 200
3736 200
3737 200
3738 200
3739 200
3740 200
3741 200
3742 200
3743 200
3744 200
3745 200
3746 200
3747 200
3748 200
3749 200
3750 200
3751 200
3752 200
3753 200
3754 200
3755 200
3756 200
3757 200
3758 200
3759 200
3760 200
3761 200
3762 200
3763 200
3764 200
3765 200
3766 200
3767 200
3768 200
3769 200
3770 200
3771 200
3772 200
3773 200
3774 200
3775 200
3776 200
3777 200
3778 200
3779 200
3780 200
3781 200
3782 200
3783 200
3784 200
3785 200
3786 200
3787 200
3788 200
3789 200
3790 200
3791 200
3792 200
3793 200
3794 200
3795 200
3796 200
3797 200
3798 200
3799 200
3800 200
3801 200
3802 200
3803 200
3804 200
3805 200
3806 200
3807 200
3808 200
3809 200
3810 200
3811 200
3812 200
3813 200
3814 200
3815 200
3816 200
3817 200
3818 200
3819 200
3820 200
3821 200
3822 200
3823 200
3824 200
3825 200
3826 200
3827 200
3828 200
3829 200
3830 200
3831 200
3832 200
3833 200
3834 200
3835 200
3836 200
3837 200
3838 200
3839 200
3840 200
3841 200
3842 200
3843 200
3844 200
3845 200
3846 200
3847 200
3848 200
3849 200
3850 200
3851 200
3852 200
3853 200
3854 200
3855 200
3856 200
3857 200
3858 200
3859 200
3860 200
3861 200
3862 200
3863 200
3864 200
3865 200
3866 200
3867 200
3868 200
3869 200
3870 200
3871 200
3872 200
3873 200
3874 200
3875 200
3876 200
3877 200
3878 200
3879 200
3880 200
3881 200
3882 200
3883 200
3884 200
3885 200
3886 200
3887 200
3888 200
3889 200
3890 200
3891 200
3892 200
3893 200
3894 200
3895 200
3896 200
3897 200
3898 200
3899 200
3900 200
3901 200
3902 200
3903 200
3904 200
3905 200
3906 200
3907 200
3908 200
3909 200
3910 200
3911 200
3912 200
3913 200
3914 200
3915 200
3916 200
3917 200
3918 200
3919 200
3920 200
3921 200
3922 200
3923 200
3924 200
3925 200
3926 200
3927 200
3928 200
3929 200
3930 200
3931 200
3932 200
3933 200
3934 200
3935 200
3936 200
3937 200
3938 200
3939 200
3940 200
3941 200
3942 200
3943 200
3944 200
3945 200
3946 200
3947 200
3948 200
3949 200
3950 200
3951 200
3952 200
3953 200
3954 200
3955 200
3956 200
3957 200
3958 200
3959 200
3960 200
3961 200
3962 200
3963 200
3964 200
3965 200
3966 200
3967 200
3968 200
3969 200
3970 200
3971 200
3972 200
3973 200
3974 200
3975 200
3976 200
3977 200
3978 200
3979 200
3980 200
3981 200
3982 200
3983 200
3984 200
3985 200
3986 200
3987 200
3988 200
3989 200
3990 200
3991 200
3992 200
3993 200
3994 200
3995 200
3996 200
3997 200
3998 200
3999 200
4000 200
4001 200
4002 200
4003 200
4004 200
4005 200
4006 200
4007 200
4008 200
4009 200
4010 200
4011 200
4012 200
4013 200
4014 200
4015 200
4016 200
4017 200
4018 200
4019 200
4020 200
4021 200
4022 200
4023 200
4024 200
4025 200
4026 200
4027 200
4028 200
4029 200
4030 200
4031 200
4032 200
4033 200
4034 200
4035 200
4036 200
4037 200
4038 200
4039 200
4040 200
4041 200
4042 200
4043 200
4044 200
4045 200
4046 200
4047 200
4048 200
4049 200
4050 200
4051 200
4052 200
4053 200
4054 200
4055 200
4056 200
4057 200
4058 200
4059 200
4060 200
4061 200
4062 200
4063 200
4064 200
4065 200
4066 200
4067 200
4068 200
4069 200
4070 200
4071 200
4072 200
4073 200
4074 200
4075 200
4076 200
4077 200
4078 200
4079 200
4080 200
4081 200
4082 200
4083 200
4084 200
4085 200
4086 200
4087 200
4088 200
4089 200
4090 200
4091 200
4092 200
4093 200
4094 200
4095 200
4096 200
4097 200
4098 200
4099 200
4100 200
4101 200
4102 200
4103 200
4104 200
4105 200
4106 200
4107 200
4108 200
4109 200
4110 200
4111 200
4112 200
4113 200
4114 200
4115 200
4116 200
4117 200
4118 200
4119 200
4120 200
4121 200
4122 200
4123 200
4124 200
4125 200
4126 200
4127 200
4128 200
4129 200
4130 200
4131 200
4132 200
4133 200
4134 200
4135 200
4136 200
4137 200
4138 200
4139 200
4140 200
4141 200
4142 200
4143 200
4144 200
4145 200
4146 200
4147 200
4148 200
4149 200
4150 200
4151 200
4152 200
4153 200
4154 200
4155 200
4156 200
4157 200
4158 200
4159 200
4160 200
4161 200
4162 200
4163 200
4164 200
4165 200
4166 200
4167 200
4168 200
4169 200
4170 200
4171 200
4172 200
4173 200
4174 200
4175 200
4176 200
4177 200
4178 200
4179 200
4180 200
4181 200
4182 200
4183 200
4184 200
4185 200
4186 200
4187 200
4188 200
4189 200
4190 200
4191 200
4192 200
4193 200
4194 200
4195 200
4196 200
4197 200
4198 200
4199 200
4200 200
4201 200
4202 200
4203 200
4204 200
4205 200
4206 200
4207 200
4208 200
4209 200
4210 200
4211 200
4212 200
4213 200
4214 200
4215 200
4216 200
4217 200
4218 200
4219 200
4220 200
4221 200
4222 200
4223 200
4224 200
4225 200
4226 200
4227 200
4228 200
4229 200
4230 200
4231 200
4232 200
4233 200
4234 200
4235 200
4236 200
4237 200
4238 200
4239 200
4240 200
4241 200
4242 200
4243 200
4244 200
4245 200
4246 200
4247 200
4248 200
4249 200
4250 200
4251 200
4252 200
4253 200
4254 200
4255 200
4256 200
4257 200
4258 200
4259 200
4260 200
4261 200
4262 200
4263 200
4264 200
4265 200
4266 200
4267 200
4268 200
4269 200
4270 200
4271 200
4272 200
4273 200
4274 200
4275 200
4276 200
4277 200
4278 200
4279 200
4280 200
4281 200
4282 200
4283 200
4284 200
4285 200
4286 200
4287 200
4288 200
4289 200
4290 200
4291 200
4292 200
4293 200
4294 200
4295 200
4296 200
4297 200
4298 200
4299 200
4300 200
4301 200
4302 200
4303 200
4304 200
4305 200
4306 200
4307 200
4308 200
4309 200
4310 200
4311 200
4312 200
4313 200
4314 200
4315 200
4316 200
4317 200
4318 200
4319 200
4320 200
4321 200
4322 200
4323 200
4324 200
4325 200
4326 200
4327 200
4328 200
4329 200
4330 200
4331 200
4332 200
4333 200
4334 200
4335 200
4336 200
4337 200
4338 200
4339 200
4340 200
4341 200
4342 200
4343 200
4344 200
4345 200
4346 200
4347 200
4348 200
4349 200
4350 200
4351 200
4352 200
4353 200
4354 200
4355 200
4356 200
4357 200
4358 200
4359 200
4360 200
4361 200
4362 200
4363 200
4364 200
4365 200
4366 200
4367 200
4368 200
4369 200
4370 200
4371 200
4372 200
4373 200
4374 200
4375 200
4376 404
4377 200
4378 200
4379 200
4380 200
4381 -1
4382 -1
4383 -1
4384 -1
4385 -1
4386 -1
4387 -1
4388 -1
4389 -1
4390 -1
4391 -1
4392 -1
4393 -1
4394 -1
4395 -1
4396 -1
4397 -1
4398 -1
4399 -1
4400 -1
4401 -1
4402 -1
4403 -1
4404 -1
4405 -1
4406 -1
4407 -1
4408 -1
4409 -1
4410 -1
4411 -1
4412 -1
4413 -1
4414 -1
4415 -1
4416 -1
4417 -1
4418 -1
4419 -1
4420 -1
4421 -1
4422 -1
4423 -1
4424 -1
4425 -1
4426 -1
4427 -1
4428 -1
4429 -1
4430 -1
4431 -1
4432 -1
4433 -1
4434 -1
4435 -1
4436 -1
4437 -1
4438 200
4439 200
4440 200
4441 200
4442 200
4443 200
4444 200
4445 200
4446 200
4447 200
4448 200
4449 200
4450 200
4451 200
4452 200
4453 200
4454 200
4455 200
4456 200
4457 200
4458 200
4459 200
4460 200
4461 200
4462 200
4463 200
4464 200
4465 200
4466 200
4467 200
4468 200
4469 404
4470 200
4471 200
4472 200
4473 200
4474 200
4475 200
4476 200
4477 200
4478 200
4479 200
4480 200
4481 200
4482 200
4483 200
4484 200
4485 200
4486 200
4487 200
4488 200
4489 200
4490 200
4491 200
4492 200
4493 200
4494 200
4495 200
4496 200
4497 200
4498 200
4499 200
4500 200
4501 200
4502 200
4503 200
4504 200
4505 200
4506 200
4507 200
4508 200
4509 200
4510 200
4511 200
4512 200
4513 200
4514 200
4515 200
4516 200
4517 200
4518 200
4519 200
4520 200
4521 200
4522 200
4523 200
4524 200
4525 200
4526 200
4527 200
4528 200
4529 200
4530 200
4531 200
4532 200
4533 200
4534 200
4535 200
4536 200
4537 200
4538 200
4539 404
4540 200
4541 200
4542 200
4543 200
4544 200
4545 200
4546 200
4547 200
4548 200
4549 200
4550 200
4551 200
4552 200
4553 200
4554 200
4555 200
4556 200
4557 200
4558 200
4559 200
4560 200
4561 200
4562 200
4563 200
4564 200
4565 200
4566 200
4567 200
4568 200
4569 200
4570 200
4571 200
4572 200
4573 200
4574 200
4575 200
4576 200
4577 200
4578 200
4579 200
4580 200
4581 200
4582 200
4583 200
4584 200
4585 200
4586 200
4587 200
4588 200
4589 200
4590 200
4591 200
4592 200
4593 200
4594 200
4595 200
4596 200
4597 200
4598 200
4599 200
4600 200
4601 200
4602 200
4603 200
4604 200
4605 200
4606 200
4607 200
4608 200
4609 200
4610 200
4611 200
4612 200
4613 200
4614 200
4615 200
4616 200
4617 200
4618 200
4619 200
4620 200
4621 200
4622 200
4623 200
4624 200
4625 200
4626 200
4627 200
4628 200
4629 200
4630 200
4631 200
4632 200
4633 200
4634 200
4635 200
4636 200
4637 200
4638 200
4639 200
4640 200
4641 200
4642 200
4643 200
4644 200
4645 200
4646 200
4647 200
4648 200
4649 200
4650 200
4651 200
4652 200
4653 200
4654 200
4655 200
4656 200
4657 200
4658 200
4659 200
4660 200
4661 200
4662 200
4663 200
4664 200
4665 200
4666 200
4667 200
4668 200
4669 200
4670 200
4671 200
4672 200
4673 200
4674 200
4675 200
4676 200
4677 200
4678 200
4679 200
4680 200
4681 200
4682 200
4683 200
4684 200
4685 200
4686 200
4687 200
4688 200
4689 200
4690 200
4691 200
4692 200
4693 200
4694 200
4695 404
4696 200
4697 200
4698 200
4699 200
4700 200
4701 200
4702 200
4703 200
4704 200
4705 200
4706 200
4707 200
4708 200
4709 200
4710 200
4711 200
4712 200
4713 200
4714 200
4715 200
4716 200
4717 200
4718 200
4719 200
4720 200
4721 200
4722 200
4723 200
4724 200
4725 200
4726 200
4727 200
4728 200
4729 200
4730 200
4731 200
4732 200
4733 200
4734 200
4735 200
4736 200
4737 200
4738 200
4739 200
4740 200
4741 200
4742 200
4743 200
4744 200
4745 200
4746 200
4747 200
4748 200
4749 200
4750 200
4751 200
4752 200
4753 200
4754 200
4755 200
4756 200
4757 200
4758 200
4759 200
4760 200
4761 200
4762 200
4763 200
4764 200
4765 200
4766 200
4767 200
4768 200
4769 200
4770 200
4771 200
4772 200
4773 200
4774 200
4775 200
4776 200
4777 200
4778 200
4779 200
4780 200
4781 200
4782 200
4783 200
4784 200
4785 200
4786 200
4787 200
4788 200
4789 200
4790 200
4791 200
4792 200
4793 200
4794 200
4795 200
4796 200
4797 200
4798 200
4799 200
4800 200
4801 200
4802 200
4803 200
4804 200
4805 200
4806 200
4807 200
4808 200
4809 200
4810 200
4811 200
4812 200
4813 200
4814 200
4815 200
4816 200
4817 200
4818 200
4819 200
4820 200
4821 200
4822 200
4823 200
4824 200
4825 200
4826 200
4827 200
4828 200
4829 200
4830 200
4831 200
4832 200
4833 200
4834 200
4835 200
4836 200
4837 200
4838 200
4839 404
4840 404
4841 404
4842 404
4843 404
4844 200
4845 404
4846 200
4847 404
4848 404
4849 200
4850 200
4851 200
4852 404
4853 404
4854 404
4855 404
4856 200
4857 404
4858 404
4859 404
4860 200
4861 404
4862 404
4863 200
4864 404
4865 404
4866 404
4867 200
4868 404
4869 200
4870 200
4871 200
4872 404
4873 404
4874 404
4875 200
4876 404
4877 404
4878 404
4879 404
4880 200
4881 200
4882 404
4883 404
4884 404
4885 200
4886 404
4887 404
4888 404
4889 404
4890 404
4891 200
4892 404
4893 200
4894 404
4895 404
4896 404
4897 404
4898 404
4899 200
4900 404
4901 200
4902 404
4903 404
4904 404
4905 200
4906 404
4907 404
4908 200
4909 404
4910 404
4911 404
4912 404
4913 404
4914 404
4915 404
4916 200
4917 200
4918 404
4919 404
4920 404
4921 404
4922 200
4923 404
4924 200
4925 404
4926 404
4927 404
4928 404
4929 404
4930 200
4931 404
4932 404
4933 200
4934 404
4935 404
4936 404
4937 404
4938 200
4939 404
4940 404
4941 404
4942 404
4943 404
4944 404
4945 404
4946 404
4947 200
4948 200
4949 200
4950 200
4951 404
4952 404
4953 404
4954 404
4955 200
4956 404
4957 404
4958 200
4959 404
4960 404
4961 404
4962 404
4963 200
4964 404
4965 404
4966 404
4967 404
4968 404
4969 200
4970 404
4971 200
4972 200
4973 200
4974 200
4975 200
4976 200
4977 200
4978 200
4979 200
4980 200
4981 200
4982 200
4983 200
4984 200
4985 200
4986 200
4987 200
4988 200
4989 404
4990 200
4991 404
4992 404
4993 404
4994 404
4995 404
4996 404
4997 404
4998 200
4999 200
5000 404
5001 404
5002 404
5003 200
5004 200
5005 200
5006 200
5007 200
5008 200
5009 200
5010 200
5011 200
5012 200
5013 200
5014 200
5015 200
5016 200
5017 200
5018 200
5019 200
5020 200
5021 200
5022 404
5023 200
5024 200
5025 200
5026 200
5027 200
5028 200
5029 200
5030 200
5031 200
5032 200
5033 200
5034 404
5035 200
5036 200
5037 200
5038 200
5039 200
5040 200
5041 404
5042 200
5043 200
5044 200
5045 200
5046 200
5047 200
5048 200
5049 404
5050 200
5051 200
5052 200
5053 200
5054 200
5055 200
5056 200
5057 200
5058 200
5059 200
5060 200
5061 200
5062 200
5063 200
5064 200
5065 200
5066 200
5067 200
5068 200
5069 200
5070 200
5071 200
5072 200
5073 200
5074 200
5075 200
5076 200
5077 200
5078 200
5079 200
5080 200
5081 200
5082 200
5083 200
5084 200
5085 404
5086 200
5087 200
5088 404
5089 200
5090 200
5091 200
5092 200
5093 200
5094 404
5095 200
5096 200
5097 200
5098 404
5099 200
5100 200
5101 404
5102 200
5103 200
5104 200
5105 200
5106 200
5107 200
5108 200
5109 200
5110 200
5111 200
5112 200
5113 200
5114 200
5115 200
5116 200
5117 200
5118 200
5119 200
5120 200
5121 200
5122 200
5123 200
5124 200
5125 200
5126 200
5127 200
5128 200
5129 200
5130 200
5131 200
5132 200
5133 200
5134 200
5135 200
5136 404
5137 404
5138 200
5139 200
5140 200
5141 200
5142 200
5143 200
5144 200
5145 200
5146 200
5147 200
5148 200
5149 200
5150 200
5151 200
5152 200
5153 200
5154 200
5155 200
5156 200
5157 200
5158 200
5159 200
5160 200
5161 200
5162 200
5163 200
5164 200
5165 200
5166 200
5167 200
5168 200
5169 200
5170 200
5171 200
5172 200
5173 200
5174 200
5175 200
5176 200
5177 200
5178 200
5179 200
5180 200
5181 200
5182 200
5183 200
5184 200
5185 200
5186 200
5187 200
5188 200
5189 200
5190 200
5191 200
5192 200
5193 200
5194 200
5195 200
5196 200
5197 200
5198 200
5199 200
5200 200
5201 200
5202 200
5203 200
5204 200
5205 200
5206 200
5207 200
5208 200
5209 200
5210 200
5211 200
5212 404
5213 200
5214 200
5215 200
5216 200
5217 200
5218 200
5219 200
5220 200
5221 200
5222 200
5223 200
5224 200
5225 200
5226 200
5227 200
5228 200
5229 200
5230 200
5231 200
5232 200
5233 200
5234 200
5235 200
5236 200
5237 200
5238 200
5239 200
5240 200
5241 200
5242 200
5243 200
5244 200
5245 200
5246 404
5247 404
5248 404
5249 404
5250 404
5251 404
5252 404
5253 404
5254 404
5255 404
5256 404
5257 404
5258 404
5259 404
5260 404
5261 404
5262 404
5263 404
5264 404
5265 404
5266 404
5267 404
5268 404
5269 404
5270 404
5271 404
5272 404
5273 404
5274 404
5275 404
5276 404
5277 404
5278 404
5279 404
5280 404
5281 404
5282 404
5283 404
5284 404
5285 404
5286 404
5287 404
5288 404
5289 404
5290 404
5291 404
5292 404
5293 404
5294 404
5295 404
5296 404
5297 404
5298 404
5299 404
5300 404
5301 404
5302 404
5303 404
5304 404
5305 404
5306 404
5307 404
5308 404
5309 404
5310 404
5311 404
5312 404
5313 404
5314 404
5315 404
5316 404
5317 404
5318 404
5319 404
5320 404
5321 404
5322 404
5323 404
5324 404
5325 404
5326 404
5327 404
5328 404
5329 404
5330 404
5331 404
5332 404
5333 404
5334 404
5335 404
5336 404
5337 404
5338 404
5339 404
5340 404
5341 404
5342 404
5343 404
5344 404
5345 404
5346 404
5347 404
5348 404
5349 404
5350 404
5351 200
5352 404
5353 404
5354 404
5355 404
5356 404
5357 404
5358 404
5359 404
5360 404
5361 404
5362 404
5363 404
5364 200
5365 404
5366 404
5367 404
5368 200
5369 200
5370 200
5371 200
5372 200
5373 200
5374 200
5375 200
5376 200
5377 200
5378 200
5379 200
5380 200
5381 200
5382 200
5383 200
5384 200
5385 200
5386 200
5387 200
5388 200
5389 200
5390 200
5391 200
5392 200
5393 200
5394 200
5395 200
5396 200
5397 200
5398 200
5399 200
5400 200
5401 200
5402 200
5403 200
5404 200
5405 200
5406 200
5407 200
5408 200
5409 200
5410 200
5411 200
5412 200
5413 200
5414 200
5415 200
5416 200
5417 200
5418 200
5419 200
5420 200
5421 200
5422 200
5423 200
5424 200
5425 200
5426 200
5427 200
5428 200
5429 200
5430 200
5431 200
5432 200
5433 200
5434 200
5435 200
5436 200
5437 200
5438 200
5439 200
5440 200
5441 200
5442 200
5443 200
5444 200
5445 200
5446 200
5447 200
5448 200
5449 200
5450 200
5451 200
5452 200
5453 200
5454 200
5455 200
5456 200
5457 200
5458 200
5459 200
5460 200
5461 200
5462 200
5463 200
5464 200
5465 200
5466 200
5467 200
5468 200
5469 200
5470 200
5471 200
5472 200
5473 200
5474 200
5475 200
5476 200
5477 200
5478 200
5479 200
5480 200
5481 200
5482 200
5483 200
5484 200
5485 200
5486 200
5487 200
5488 200
5489 200
5490 200
5491 200
5492 200
5493 200
5494 200
5495 200
5496 200
5497 200
5498 200
5499 200
5500 200
5501 200
5502 200
5503 200
5504 200
5505 200
5506 200
5507 200
5508 200
5509 200
5510 200
5511 200
5512 200
5513 200
5514 200
5515 200
5516 200
5517 200
5518 200
5519 200
5520 200
5521 200
5522 200
5523 200
5524 200
5525 200
5526 200
5527 200
5528 200
5529 200
5530 200
5531 200
5532 200
5533 200
5534 200
5535 200
5536 200
5537 200
5538 200
5539 200
5540 200
5541 200
5542 200
5543 200
5544 200
5545 200
5546 200
5547 200
5548 200
5549 200
5550 200
5551 200
5552 200
5553 200
5554 200
5555 200
5556 200
5557 200
5558 200
5559 200
5560 200
5561 200
5562 200
5563 200
5564 200
5565 200
5566 200
5567 200
5568 200
5569 200
5570 200
5571 200
5572 200
5573 200
5574 200
5575 200
5576 200
5577 200
5578 200
5579 200
5580 200
5581 200
5582 200
5583 200
5584 200
5585 200
5586 200
5587 200
5588 200
5589 200
5590 200
5591 200
5592 200
5593 200
5594 200
5595 200
5596 200
5597 200
5598 200
5599 200
5600 200
5601 200
5602 200
5603 200
5604 200
5605 200
5606 200
5607 200
5608 200
5609 200
5610 200
5611 200
5612 200
5613 200
5614 200
5615 200
5616 200
5617 200
5618 200
5619 200
5620 200
5621 200
5622 200
5623 200
5624 200
5625 200
5626 200
5627 200
5628 200
5629 200
5630 200
5631 200
5632 200
5633 200
5634 200
5635 200
5636 200
5637 200
5638 200
5639 200
5640 200
5641 200
5642 200
5643 200
5644 200
5645 200
5646 200
5647 200
5648 200
5649 200
5650 200
5651 200
5652 200
5653 200
5654 200
5655 200
5656 200
5657 200
5658 200
5659 200
5660 200
5661 200
5662 200
5663 200
5664 200
5665 200
5666 200
5667 200
5668 200
5669 200
5670 200
5671 200
5672 200
5673 200
5674 200
5675 200
5676 200
5677 200
5678 200
5679 200
5680 200
5681 200
5682 200
5683 200
5684 200
5685 200
5686 200
5687 200
5688 200
5689 200
5690 200
5691 200
5692 200
5693 200
5694 200
5695 200
5696 200
5697 200
5698 200
5699 200
5700 200
5701 200
5702 200
5703 200
5704 200
5705 200
5706 200
5707 200
5708 200
5709 200
5710 200
5711 200
5712 200
5713 200
5714 200
5715 200
5716 200
5717 200
5718 200
5719 200
5720 200
5721 200
5722 200
5723 200
5724 200
5725 200
5726 200
5727 200
5728 200
5729 200
5730 200
5731 200
5732 200
5733 200
5734 200
5735 200
5736 200
5737 200
5738 200
5739 200
5740 200
5741 200
5742 200
5743 200
5744 200
5745 200
5746 200
5747 200
5748 200
5749 200
5750 200
5751 200
5752 200
5753 200
5754 200
5755 200
5756 200
5757 200
5758 200
5759 200
5760 200
5761 200
5762 200
5763 200
5764 200
5765 200
5766 200
5767 200
5768 200
5769 200
5770 200
5771 200
5772 200
5773 200
5774 200
5775 200
5776 200
5777 200
5778 200
5779 200
5780 200
5781 200
5782 200
5783 200
5784 200
5785 200
5786 200
5787 200
5788 200
5789 200
5790 200
5791 200
5792 200
5793 200
5794 200
5795 200
5796 200
5797 200
5798 200
5799 200
5800 200
5801 200
5802 200
5803 200
5804 200
5805 200
5806 200
5807 200
5808 200
5809 200
5810 200
5811 200
5812 200
5813 200
5814 200
5815 200
5816 200
5817 200
5818 200
5819 200
5820 200
5821 200
5822 200
5823 200
5824 200
5825 200
5826 200
5827 200
5828 200
5829 200
5830 200
5831 200
5832 200
5833 200
5834 200
5835 200
5836 200
5837 200
5838 200
5839 200
5840 200
5841 200
5842 200
5843 200
5844 200
5845 200
5846 200
5847 200
5848 200
5849 200
5850 200
5851 200
5852 200
5853 200
5854 200
5855 200
5856 200
5857 200
5858 200
5859 200
5860 200
5861 200
5862 200
5863 200
5864 200
5865 200
5866 200
5867 200
5868 200
5869 200
5870 200
5871 200
5872 200
5873 200
5874 200
5875 200
5876 200
5877 200
5878 200
5879 200
5880 200
5881 200
5882 200
5883 200
5884 200
5885 200
5886 200
5887 200
5888 200
5889 200
5890 200
5891 200
5892 200
5893 200
5894 200
5895 200
5896 200
5897 200
5898 200
5899 200
5900 200
5901 200
5902 200
5903 200
5904 200
5905 200
5906 200
5907 200
5908 200
5909 200
5910 200
5911 200
5912 200
5913 200
5914 200
5915 200
5916 200
5917 200
5918 200
5919 200
5920 200
5921 200
5922 200
5923 200
5924 200
5925 200
5926 200
5927 200
5928 200
5929 200
5930 200
5931 200
5932 200
5933 200
5934 200
5935 200
5936 200
5937 200
5938 200
5939 200
5940 200
5941 200
5942 200
5943 200
5944 200
5945 200
5946 200
5947 200
5948 200
5949 200
5950 200
5951 200
5952 200
5953 200
5954 200
5955 200
5956 200
5957 200
5958 200
5959 200
5960 200
5961 200
5962 200
5963 200
5964 200
5965 200
5966 200
5967 200
5968 200
5969 200
5970 200
5971 200
5972 200
5973 200
5974 200
5975 200
5976 200
5977 200
5978 200
5979 200
5980 200
5981 200
5982 200
5983 200
5984 200
5985 200
5986 200
5987 200
5988 200
5989 200
5990 200
5991 200
5992 200
5993 200
5994 200
5995 200
5996 200
5997 200
5998 200
5999 200
6000 200
6001 200
6002 200
6003 200
6004 200
6005 200
6006 200
6007 200
6008 200
6009 200
6010 200
6011 200
6012 200
6013 200
6014 200
6015 200
6016 200
6017 200
6018 200
6019 200
6020 200
6021 200
6022 200
6023 200
6024 200
6025 200
6026 200
6027 200
6028 200
6029 200
6030 200
6031 200
6032 200
6033 200
6034 200
6035 200
6036 200
6037 200
6038 200
6039 200
6040 200
6041 200
6042 200
6043 200
6044 200
6045 200
6046 200
6047 200
6048 200
6049 200
6050 200
6051 200
6052 200
6053 200
6054 200
6055 200
6056 200
6057 200
6058 200
6059 200
6060 200
6061 200
6062 200
6063 200
6064 200
6065 200
6066 200
6067 200
6068 200
6069 200
6070 200
6071 200
6072 200
6073 200
6074 200
6075 200
6076 200
6077 200
6078 200
6079 200
6080 200
6081 200
6082 200
6083 200
6084 200
6085 200
6086 200
6087 200
6088 200
6089 200
6090 200
6091 200
6092 200
6093 200
6094 200
6095 200
6096 200
6097 200
6098 200
6099 200
6100 200
6101 200
6102 200
6103 200
6104 200
6105 200
6106 200
6107 200
6108 200
6109 200
6110 200
6111 200
6112 200
6113 200
6114 200
6115 200
6116 200
6117 200
6118 200
6119 200
6120 200
6121 200
6122 200
6123 200
6124 200
6125 200
6126 200
6127 200
6128 200
6129 200
6130 200
6131 200
6132 200
6133 200
6134 200
6135 200
6136 200
6137 200
6138 200
6139 200
6140 200
6141 200
6142 200
6143 200
6144 200
6145 200
6146 200
6147 200
6148 200
6149 200
6150 200
6151 200
6152 200
6153 200
6154 200
6155 200
6156 200
6157 200
6158 200
6159 200
6160 200
6161 200
6162 200
6163 200
6164 200
6165 200
6166 200
6167 200
6168 200
6169 200
6170 200
6171 200
6172 200
6173 200
6174 200
6175 200
6176 200
6177 200
6178 200
6179 200
6180 200
6181 200
6182 200
6183 200
6184 200
6185 200
6186 200
6187 200
6188 200
6189 200
6190 200
6191 200
6192 200
6193 200
6194 200
6195 200
6196 200
6197 200
6198 200
6199 200
6200 200
6201 200
6202 200
6203 200
6204 200
6205 200
6206 200
6207 200
6208 200
6209 200
6210 200
6211 200
6212 200
6213 200
6214 200
6215 200
6216 200
6217 200
6218 200
6219 200
6220 200
6221 200
6222 200
6223 200
6224 200
6225 200
6226 200
6227 200
6228 200
6229 200
6230 200
6231 200
6232 200
6233 200
6234 200
6235 200
6236 200
6237 200
6238 200
6239 200
6240 200
6241 200
6242 200
6243 200
6244 200
6245 200
6246 200
6247 200
6248 200
6249 200
6250 200
6251 200
6252 200
6253 200
6254 200
6255 200
6256 200
6257 200
6258 200
6259 200
6260 200
6261 200
6262 200
6263 200
6264 200
6265 200
6266 200
6267 200
6268 200
6269 200
6270 200
6271 200
6272 200
6273 200
6274 200
6275 200
6276 200
6277 200
6278 200
6279 200
6280 200
6281 200
6282 200
6283 200
6284 200
6285 200
6286 200
6287 200
6288 200
6289 200
6290 200
6291 200
6292 200
6293 200
6294 200
6295 200
6296 200
6297 200
6298 200
6299 200
6300 200
6301 200
6302 200
6303 200
6304 200
6305 200
6306 200
6307 200
6308 200
6309 200
6310 200
6311 200
6312 200
6313 200
6314 200
6315 200
6316 200
6317 200
6318 200
6319 200
6320 200
6321 200
6322 200
6323 200
6324 200
6325 200
6326 200
6327 200
6328 200
6329 200
6330 200
6331 200
6332 200
6333 200
6334 200
6335 200
6336 200
6337 200
6338 200
6339 200
6340 200
6341 200
6342 200
6343 200
6344 200
6345 200
6346 200
6347 200
6348 200
6349 200
6350 200
6351 200
6352 200
6353 200
6354 200
6355 200
6356 200
6357 200
6358 200
6359 200
6360 200
6361 200
6362 200
6363 200
6364 200
6365 200
6366 200
6367 200
6368 200
6369 200
6370 200
6371 200
6372 200
6373 200
6374 200
6375 200
6376 200
6377 200
6378 200
6379 200
6380 200
6381 200
6382 200
6383 200
6384 200
6385 200
6386 200
6387 200
6388 200
6389 200
6390 200
6391 200
6392 200
6393 200
6394 200
6395 200
6396 200
6397 200
6398 200
6399 200
6400 200
6401 200
6402 200
6403 200
6404 200
6405 200
6406 200
6407 200
6408 200
6409 200
6410 200
6411 200
6412 200
6413 200
6414 200
6415 200
6416 200
6417 200
6418 200
6419 200
6420 200
6421 200
6422 200
6423 200
6424 200
6425 200
6426 200
6427 200
6428 200
6429 200
6430 200
6431 200
6432 200
6433 200
6434 200
6435 200
6436 200
6437 200
6438 200
6439 200
6440 200
6441 200
6442 200
6443 200
6444 200
6445 200
6446 200
6447 200
6448 200
6449 200
6450 200
6451 200
6452 200
6453 200
6454 200
6455 200
6456 200
6457 200
6458 200
6459 200
6460 200
6461 200
6462 200
6463 200
6464 200
6465 200
6466 200
6467 200
6468 200
6469 200
6470 200
6471 200
6472 200
6473 200
6474 200
6475 200
6476 200
6477 200
6478 200
6479 200
6480 200
6481 200
6482 200
6483 200
6484 200
6485 200
6486 200
6487 200
6488 200
6489 200
6490 200
6491 200
6492 200
6493 200
6494 200
6495 200
6496 200
6497 200
6498 200
6499 200
6500 200
6501 200
6502 200
6503 200
6504 200
6505 200
6506 200
6507 200
6508 200
6509 200
6510 200
6511 200
6512 200
6513 200
6514 200
6515 200
6516 200
6517 200
6518 200
6519 200
6520 200
6521 200
6522 200
6523 200
6524 200
6525 200
6526 200
6527 200
6528 200
6529 200
6530 200
6531 200
6532 200
6533 200
6534 200
6535 200
6536 200
6537 200
6538 200
6539 200
6540 200
6541 200
6542 200
6543 200
6544 200
6545 200
6546 200
6547 200
6548 200
6549 200
6550 200
6551 200
6552 200
6553 200
6554 200
6555 200
6556 200
6557 200
6558 200
6559 200
6560 200
6561 200
6562 200
6563 200
6564 200
6565 200
6566 200
6567 200
6568 200
6569 200
6570 200
6571 200
6572 200
6573 200
6574 200
6575 200
6576 200
6577 200
6578 200
6579 200
6580 200
6581 200
6582 200
6583 200
6584 200
6585 200
6586 200
6587 200
6588 200
6589 200
6590 200
6591 200
6592 200
6593 200
6594 200
6595 200
6596 200
6597 200
6598 200
6599 200
6600 200
6601 200
6602 200
6603 200
6604 200
6605 200
6606 200
6607 200
6608 200
6609 200
6610 200
6611 200
6612 200
6613 200
6614 200
6615 200
6616 200
6617 200
6618 200
6619 200
6620 200
6621 200
6622 200
6623 200
6624 200
6625 200
6626 200
6627 200
6628 200
6629 200
6630 200
6631 200
6632 200
6633 200
6634 200
6635 200
6636 200
6637 200
6638 200
6639 200
6640 200
6641 200
6642 200
6643 200
6644 200
6645 200
6646 200
6647 200
6648 200
6649 200
6650 200
6651 200
6652 200
6653 200
6654 200
6655 200
6656 200
6657 200
6658 200
6659 200
6660 200
6661 200
6662 200
6663 200
6664 200
6665 200
6666 200
6667 200
6668 200
6669 200
6670 200
6671 200
6672 200
6673 200
6674 200
6675 200
6676 200
6677 200
6678 200
6679 200
6680 200
6681 200
6682 200
6683 200
6684 200
6685 200
6686 200
6687 200
6688 200
6689 200
6690 200
6691 200
6692 200
6693 200
6694 200
6695 200
6696 200
6697 200
6698 200
6699 200
6700 200
6701 200
6702 200
6703 200
6704 200
6705 200
6706 200
6707 200
6708 200
6709 200
6710 200
6711 200
6712 200
6713 200
6714 200
6715 200
6716 200
6717 200
6718 200
6719 200
6720 200
6721 200
6722 200
6723 200
6724 200
6725 200
6726 200
6727 200
6728 200
6729 200
6730 200
6731 200
6732 200
6733 200
6734 200
6735 200
6736 200
6737 200
6738 200
6739 200
6740 200
6741 200
6742 200
6743 200
6744 200
6745 200
6746 200
6747 200
6748 200
6749 200
6750 200
6751 200
6752 200
6753 200
6754 200
6755 200
6756 200
6757 200
6758 200
6759 200
6760 200
6761 200
6762 200
6763 200
6764 200
6765 200
6766 200
6767 200
6768 200
6769 200
6770 200
6771 200
6772 200
6773 200
6774 200
6775 200
6776 200
6777 200
6778 200
6779 200
6780 200
6781 200
6782 200
6783 200
6784 200
6785 200
6786 200
6787 200
6788 200
6789 200
6790 200
6791 200
6792 200
6793 200
6794 200
6795 200
6796 200
6797 200
6798 200
6799 200
6800 200
6801 200
6802 200
6803 200
6804 200
6805 200
6806 200
6807 200
6808 200
6809 200
6810 200
6811 200
6812 200
6813 200
6814 200
6815 200
6816 200
6817 200
6818 200
6819 200
6820 200
6821 200
6822 200
6823 200
6824 200
6825 200
6826 200
6827 200
6828 200
6829 200
6830 200
6831 200
6832 200
6833 200
6834 200
6835 200
6836 200
6837 200
6838 200
6839 200
6840 200
6841 200
6842 200
6843 200
6844 200
6845 200
6846 200
6847 200
6848 200
6849 200
6850 200
6851 200
6852 200
6853 200
6854 200
6855 200
6856 200
6857 200
6858 200
6859 200
6860 200
6861 200
6862 200
6863 200
6864 200
6865 200
6866 200
6867 200
6868 200
6869 200
6870 200
6871 200
6872 200
6873 200
6874 200
6875 200
6876 200
6877 200
6878 200
6879 200
6880 200
6881 200
6882 200
6883 200
6884 200
6885 200
6886 200
6887 200
6888 200
6889 200
6890 200
6891 200
6892 200
6893 200
6894 200
6895 200
6896 200
6897 200
6898 200
6899 200
6900 200
6901 200
6902 200
6903 200
6904 200
6905 200
6906 200
6907 200
6908 200
6909 200
6910 200
6911 200
6912 200
6913 200
6914 200
6915 200
6916 200
6917 200
6918 200
6919 200
6920 200
6921 200
6922 200
6923 200
6924 200
6925 200
6926 200
6927 200
6928 200
6929 200
6930 200
6931 200
6932 200
6933 200
6934 200
6935 200
6936 200
6937 200
6938 200
6939 200
6940 200
6941 200
6942 200
6943 200
6944 200
6945 200
6946 200
6947 200
6948 200
6949 200
6950 200
6951 200
6952 200
6953 200
6954 200
6955 200
6956 200
6957 200
6958 200
6959 200
6960 200
6961 200
6962 200
6963 200
6964 200
6965 200
6966 200
6967 200
6968 200
6969 200
6970 200
6971 200
6972 200
6973 200
6974 200
6975 200
6976 200
6977 200
6978 200
6979 200
6980 200
6981 200
6982 200
6983 200
6984 200
6985 200
6986 200
6987 200
6988 200
6989 200
6990 200
6991 200
6992 200
6993 200
6994 200
6995 200
6996 200
6997 200
6998 200
6999 200
7000 200
7001 200
7002 200
7003 200
7004 200
7005 200
7006 200
7007 200
7008 200
7009 200
7010 200
7011 200
7012 200
7013 200
7014 200
7015 200
7016 200
7017 200
7018 200
7019 200
7020 200
7021 200
7022 200
7023 200
7024 200
7025 200
7026 200
7027 200
7028 200
7029 200
7030 200
7031 200
7032 200
7033 200
7034 200
7035 200
7036 200
7037 200
7038 200
7039 200
7040 200
7041 200
7042 200
7043 200
7044 200
7045 200
7046 200
7047 200
7048 200
7049 200
7050 200
7051 200
7052 200
7053 200
7054 200
7055 200
7056 200
7057 200
7058 200
7059 200
7060 200
7061 200
7062 200
7063 200
7064 200
7065 200
7066 200
7067 200
7068 200
7069 200
7070 200
7071 200
7072 200
7073 200
7074 200
7075 200
7076 200
7077 200
7078 200
7079 200
7080 200
7081 200
7082 200
7083 200
7084 200
7085 200
7086 200
7087 200
7088 200
7089 200
7090 200
7091 200
7092 200
7093 200
7094 200
7095 200
7096 200
7097 200
7098 200
7099 200
7100 200
7101 200
7102 200
7103 200
7104 200
7105 200
7106 200
7107 200
7108 200
7109 200
7110 200
7111 200
7112 200
7113 200
7114 200
7115 200
7116 200
7117 200
7118 200
7119 200
7120 200
7121 200
7122 200
7123 200
7124 200
7125 200
7126 200
7127 200
7128 200
7129 200
7130 200
7131 200
7132 200
7133 200
7134 200
7135 200
7136 200
7137 200
7138 200
7139 200
7140 200
7141 200
7142 200
7143 200
7144 200
7145 200
7146 200
7147 200
7148 200
7149 200
7150 200
7151 200
7152 200
7153 200
7154 200
7155 200
7156 200
7157 200
7158 200
7159 200
7160 200
7161 200
7162 200
7163 200
7164 200
7165 200
7166 200
7167 200
7168 200
7169 200
7170 200
7171 200
7172 200
7173 200
7174 200
7175 200
7176 200
7177 200
7178 200
7179 200
7180 200
7181 200
7182 200
7183 200
7184 200
7185 200
7186 200
7187 200
7188 200
7189 200
7190 200
7191 200
7192 200
7193 200
7194 200
7195 200
7196 200
7197 200
7198 200
7199 200
7200 200
7201 200
7202 200
7203 200
7204 200
7205 200
7206 200
7207 200
7208 200
7209 200
7210 200
7211 200
7212 200
7213 200
7214 200
7215 200
7216 200
7217 200
7218 200
7219 200
7220 200
7221 200
7222 200
7223 200
7224 200
7225 200
7226 200
7227 200
7228 200
7229 200
7230 200
7231 200
7232 200
7233 200
7234 200
7235 200
7236 200
7237 200
7238 200
7239 200
7240 200
7241 200
7242 200
7243 200
7244 200
7245 200
7246 200
7247 200
7248 200
7249 200
7250 200
7251 200
7252 200
7253 200
7254 200
7255 200
7256 200
7257 200
7258 200
7259 200
7260 200
7261 200
7262 200
7263 200
7264 200
7265 200
7266 200
7267 200
7268 200
7269 200
7270 200
7271 200
7272 200
7273 200
7274 200
7275 200
7276 200
7277 200
7278 200
7279 200
7280 200
7281 200
7282 200
7283 200
7284 200
7285 200
7286 200
7287 200
7288 200
7289 200
7290 200
7291 200
7292 200
7293 200
7294 200
7295 200
7296 200
7297 200
7298 200
7299 200
7300 200
7301 200
7302 200
7303 200
7304 200
7305 200
7306 200
7307 200
7308 200
7309 200
7310 200
7311 200
7312 200
7313 200
7314 200
7315 200
7316 200
7317 200
7318 200
7319 200
7320 200
7321 200
7322 200
7323 200
7324 200
7325 200
7326 200
7327 200
7328 200
7329 200
7330 200
7331 200
7332 200
7333 200
7334 200
7335 200
7336 200
7337 200
7338 200
7339 200
7340 200
7341 200
7342 200
7343 200
7344 200
7345 200
7346 200
7347 200
7348 200
7349 200
7350 200
7351 200
7352 200
7353 200
7354 200
7355 200
7356 200
7357 200
7358 200
7359 200
7360 200
7361 200
7362 200
7363 200
7364 200
7365 200
7366 200
7367 200
7368 200
7369 200
7370 200
7371 200
7372 200
7373 200
7374 200
7375 200
7376 200
7377 200
7378 200
7379 200
7380 200
7381 200
7382 200
7383 200
7384 200
7385 200
7386 200
7387 200
7388 200
7389 200
7390 200
7391 200
7392 200
7393 200
7394 200
7395 200
7396 200
7397 200
7398 200
7399 200
7400 200
7401 200
7402 200
7403 200
7404 200
7405 200
7406 200
7407 200
7408 200
7409 200
7410 200
7411 200
7412 200
7413 200
7414 200
7415 200
7416 200
7417 200
7418 200
7419 200
7420 200
7421 200
7422 200
7423 200
7424 200
7425 200
7426 200
7427 200
7428 200
7429 200
7430 200
7431 200
7432 200
7433 200
7434 200
7435 200
7436 200
7437 200
7438 200
7439 200
7440 200
7441 200
7442 200
7443 200
7444 200
7445 200
7446 200
7447 200
7448 200
7449 200
7450 200
7451 200
7452 200
7453 200
7454 200
7455 200
7456 200
7457 200
7458 200
7459 200
7460 200
7461 200
7462 200
7463 200
7464 200
7465 200
7466 200
7467 200
7468 200
7469 200
7470 200
7471 200
7472 200
7473 200
7474 200
7475 200
7476 200
7477 200
7478 200
7479 200
7480 200
7481 200
7482 200
7483 200
7484 200
7485 200
7486 200
7487 200
7488 200
7489 200
7490 200
7491 200
7492 200
7493 200
7494 200
7495 200
7496 200
7497 200
7498 200
7499 200
7500 200
7501 200
7502 200
7503 200
7504 200
7505 200
7506 200
7507 200
7508 200
7509 200
7510 200
7511 200
7512 200
7513 200
7514 200
7515 200
7516 200
7517 200
7518 200
7519 200
7520 200
7521 200
7522 200
7523 200
7524 200
7525 200
7526 200
7527 200
7528 200
7529 200
7530 200
7531 200
7532 200
7533 200
7534 200
7535 200
7536 200
7537 200
7538 200
7539 200
7540 200
7541 200
7542 200
7543 200
7544 200
7545 200
7546 200
7547 200
7548 200
7549 200
7550 200
7551 200
7552 200
7553 200
7554 200
7555 200
7556 200
7557 200
7558 200
7559 200
7560 200
7561 200
7562 200
7563 200
7564 200
7565 200
7566 200
7567 200
7568 200
7569 200
7570 200
7571 200
7572 200
7573 200
7574 200
7575 200
7576 200
7577 200
7578 200
7579 200
7580 200
7581 200
7582 200
7583 200
7584 200
7585 200
7586 200
7587 200
7588 200
7589 200
7590 200
7591 200
7592 200
7593 200
7594 200
7595 200
7596 200
7597 200
7598 200
7599 200
7600 200
7601 200
7602 200
7603 200
7604 200
7605 200
7606 200
7607 200
7608 200
7609 200
7610 200
7611 200
7612 200
7613 200
7614 200
7615 200
7616 200
7617 200
7618 200
7619 200
7620 200
7621 200
7622 200
7623 200
7624 200
7625 200
7626 200
7627 200
7628 200
7629 200
7630 200
7631 200
7632 200
7633 200
7634 200
7635 200
7636 200
7637 200
7638 200
7639 200
7640 200
7641 200
7642 200
7643 200
7644 200
7645 200
7646 200
7647 200
7648 200
7649 200
7650 200
7651 200
7652 200
7653 200
7654 200
7655 200
7656 200
7657 200
7658 200
7659 200
7660 200
7661 200
7662 200
7663 200
7664 200
7665 200
7666 200
7667 200
7668 200
7669 200
7670 200
7671 200
7672 200
7673 200
7674 200
7675 200
7676 200
7677 200
7678 200
7679 200
7680 200
7681 200
7682 200
7683 200
7684 200
7685 200
7686 200
7687 200
7688 200
7689 200
7690 200
7691 200
7692 200
7693 200
7694 200
7695 200
7696 200
7697 200
7698 200
7699 200
7700 200
7701 200
7702 200
7703 200
7704 200
7705 200
7706 200
7707 200
7708 200
7709 200
7710 200
7711 200
7712 200
7713 200
7714 200
7715 200
7716 200
7717 200
7718 200
7719 200
7720 200
7721 200
7722 200
7723 200
7724 200
7725 200
7726 200
7727 200
7728 200
7729 200
7730 200
7731 200
7732 200
7733 200
7734 200
7735 200
7736 200
7737 200
7738 200
7739 200
7740 200
7741 200
7742 200
7743 200
7744 200
7745 200
7746 200
7747 200
7748 200
7749 200
7750 200
7751 200
7752 200
7753 200
7754 200
7755 200
7756 200
7757 200
7758 200
7759 200
7760 200
7761 200
7762 200
7763 200
7764 200
7765 200
7766 200
7767 200
7768 200
7769 200
7770 200
7771 200
7772 200
7773 200
7774 200
7775 200
7776 200
7777 200
7778 200
7779 200
7780 200
7781 200
7782 200
7783 200
7784 200
7785 200
7786 200
7787 200
7788 200
7789 200
7790 200
7791 200
7792 200
7793 200
7794 200
7795 200
7796 200
7797 200
7798 200
7799 200
7800 200
7801 200
7802 200
7803 200
7804 200
7805 200
7806 200
7807 200
7808 200
7809 200
7810 200
7811 200
7812 200
7813 200
7814 200
7815 200
7816 200
7817 200
7818 200
7819 200
7820 200
7821 200
7822 200
7823 200
7824 200
7825 200
7826 200
7827 200
7828 200
7829 200
7830 200
7831 200
7832 200
7833 200
7834 200
7835 200
7836 200
7837 200
7838 200
7839 200
7840 200
7841 200
7842 200
7843 200
7844 200
7845 200
7846 200
7847 200
7848 200
7849 200
7850 200
7851 200
7852 200
7853 200
7854 200
7855 200
7856 200
7857 200
7858 200
7859 200
7860 200
7861 200
7862 200
7863 200
7864 200
7865 200
7866 200
7867 200
7868 200
7869 200
7870 200
7871 200
7872 200
7873 200
7874 200
7875 200
7876 200
7877 200
7878 200
7879 200
7880 200
7881 200
7882 200
7883 200
7884 200
7885 200
7886 200
7887 200
7888 200
7889 200
7890 200
7891 200
7892 200
7893 200
7894 200
7895 200
7896 200
7897 200
7898 200
7899 200
7900 200
7901 200
7902 200
7903 200
7904 200
7905 200
7906 200
7907 200
7908 200
7909 200
7910 200
7911 200
7912 200
7913 200
7914 200
7915 200
7916 404
7917 404
7918 404
7919 404
7920 404
7921 200
7922 200
7923 404
7924 404
7925 200
7926 404
7927 404
7928 404
7929 200
7930 404
7931 200
7932 404
7933 404
7934 200
7935 200
7936 200
7937 404
7938 404
7939 404
7940 200
7941 404
7942 404
7943 200
7944 200
7945 200
7946 404
7947 -1
7948 -1
7949 -1
7950 -1
7951 -1
7952 -1
7953 -1
7954 -1
7955 -1
7956 -1
7957 -1
7958 -1
7959 -1
7960 -1
7961 -1
7962 -1
7963 -1
7964 -1
7965 -1
7966 -1
7967 -1
7968 -1
7969 -1
7970 -1
7971 -1
7972 -1
7973 -1
7974 -1
7975 -1
7976 -1
7977 -1
7978 -1
7979 -1
7980 -1
7981 -1
7982 -1
7983 -1
7984 -1
7985 -1
7986 -1
7987 -1
7988 -1
7989 -1
7990 -1
7991 -1
7992 -1
7993 -1
7994 -1
7995 -1
7996 -1
7997 -1
7998 -1
7999 -1
8000 -1
8001 -1
8002 -1
8003 -1
8004 -1
8005 -1
8006 -1
8007 -1
8008 -1
8009 -1
8010 -1
8011 -1
8012 -1
8013 -1
8014 -1
8015 -1
8016 -1
8017 -1
8018 -1
8019 -1
8020 -1
8021 -1
8022 -1
8023 -1
8024 -1
8025 -1
8026 -1
8027 -1
8028 -1
8029 -1
8030 -1
8031 -1
8032 -1
8033 -1
8034 -1
8035 -1
8036 -1
8037 -1
8038 -1
8039 -1
8040 -1
8041 -1
8042 -1
8043 -1
8044 -1
8045 -1
8046 -1
8047 -1
8048 -1
8049 -1
8050 -1
8051 -1
8052 -1
8053 -1
8054 -1
8055 -1
8056 -1
8057 -1
8058 -1
8059 -1
8060 -1
8061 -1
8062 -1
8063 -1
8064 -1
8065 -1
8066 -1
8067 -1
8068 -1
8069 -1
8070 -1
8071 -1
8072 -1
8073 -1
8074 -1
8075 -1
8076 -1
8077 -1
8078 -1
8079 -1
8080 -1
8081 -1
8082 -1
8083 -1
8084 -1
8085 -1
8086 -1
8087 -1
8088 -1
8089 -1
8090 -1
8091 -1
8092 -1
8093 -1
8094 -1
8095 -1
8096 -1
8097 -1
8098 -1
8099 -1
8100 -1
8101 -1
8102 -1
8103 -1
8104 -1
8105 -1
8106 -1
8107 -1
8108 -1
8109 -1
8110 -1
8111 -1
8112 -1
8113 -1
8114 -1
8115 -1
8116 -1
8117 -1
8118 -1
8119 -1
8120 -1
8121 -1
8122 -1
8123 -1
8124 -1
8125 -1
8126 -1
8127 -1
8128 -1
8129 -1
8130 -1
8131 -1
8132 -1
8133 -1
8134 -1
8135 -1
8136 -1
8137 -1
8138 -1
8139 -1
8140 -1
8141 -1
8142 -1
8143 -1
8144 -1
8145 -1
8146 -1
8147 -1
8148 -1
8149 -1
8150 -1
8151 -1
8152 -1
8153 -1
8154 -1
8155 -1
8156 -1
8157 -1
8158 -1
8159 -1
8160 -1
8161 -1
8162 -1
8163 -1
8164 -1
8165 -1
8166 -1
8167 -1
8168 -1
8169 -1
8170 -1
8171 -1
8172 -1
8173 -1
8174 -1
8175 -1
8176 -1
8177 -1
8178 -1
8179 -1
8180 -1
8181 -1
8182 -1
8183 -1
8184 -1
8185 -1
8186 -1
8187 -1
8188 -1
8189 -1
8190 -1
8191 -1
8192 -1
8193 -1
8194 -1
8195 -1
8196 -1
8197 -1
8198 -1
8199 -1
8200 -1
8201 -1
8202 -1
8203 -1
8204 -1
8205 -1
8206 -1
8207 -1
8208 -1
8209 -1
8210 -1
8211 -1
8212 -1
8213 -1
8214 -1
8215 -1
8216 -1
8217 -1
8218 -1
8219 -1
8220 -1
8221 -1
8222 -1
8223 -1
8224 -1
8225 -1
8226 -1
8227 -1
8228 -1
8229 -1
8230 -1
8231 -1
8232 -1
8233 -1
8234 -1
8235 -1
8236 -1
8237 -1
8238 -1
8239 -1
8240 -1
8241 -1
8242 -1
8243 -1
8244 -1
8245 -1
8246 -1
8247 -1
8248 -1
8249 -1
8250 -1
8251 -1
8252 -1
8253 -1
8254 -1
8255 -1
8256 -1
8257 -1
8258 -1
8259 -1
8260 -1
8261 -1
8262 -1
8263 -1
8264 -1
8265 -1
8266 -1
8267 -1
8268 -1
8269 -1
8270 -1
8271 -1
8272 -1
8273 -1
8274 -1
8275 -1
8276 -1
8277 -1
8278 -1
8279 -1
8280 -1
8281 -1
8282 -1
8283 -1
8284 -1
8285 -1
8286 -1
8287 -1
8288 -1
8289 -1
8290 -1
8291 -1
8292 -1
8293 -1
8294 -1
8295 -1
8296 -1
8297 -1
8298 -1
8299 -1
8300 -1
8301 -1
8302 -1
8303 -1
8304 -1
8305 -1
8306 -1
8307 -1
8308 -1
8309 -1
8310 -1
8311 -1
8312 -1
8313 -1
8314 -1
8315 -1
8316 -1
8317 -1
8318 -1
8319 -1
8320 -1
8321 -1
8322 -1
8323 -1
8324 -1
8325 -1
8326 -1
8327 -1
8328 -1
8329 -1
8330 -1
8331 -1
8332 -1
8333 -1
8334 -1
8335 -1
8336 -1
8337 -1
8338 -1
8339 -1
8340 -1
8341 -1
8342 -1
8343 -1
8344 -1
8345 -1
8346 -1
8347 -1
8348 -1
8349 -1
8350 -1
8351 -1
8352 -1
8353 -1
8354 -1
8355 -1
8356 -1
8357 -1
8358 -1
8359 -1
8360 -1
8361 -1
8362 -1
8363 -1
8364 -1
8365 -1
8366 -1
8367 -1
8368 -1
8369 -1
8370 -1
8371 -1
8372 -1
8373 -1
8374 -1
8375 -1
8376 -1
8377 -1
8378 -1
8379 -1
8380 -1
8381 -1
8382 -1
8383 -1
8384 -1
8385 -1
8386 -1
8387 -1
8388 -1
8389 -1
8390 -1
8391 -1
8392 -1
8393 -1
8394 -1
8395 -1
8396 -1
8397 -1
8398 -1
8399 -1
8400 -1
8401 -1
8402 -1
8403 -1
8404 -1
8405 -1
8406 -1
8407 -1
8408 -1
8409 -1
8410 -1
8411 -1
8412 -1
8413 -1
8414 -1
8415 -1
8416 -1
8417 -1
8418 -1
8419 -1
8420 -1
8421 -1
8422 -1
8423 -1
8424 -1
8425 -1
8426 -1
8427 -1
8428 -1
8429 -1
8430 -1
8431 -1
8432 -1
8433 -1
8434 -1
8435 -1
8436 -1
8437 -1
8438 -1
8439 -1
8440 -1
8441 -1
8442 -1
8443 -1
8444 -1
8445 -1
8446 -1
8447 -1
8448 -1
8449 -1
8450 -1
8451 -1
8452 -1
8453 -1
8454 -1
8455 -1
8456 -1
8457 -1
8458 -1
8459 -1
8460 -1
8461 -1
8462 -1
8463 -1
8464 -1
8465 -1
8466 -1
8467 -1
8468 -1
8469 -1
8470 -1
8471 -1
8472 -1
8473 -1
8474 -1
8475 -1
8476 -1
8477 -1
8478 -1
8479 -1
8480 -1
8481 -1
8482 -1
8483 -1
8484 -1
8485 -1
8486 -1
8487 -1
8488 -1
8489 -1
8490 -1
8491 -1
8492 -1
8493 -1
8494 -1
8495 -1
8496 -1
8497 -1
8498 -1
8499 -1
8500 -1
8501 -1
8502 -1
8503 -1
8504 -1
8505 -1
8506 -1
8507 -1
8508 -1
8509 -1
8510 -1
8511 -1
8512 -1
8513 -1
8514 -1
8515 -1
8516 -1
8517 -1
8518 -1
8519 -1
8520 -1
8521 -1
8522 -1
8523 -1
8524 -1
8525 -1
8526 -1
8527 -1
8528 -1
8529 -1
8530 -1
8531 -1
8532 -1
8533 -1
8534 -1
8535 -1
8536 -1
8537 -1
8538 -1
8539 -1
8540 -1
8541 -1
8542 -1
8543 -1
8544 -1
8545 -1
8546 -1
8547 -1
8548 -1
8549 -1
8550 -1
8551 -1
8552 -1
8553 -1
8554 -1
8555 -1
8556 -1
8557 -1
8558 -1
8559 -1
8560 -1
8561 -1
8562 -1
8563 -1
8564 -1
8565 -1
8566 -1
8567 -1
8568 -1
8569 -1
8570 -1
8571 -1
8572 -1
8573 -1
8574 -1
8575 -1
8576 -1
8577 -1
8578 -1
8579 -1
8580 -1
8581 -1
8582 -1
8583 -1
8584 -1
8585 -1
8586 -1
8587 -1
8588 -1
8589 -1
8590 -1
8591 -1
8592 -1
8593 -1
8594 -1
8595 -1
8596 -1
8597 -1
8598 -1
8599 -1
8600 -1
8601 -1
8602 -1
8603 -1
8604 -1
8605 -1
8606 -1
8607 -1
8608 -1
8609 -1
8610 -1
8611 -1
8612 -1
8613 -1
8614 -1
8615 -1
8616 -1
8617 -1
8618 -1
8619 -1
8620 -1
8621 -1
8622 -1
8623 -1
8624 -1
8625 -1
8626 -1
8627 -1
8628 -1
8629 -1
8630 -1
8631 -1
8632 -1
8633 -1
8634 -1
8635 -1
8636 -1
8637 -1
8638 -1
8639 -1
8640 -1
8641 -1
8642 -1
8643 -1
8644 -1
8645 -1
8646 -1
8647 -1
8648 -1
8649 -1
8650 -1
8651 -1
8652 -1
8653 -1
8654 -1
8655 -1
8656 -1
8657 -1
8658 -1
8659 -1
8660 -1
8661 -1
8662 -1
8663 -1
8664 -1
8665 -1
8666 -1
8667 -1
8668 -1
8669 -1
8670 -1
8671 -1
8672 -1
8673 -1
8674 -1
8675 -1
8676 -1
8677 -1
8678 -1
8679 -1
8680 -1
8681 -1
8682 -1
8683 -1
8684 -1
8685 -1
8686 -1
8687 -1
8688 -1
8689 -1
8690 -1
8691 -1
8692 -1
8693 -1
8694 -1
8695 -1
8696 -1
8697 -1
8698 -1
8699 -1
8700 -1
8701 -1
8702 -1
8703 -1
8704 -1
8705 -1
8706 -1
8707 -1
8708 -1
8709 -1
8710 -1
8711 -1
8712 -1
8713 -1
8714 -1
8715 -1
8716 -1
8717 -1
8718 -1
8719 -1
8720 -1
8721 -1
8722 -1
8723 -1
8724 -1
8725 -1
8726 -1
8727 -1
8728 -1
8729 -1
8730 -1
8731 -1
8732 -1
8733 -1
8734 -1
8735 -1
8736 -1
8737 -1
8738 -1
8739 -1
8740 -1
8741 -1
8742 -1
8743 -1
8744 -1
8745 -1
8746 -1
8747 -1
8748 -1
8749 -1
8750 -1
8751 -1
8752 -1
8753 -1
8754 -1
8755 -1
8756 -1
8757 -1
8758 -1
8759 -1
8760 -1
8761 -1
8762 -1
8763 -1
8764 -1
8765 -1
8766 -1
8767 -1
8768 -1
8769 -1
8770 -1
8771 -1
8772 -1
8773 -1
8774 -1
8775 -1
8776 -1
8777 -1
8778 -1
8779 -1
8780 -1
8781 -1
8782 -1
8783 -1
8784 -1
8785 -1
8786 -1
8787 -1
8788 -1
8789 -1
8790 -1
8791 -1
8792 -1
8793 -1
8794 -1
8795 -1
8796 -1
8797 -1
8798 -1
8799 -1
8800 -1
8801 -1
8802 -1
8803 -1
8804 -1
8805 -1
8806 -1
8807 -1
8808 -1
8809 -1
8810 -1
8811 -1
8812 -1
8813 -1
8814 -1
8815 -1
8816 -1
8817 -1
8818 -1
8819 -1
8820 -1
8821 -1
8822 -1
8823 -1
8824 -1
8825 -1
8826 -1
8827 -1
8828 -1
8829 -1
8830 -1
8831 -1
8832 -1
8833 -1
8834 -1
8835 -1
8836 -1
8837 -1
8838 -1
8839 -1
8840 -1
8841 -1
8842 -1
8843 -1
8844 -1
8845 -1
8846 -1
8847 -1
8848 -1
8849 -1
8850 -1
8851 -1
8852 -1
8853 -1
8854 -1
8855 -1
8856 -1
8857 -1
8858 -1
8859 -1
8860 -1
8861 -1
8862 -1
8863 -1
8864 -1
8865 -1
8866 -1
8867 -1
8868 -1
8869 -1
8870 -1
8871 -1
8872 -1
8873 -1
8874 -1
8875 -1
8876 -1
8877 -1
8878 -1
8879 -1
8880 -1
8881 -1
8882 -1
8883 -1
8884 -1
8885 -1
8886 -1
8887 -1
8888 -1
8889 -1
8890 -1
8891 -1
8892 -1
8893 -1
8894 -1
8895 -1
8896 -1
8897 -1
8898 -1
8899 -1
8900 -1
8901 -1
8902 -1
8903 -1
8904 -1
8905 -1
8906 -1
8907 -1
8908 -1
8909 -1
8910 -1
8911 -1
8912 -1
8913 -1
8914 -1
8915 -1
8916 -1
8917 -1
8918 -1
8919 -1
8920 -1
8921 -1
8922 -1
8923 -1
8924 -1
8925 -1
8926 -1
8927 -1
8928 -1
8929 -1
8930 -1
8931 -1
8932 -1
8933 -1
8934 -1
8935 -1
8936 -1
8937 -1
8938 -1
8939 -1
8940 -1
8941 -1
8942 -1
8943 -1
8944 -1
8945 -1
8946 -1
8947 -1
8948 -1
8949 -1
8950 -1
8951 -1
8952 -1
8953 -1
8954 -1
8955 -1
8956 -1
8957 -1
8958 -1
8959 -1
8960 -1
8961 -1
8962 -1
8963 -1
8964 -1
8965 -1
8966 -1
8967 -1
8968 -1
8969 -1
8970 -1
8971 -1
8972 -1
8973 -1
8974 -1
8975 -1
8976 -1
8977 -1
8978 -1
8979 -1
8980 -1
8981 -1
8982 -1
8983 -1
8984 -1
8985 -1
8986 -1
8987 -1
8988 -1
8989 -1
8990 -1
8991 -1
8992 -1
8993 -1
8994 -1
8995 -1
8996 -1
8997 -1
8998 -1
8999 -1
9000 -1
9001 -1
9002 -1
9003 -1
9004 -1
9005 -1
9006 -1
9007 -1
9008 -1
9009 -1
9010 -1
9011 -1
9012 -1
9013 -1
9014 -1
9015 -1
9016 -1
9017 -1
9018 -1
9019 -1
9020 -1
9021 -1
9022 -1
9023 -1
9024 -1
9025 -1
9026 -1
9027 -1
9028 -1
9029 -1
9030 -1
9031 -1
9032 -1
9033 -1
9034 -1
9035 -1
9036 -1
9037 -1
9038 -1
9039 -1
9040 -1
9041 -1
9042 -1
9043 -1
9044 -1
9045 -1
9046 -1
9047 -1
9048 -1
9049 -1
9050 -1
9051 -1
9052 -1
9053 -1
9054 -1
9055 -1
9056 -1
9057 -1
9058 -1
9059 -1
9060 -1
9061 -1
9062 -1
9063 -1
9064 -1
9065 -1
9066 -1
9067 -1
9068 -1
9069 -1
9070 -1
9071 -1
9072 -1
9073 -1
9074 -1
9075 -1
9076 -1
9077 -1
9078 -1
9079 -1
9080 -1
9081 -1
9082 -1
9083 -1
9084 -1
9085 -1
9086 -1
9087 -1
9088 -1
9089 -1
9090 -1
9091 -1
9092 -1
9093 -1
9094 -1
9095 -1
9096 -1
9097 -1
9098 -1
9099 -1
9100 -1
9101 -1
9102 -1
9103 -1
9104 -1
9105 -1
9106 -1
9107 -1
9108 -1
9109 -1
9110 -1
9111 -1
9112 -1
9113 -1
9114 -1
9115 -1
9116 -1
9117 -1
9118 -1
9119 -1
9120 -1
9121 -1
9122 -1
9123 -1
9124 -1
9125 -1
9126 -1
9127 -1
9128 -1
9129 -1
9130 -1
9131 -1
9132 -1
9133 -1
9134 -1
9135 -1
9136 -1
9137 -1
9138 -1
9139 -1
9140 -1
9141 -1
9142 -1
9143 -1
9144 -1
9145 -1
9146 -1
9147 -1
9148 -1
9149 -1
9150 -1
9151 -1
9152 -1
9153 -1
9154 -1
9155 -1
9156 -1
9157 -1
9158 -1
9159 -1
9160 -1
9161 -1
9162 -1
9163 -1
9164 -1
9165 -1
9166 -1
9167 -1
9168 -1
9169 -1
9170 -1
9171 -1
9172 -1
9173 -1
9174 -1
9175 -1
9176 -1
9177 -1
9178 -1
9179 -1
9180 -1
9181 -1
9182 -1
9183 -1
9184 -1
9185 -1
9186 -1
9187 -1
9188 -1
9189 -1
9190 -1
9191 -1
9192 -1
9193 -1
9194 -1
9195 -1
9196 -1
9197 -1
9198 -1
9199 -1
9200 -1
9201 -1
9202 -1
9203 -1
9204 -1
9205 -1
9206 -1
9207 -1
9208 -1
9209 -1
9210 -1
9211 -1
9212 -1
9213 -1
9214 -1
9215 -1
9216 -1
9217 -1
9218 -1
9219 -1
9220 -1
9221 -1
9222 -1
9223 -1
9224 -1
9225 -1
9226 -1
9227 -1
9228 -1
9229 -1
9230 -1
9231 -1
9232 -1
9233 -1
9234 -1
9235 -1
9236 -1
9237 -1
9238 -1
9239 -1
9240 -1
9241 -1
9242 -1
9243 -1
9244 -1
9245 -1
9246 -1
9247 -1
9248 -1
9249 -1
9250 -1
9251 -1
9252 -1
9253 -1
9254 -1
9255 -1
9256 -1
9257 -1
9258 -1
9259 -1
9260 -1
9261 -1
9262 -1
9263 -1
9264 -1
9265 -1
9266 -1
9267 -1
9268 -1
9269 -1
9270 -1
9271 -1
9272 -1
9273 -1
9274 -1
9275 -1
9276 -1
9277 -1
9278 -1
9279 -1
9280 -1
9281 -1
9282 -1
9283 -1
9284 -1
9285 -1
9286 -1
9287 -1
9288 -1
9289 -1
9290 -1
9291 -1
9292 -1
9293 -1
9294 -1
9295 -1
9296 -1
9297 -1
9298 -1
9299 -1
9300 -1
9301 -1
9302 -1
9303 -1
9304 -1
9305 -1
9306 -1
9307 -1
9308 -1
9309 -1
9310 -1
9311 -1
9312 -1
9313 -1
9314 -1
9315 -1
9316 -1
9317 -1
9318 -1
9319 -1
9320 -1
9321 -1
9322 -1
9323 -1
9324 -1
9325 -1
9326 -1
9327 -1
9328 -1
9329 -1
9330 -1
9331 -1
9332 -1
9333 -1
9334 -1
9335 -1
9336 -1
9337 -1
9338 -1
9339 -1
9340 -1
9341 -1
9342 -1
9343 -1
9344 -1
9345 -1
9346 -1
9347 -1
9348 -1
9349 -1
9350 -1
9351 -1
9352 -1
9353 -1
9354 -1
9355 -1
9356 -1
9357 -1
9358 -1
9359 -1
9360 -1
9361 -1
9362 -1
9363 -1
9364 -1
9365 -1
9366 -1
9367 -1
9368 -1
9369 -1
9370 -1
9371 -1
9372 -1
9373 -1
9374 -1
9375 -1
9376 -1
9377 -1
9378 -1
9379 -1
9380 -1
9381 -1
9382 -1
9383 -1
9384 -1
9385 -1
9386 -1
9387 -1
9388 -1
9389 -1
9390 -1
9391 -1
9392 -1
9393 -1
9394 -1
9395 -1
9396 -1
9397 -1
9398 -1
9399 -1
9400 -1
9401 -1
9402 -1
9403 -1
9404 -1
9405 -1
9406 -1
9407 -1
9408 -1
9409 -1
9410 -1
9411 -1
9412 -1
9413 -1
9414 -1
9415 -1
9416 -1
9417 -1
9418 -1
9419 -1
9420 -1
9421 -1
9422 -1
9423 -1
9424 -1
9425 -1
9426 -1
9427 -1
9428 -1
9429 -1
9430 -1
9431 -1
9432 -1
9433 -1
9434 -1
9435 -1
9436 -1
9437 -1
9438 -1
9439 -1
9440 -1
9441 -1
9442 -1
9443 -1
9444 -1
9445 -1
9446 -1
9447 -1
9448 -1
9449 -1
9450 -1
9451 -1
9452 -1
9453 -1
9454 -1
9455 -1
9456 -1
9457 -1
9458 -1
9459 -1
9460 -1
9461 -1
9462 -1
9463 -1
9464 -1
9465 -1
9466 -1
9467 -1
9468 -1
9469 -1
9470 -1
9471 -1
9472 -1
9473 -1
9474 -1
9475 -1
9476 -1
9477 -1
9478 -1
9479 -1
9480 -1
9481 -1
9482 -1
9483 -1
9484 -1
9485 -1
9486 -1
9487 -1
9488 -1
9489 -1
9490 -1
9491 -1
9492 -1
9493 -1
9494 -1
9495 -1
9496 -1
9497 -1
9498 -1
9499 -1
9500 -1
9501 -1
9502 -1
9503 -1
9504 -1
9505 -1
9506 -1
9507 -1
9508 -1
9509 -1
9510 -1
9511 -1
9512 -1
9513 -1
9514 -1
9515 -1
9516 -1
9517 -1
9518 -1
9519 -1
9520 -1
9521 -1
9522 -1
9523 -1
9524 -1
9525 -1
9526 -1
9527 -1
9528 -1
9529 -1
9530 -1
9531 -1
9532 -1
9533 -1
9534 -1
9535 -1
9536 -1
9537 -1
9538 -1
9539 -1
9540 -1
9541 -1
9542 -1
9543 -1
9544 -1
9545 -1
9546 -1
9547 -1
9548 -1
9549 -1
9550 -1
9551 -1
9552 -1
9553 -1
9554 -1
9555 -1
9556 -1
9557 -1
9558 -1
9559 -1
9560 -1
9561 -1
9562 -1
9563 -1
9564 -1
9565 -1
9566 -1
9567 -1
9568 -1
9569 -1
9570 -1
9571 -1
9572 -1
9573 -1
9574 -1
9575 -1
9576 -1
9577 -1
9578 -1
9579 -1
9580 -1
9581 -1
9582 -1
9583 -1
9584 -1
9585 -1
9586 -1
9587 -1
9588 -1
9589 -1
9590 -1
9591 -1
9592 -1
9593 -1
9594 -1
9595 -1
9596 -1
9597 -1
9598 -1
9599 -1
9600 -1
9601 -1
9602 -1
9603 -1
9604 -1
9605 -1
9606 -1
9607 -1
9608 -1
9609 -1
9610 -1
9611 -1
9612 -1
9613 -1
9614 -1
9615 -1
9616 -1
9617 -1
9618 -1
9619 -1
9620 -1
9621 -1
9622 -1
9623 -1
9624 -1
9625 -1
9626 -1
9627 -1
9628 -1
9629 -1
9630 -1
9631 -1
9632 -1
9633 -1
9634 -1
9635 -1
9636 -1
9637 -1
9638 -1
9639 -1
9640 -1
9641 -1
9642 -1
9643 -1
9644 -1
9645 -1
9646 -1
9647 -1
9648 -1
9649 -1
9650 -1
9651 -1
9652 -1
9653 -1
9654 -1
9655 -1
9656 -1
9657 -1
9658 -1
9659 -1
9660 -1
9661 -1
9662 -1
9663 -1
9664 -1
9665 -1
9666 -1
9667 -1
9668 -1
9669 -1
9670 -1
9671 -1
9672 -1
9673 -1
9674 -1
9675 -1
9676 -1
9677 -1
9678 -1
9679 -1
9680 -1
9681 -1
9682 -1
9683 -1
9684 -1
9685 -1
9686 -1
9687 -1
9688 -1
9689 -1
9690 -1
9691 -1
9692 -1
9693 -1
9694 -1
9695 -1
9696 -1
9697 -1
9698 -1
9699 -1
9700 -1
9701 -1
9702 -1
9703 -1
9704 -1
9705 -1
9706 -1
9707 -1
9708 -1
9709 -1
9710 -1
9711 -1
9712 -1
9713 -1
9714 -1
9715 -1
9716 -1
9717 -1
9718 -1
9719 -1
9720 -1
9721 -1
9722 -1
9723 -1
9724 -1
9725 -1
9726 -1
9727 -1
9728 -1
9729 -1
9730 -1
9731 -1
9732 -1
9733 -1
9734 -1
9735 -1
9736 -1
9737 -1
9738 -1
9739 -1
9740 -1
9741 -1
9742 -1
9743 -1
9744 -1
9745 -1
9746 -1
9747 -1
9748 -1
9749 -1
9750 -1
9751 -1
9752 -1
9753 -1
9754 -1
9755 -1
9756 -1
9757 -1
9758 -1
9759 -1
9760 -1
9761 -1
9762 -1
9763 -1
9764 -1
9765 -1
9766 -1
9767 -1
9768 -1
9769 -1
9770 -1
9771 -1
9772 -1
9773 -1
9774 -1
9775 -1
9776 -1
9777 -1
9778 -1
9779 -1
9780 -1
9781 -1
9782 -1
9783 -1
9784 -1
9785 -1
9786 -1
9787 -1
9788 -1
9789 -1
9790 -1
9791 -1
9792 -1
9793 -1
9794 -1
9795 -1
9796 -1
9797 -1
9798 -1
9799 -1
9800 -1
9801 -1
9802 -1
9803 -1
9804 -1
9805 -1
9806 -1
9807 -1
9808 -1
9809 -1
9810 -1
9811 -1
9812 -1
9813 -1
9814 -1
9815 -1
9816 -1
9817 -1
9818 -1
9819 -1
9820 -1
9821 -1
9822 -1
9823 -1
9824 -1
9825 -1
9826 -1
9827 -1
9828 -1
9829 -1
9830 -1
9831 -1
9832 -1
9833 -1
9834 -1
9835 -1
9836 -1
9837 -1
9838 -1
9839 -1
9840 -1
9841 -1
9842 -1
9843 -1
9844 -1
9845 -1
9846 -1
9847 -1
9848 -1
9849 -1
9850 -1
9851 -1
9852 -1
9853 -1
9854 -1
9855 -1
9856 -1
9857 -1
9858 -1
9859 -1
9860 -1
9861 -1
9862 -1
9863 -1
9864 -1
9865 -1
9866 -1
9867 -1
9868 -1
9869 -1
9870 -1
9871 -1
9872 -1
9873 -1
9874 -1
9875 -1
9876 -1
9877 -1
9878 -1
9879 -1
9880 -1
9881 -1
9882 -1
9883 -1
9884 -1
9885 -1
9886 -1
9887 -1
9888 -1
9889 -1
9890 -1
9891 -1
9892 -1
9893 -1
9894 -1
9895 -1
9896 -1
9897 -1
9898 -1
9899 -1
9900 -1
9901 -1
9902 -1
9903 -1
9904 -1
9905 -1
9906 -1
9907 -1
9908 -1
9909 -1
9910 -1
9911 -1
9912 -1
9913 -1
9914 -1
9915 -1
9916 -1
9917 -1
9918 -1
9919 -1
9920 -1
9921 -1
9922 -1
9923 -1
9924 -1
9925 -1
9926 -1
9927 -1
9928 -1
9929 -1
9930 -1
9931 -1
9932 -1
9933 -1
9934 -1
9935 -1
9936 -1
9937 -1
9938 -1
9939 -1
9940 -1
9941 -1
9942 -1
9943 -1
9944 -1
9945 -1
9946 -1
9947 -1
9948 -1
9949 -1
9950 -1
9951 -1
9952 -1
9953 -1
9954 -1
9955 -1
9956 -1
9957 -1
9958 -1
9959 -1
9960 -1
9961 -1
9962 -1
9963 -1
9964 -1
9965 -1
9966 -1
9967 -1
9968 -1
9969 -1
9970 -1
9971 -1
9972 -1
9973 -1
9974 -1
9975 -1
9976 -1
9977 -1
9978 -1
9979 -1
9980 -1
9981 -1
9982 -1
9983 -1
9984 -1
9985 -1
9986 -1
9987 -1
9988 -1
9989 -1
9990 -1
9991 -1
9992 -1
9993 -1
9994 -1
9995 -1
9996 -1
9997 -1
9998 -1
9999 -1
10000 -1
10001 -1
10002 -1
10003 -1
10004 -1
10005 -1
10006 -1
10007 -1
10008 -1
10009 -1
10010 -1
10011 -1
10012 -1
10013 -1
10014 -1
10015 -1
10016 -1
10017 -1
10018 -1
10019 -1
10020 -1
10021 -1
10022 -1
10023 -1
10024 -1
10025 -1
10026 -1
10027 -1
10028 -1
10029 -1
10030 -1
10031 -1
10032 -1
10033 -1
10034 -1
10035 -1
10036 -1
10037 -1
10038 -1
10039 -1
10040 -1
10041 -1
10042 -1
10043 -1
10044 -1
10045 -1
10046 -1
10047 -1
10048 -1
10049 -1
10050 -1
10051 -1
10052 -1
10053 -1
10054 -1
10055 -1
10056 -1
10057 -1
10058 -1
10059 -1
10060 -1
10061 -1
10062 -1
10063 -1
10064 -1
10065 -1
10066 -1
10067 -1
10068 -1
10069 -1
10070 -1
10071 -1
10072 -1
10073 -1
10074 -1
10075 -1
10076 -1
10077 -1
10078 -1
10079 -1
10080 -1
10081 -1
10082 -1
10083 -1
10084 -1
10085 -1
10086 -1
10087 -1
10088 -1
10089 -1
10090 -1
10091 -1
10092 -1
10093 -1
10094 -1
10095 -1
10096 -1
10097 -1
10098 -1
10099 -1
10100 -1
10101 -1
10102 -1
10103 -1
10104 -1
10105 -1
10106 -1
10107 -1
10108 -1
10109 -1
10110 -1
10111 -1
10112 -1
10113 -1
10114 -1
10115 -1
10116 -1
10117 -1
10118 -1
10119 -1
10120 -1
10121 -1
10122 -1
10123 -1
10124 -1
10125 -1
10126 -1
10127 -1
10128 -1
10129 -1
10130 -1
10131 -1
10132 -1
10133 -1
10134 -1
10135 -1
10136 -1
10137 -1
10138 -1
10139 -1
10140 -1
10141 -1
10142 -1
10143 -1
10144 -1
10145 -1
10146 -1
10147 -1
10148 -1
10149 -1
10150 -1
10151 -1
10152 -1
10153 -1
10154 -1
10155 -1
10156 -1
10157 -1
10158 -1
10159 -1
10160 -1
10161 -1
10162 -1
10163 -1
10164 -1
10165 -1
10166 -1
10167 -1
10168 -1
10169 -1
10170 -1
10171 -1
10172 -1
10173 -1
10174 -1
10175 -1
10176 -1
10177 -1
10178 -1
10179 -1
10180 -1
10181 -1
10182 -1
10183 -1
10184 -1
10185 -1
10186 -1
10187 -1
10188 -1
10189 -1
10190 -1
10191 -1
10192 -1
10193 -1
10194 -1
10195 -1
10196 -1
10197 -1
10198 -1
10199 -1
10200 -1
10201 -1
10202 -1
10203 -1
10204 -1
10205 -1
10206 -1
10207 -1
10208 -1
10209 -1
10210 -1
10211 -1
10212 -1
10213 -1
10214 -1
10215 -1
10216 -1
10217 -1
10218 -1
10219 -1
10220 -1
10221 -1
10222 -1
10223 -1
10224 -1
10225 -1
10226 -1
10227 -1
10228 -1
10229 -1
10230 -1
10231 -1
10232 -1
10233 -1
10234 -1
10235 -1
10236 -1
10237 -1
10238 -1
10239 -1
10240 -1
10241 -1
10242 -1
10243 -1
10244 -1
10245 -1
10246 -1
10247 -1
10248 -1
10249 -1
10250 -1
10251 -1
10252 -1
10253 -1
10254 -1
10255 -1
10256 -1
10257 -1
10258 -1
10259 -1
10260 -1
10261 -1
10262 -1
10263 -1
10264 -1
10265 -1
10266 -1
10267 -1
10268 -1
10269 -1
10270 -1
10271 -1
10272 -1
10273 -1
10274 -1
10275 -1
10276 -1
10277 -1
10278 -1
10279 -1
10280 -1
10281 -1
10282 -1
10283 -1
10284 -1
10285 -1
10286 -1
10287 -1
10288 -1
10289 -1
10290 -1
10291 -1
10292 -1
10293 -1
10294 -1
10295 -1
10296 -1
10297 -1
10298 -1
10299 -1
10300 -1
10301 -1
10302 -1
10303 -1
10304 -1
10305 -1
10306 -1
10307 -1
10308 -1
10309 -1
10310 -1
10311 -1
10312 -1
10313 -1
10314 -1
10315 -1
10316 -1
10317 -1
10318 -1
10319 -1
10320 -1
10321 -1
10322 -1
10323 -1
10324 -1
10325 -1
10326 -1
10327 -1
10328 -1
10329 -1
10330 -1
10331 -1
10332 -1
10333 -1
10334 -1
10335 -1
10336 -1
10337 -1
10338 -1
10339 -1
10340 -1
10341 -1
10342 -1
10343 -1
10344 -1
10345 -1
10346 -1
10347 -1
10348 -1
10349 -1
10350 -1
10351 -1
10352 -1
10353 -1
10354 -1
10355 -1
10356 -1
10357 -1
10358 -1
10359 -1
10360 -1
10361 -1
10362 -1
10363 -1
10364 -1
10365 -1
10366 -1
10367 -1
10368 -1
10369 -1
10370 -1
10371 -1
10372 -1
10373 -1
10374 -1
10375 -1
10376 -1
10377 -1
10378 -1
10379 -1
10380 -1
10381 -1
10382 -1
10383 -1
10384 -1
10385 -1
10386 -1
10387 -1
10388 -1
10389 -1
10390 -1
10391 -1
10392 -1
10393 -1
10394 -1
10395 -1
10396 -1
10397 -1
10398 -1
10399 -1
10400 -1
10401 -1
10402 -1
10403 -1
10404 -1
10405 -1
10406 -1
10407 -1
10408 -1
10409 -1
10410 -1
10411 -1
10412 -1
10413 -1
10414 -1
10415 -1
10416 -1
10417 -1
10418 -1
10419 -1
10420 -1
10421 -1
10422 -1
10423 -1
10424 -1
10425 -1
10426 -1
10427 -1
10428 -1
10429 -1
10430 -1
10431 -1
10432 -1
10433 -1
10434 -1
10435 -1
10436 -1
10437 -1
10438 -1
10439 -1
10440 -1
10441 -1
10442 -1
10443 -1
10444 -1
10445 -1
10446 -1
10447 -1
10448 -1
10449 -1
10450 -1
10451 -1
10452 -1
10453 -1
10454 -1
10455 -1
10456 -1
10457 -1
10458 -1
10459 -1
10460 -1
10461 -1
10462 -1
10463 -1
10464 -1
10465 -1
10466 -1
10467 -1
10468 -1
10469 -1
10470 -1
10471 -1
10472 -1
10473 -1
10474 -1
10475 -1
10476 -1
10477 -1
10478 -1
10479 -1
10480 -1
10481 -1
10482 -1
10483 -1
10484 -1
10485 -1
10486 -1
10487 -1
10488 -1
10489 -1
10490 -1
10491 -1
10492 -1
10493 -1
10494 -1
10495 -1
10496 -1
10497 -1
10498 -1
10499 -1
10500 -1
10501 -1
10502 -1
10503 -1
10504 -1
10505 -1
10506 -1
10507 -1
10508 -1
10509 -1
10510 -1
10511 -1
10512 -1
10513 -1
10514 -1
10515 -1
10516 -1
10517 -1
10518 -1
10519 -1
10520 -1
10521 -1
10522 -1
10523 -1
10524 -1
10525 -1
10526 -1
10527 -1
10528 -1
10529 -1
10530 -1
10531 -1
10532 -1
10533 -1
10534 -1
10535 -1
10536 -1
10537 -1
10538 -1
10539 -1
10540 -1
10541 -1
10542 -1
10543 -1
10544 -1
10545 -1
10546 -1
10547 -1
10548 -1
10549 -1
10550 -1
10551 -1
10552 -1
10553 -1
10554 -1
10555 -1
10556 -1
10557 -1
10558 -1
10559 -1
10560 -1
10561 -1
10562 -1
10563 -1
10564 -1
10565 -1
10566 -1
10567 -1
10568 -1
10569 -1
10570 -1
10571 -1
10572 -1
10573 -1
10574 -1
10575 -1
10576 -1
10577 -1
10578 -1
10579 -1
10580 -1
10581 -1
10582 -1
10583 -1
10584 -1
10585 -1
10586 -1
10587 -1
10588 -1
10589 -1
10590 -1
10591 -1
10592 -1
10593 -1
10594 -1
10595 -1
10596 -1
10597 -1
10598 -1
10599 -1
10600 -1
10601 -1
10602 -1
10603 -1
10604 -1
10605 -1
10606 -1
10607 -1
10608 -1
10609 -1
10610 -1
10611 -1
10612 -1
10613 -1
10614 -1
10615 -1
10616 -1
10617 -1
10618 -1
10619 -1
10620 -1
10621 -1
10622 -1
10623 -1
10624 -1
10625 -1
10626 -1
10627 -1
10628 -1
10629 -1
10630 -1
10631 -1
10632 -1
10633 -1
10634 -1
10635 -1
10636 -1
10637 -1
10638 -1
10639 -1
10640 -1
10641 -1
10642 -1
10643 -1
10644 -1
10645 -1
10646 -1
10647 -1
10648 -1
10649 -1
10650 -1
10651 -1
10652 -1
10653 -1
10654 -1
10655 -1
10656 -1
10657 -1
10658 -1
10659 -1
10660 -1
10661 -1
10662 -1
10663 -1
10664 -1
10665 -1
10666 -1
10667 -1
10668 -1
10669 -1
10670 -1
10671 -1
10672 -1
10673 -1
10674 -1
10675 -1
10676 -1
10677 -1
10678 -1
10679 -1
10680 -1
10681 -1
10682 -1
10683 -1
10684 -1
10685 -1
10686 -1
10687 -1
10688 -1
10689 -1
10690 -1
10691 -1
10692 -1
10693 -1
10694 -1
10695 -1
10696 -1
10697 -1
10698 -1
10699 -1
10700 -1
10701 -1
10702 -1
10703 -1
10704 -1
10705 -1
10706 -1
10707 -1
10708 -1
10709 -1
10710 -1
10711 -1
10712 -1
10713 -1
10714 -1
10715 -1
10716 -1
10717 -1
10718 -1
10719 -1
10720 -1
10721 -1
10722 -1
10723 -1
10724 -1
10725 -1
10726 -1
10727 -1
10728 -1
10729 -1
10730 -1
10731 -1
10732 -1
10733 -1
10734 -1
10735 -1
10736 -1
10737 -1
10738 -1
10739 -1
10740 -1
10741 -1
10742 -1
10743 -1
10744 -1
10745 -1
10746 -1
10747 -1
10748 -1
10749 -1
10750 -1
10751 -1
10752 -1
10753 -1
10754 -1
10755 -1
10756 -1
10757 -1
10758 -1
10759 -1
10760 -1
10761 -1
10762 -1
10763 -1
10764 -1
10765 -1
10766 -1
10767 -1
10768 -1
10769 -1
10770 -1
10771 -1
10772 -1
10773 -1
10774 -1
10775 -1
10776 -1
10777 -1
10778 -1
10779 -1
10780 -1
10781 -1
10782 -1
10783 -1
10784 -1
10785 -1
10786 -1
10787 -1
10788 -1
10789 -1
10790 -1
10791 -1
10792 -1
10793 -1
10794 -1
10795 -1
10796 -1
10797 -1
10798 -1
10799 -1
10800 -1
10801 -1
10802 -1
10803 -1
10804 -1
10805 -1
10806 -1
10807 -1
10808 -1
10809 -1
10810 -1
10811 -1
10812 -1
10813 -1
10814 -1
10815 -1
10816 -1
10817 -1
10818 -1
10819 -1
10820 -1
10821 -1
10822 -1
10823 -1
10824 -1
10825 -1
10826 -1
10827 -1
10828 -1
10829 -1
10830 -1
10831 -1
10832 -1
10833 -1
10834 -1
10835 -1
10836 -1
10837 -1
10838 -1
10839 -1
10840 -1
10841 -1
10842 -1
10843 -1
10844 -1
10845 -1
10846 -1
10847 -1
10848 -1
10849 -1
10850 -1
10851 -1
10852 -1
10853 -1
10854 -1
10855 -1
10856 -1
10857 -1
10858 -1
10859 -1
10860 -1
10861 -1
10862 -1
10863 -1
10864 -1
10865 -1
10866 -1
10867 -1
10868 -1
10869 -1
10870 -1
10871 -1
10872 -1
10873 -1
10874 -1
10875 -1
10876 -1
10877 -1
10878 -1
10879 -1
10880 -1
10881 -1
10882 -1
10883 -1
10884 -1
10885 -1
10886 -1
10887 -1
10888 -1
10889 -1
10890 -1
10891 -1
10892 -1
10893 -1
10894 -1
10895 -1
10896 -1
10897 -1
10898 -1
10899 -1
10900 -1
10901 -1
10902 -1
10903 -1
10904 -1
10905 -1
10906 -1
10907 -1
10908 -1
10909 -1
10910 -1
10911 -1
10912 -1
10913 -1
10914 -1
10915 -1
10916 -1
10917 -1
10918 -1
10919 -1
10920 -1
10921 -1
10922 -1
10923 -1
10924 -1
10925 -1
10926 -1
10927 -1
10928 -1
10929 -1
10930 -1
10931 -1
10932 -1
10933 -1
10934 -1
10935 -1
10936 -1
10937 -1
10938 -1
10939 -1
10940 -1
10941 -1
10942 -1
10943 -1
10944 -1
10945 -1
10946 -1
10947 -1
10948 -1
10949 -1
10950 -1
10951 -1
10952 -1
10953 -1
10954 -1
10955 -1
10956 -1
10957 -1
10958 -1
10959 -1
10960 -1
10961 -1
10962 -1
10963 -1
10964 -1
10965 -1
10966 -1
10967 -1
10968 -1
10969 -1
10970 -1
10971 -1
10972 -1
10973 -1
10974 -1
10975 -1
10976 -1
10977 -1
10978 -1
10979 -1
10980 -1
10981 -1
10982 -1
10983 -1
10984 -1
10985 -1
10986 -1
10987 -1
10988 -1
10989 -1
10990 -1
10991 -1
10992 -1
10993 -1
10994 -1
10995 -1
10996 -1
10997 -1
10998 -1
10999 -1
11000 -1
11001 -1
11002 -1
11003 -1
11004 -1
11005 -1
11006 -1
11007 -1
11008 -1
11009 -1
11010 -1
11011 -1
11012 -1
11013 -1
11014 -1
11015 -1
11016 -1
11017 -1
11018 -1
11019 -1
11020 -1
11021 -1
11022 -1
11023 -1
11024 -1
11025 -1
11026 -1
11027 -1
11028 -1
11029 -1
11030 -1
11031 -1
11032 -1
11033 -1
11034 -1
11035 -1
11036 -1
11037 -1
11038 -1
11039 -1
11040 -1
11041 -1
11042 -1
11043 -1
11044 -1
11045 -1
11046 -1
11047 -1
11048 -1
11049 -1
11050 -1
11051 -1
11052 -1
11053 -1
11054 -1
11055 -1
11056 -1
11057 -1
11058 -1
11059 -1
11060 -1
11061 -1
11062 -1
11063 -1
11064 -1
11065 -1
11066 -1
11067 -1
11068 -1
11069 -1
11070 -1
11071 -1
11072 -1
11073 -1
11074 -1
11075 -1
11076 -1
11077 -1
11078 -1
11079 -1
11080 -1
11081 -1
11082 -1
11083 -1
11084 -1
11085 -1
11086 -1
11087 -1
11088 -1
11089 -1
11090 -1
11091 -1
11092 -1
11093 -1
11094 -1
11095 -1
11096 -1
11097 -1
11098 -1
11099 -1
11100 -1
11101 -1
11102 -1
11103 -1
11104 -1
11105 -1
11106 -1
11107 -1
11108 -1
11109 -1
11110 -1
11111 -1
11112 -1
11113 -1
11114 -1
11115 -1
11116 -1
11117 -1
11118 -1
11119 -1
11120 -1
11121 -1
11122 -1
11123 -1
11124 -1
11125 -1
11126 -1
11127 -1
11128 -1
11129 -1
11130 -1
11131 -1
11132 -1
11133 -1
11134 -1
11135 -1
11136 -1
11137 -1
11138 -1
11139 -1
11140 -1
11141 -1
11142 -1
11143 -1
11144 -1
11145 -1
11146 -1
11147 -1
11148 -1
11149 -1
11150 -1
11151 -1
11152 -1
11153 -1
11154 -1
11155 -1
11156 -1
11157 -1
11158 -1
11159 -1
11160 -1
11161 -1
11162 -1
11163 -1
11164 -1
11165 -1
11166 -1
11167 -1
11168 -1
11169 -1
11170 -1
11171 -1
11172 -1
11173 -1
11174 -1
11175 -1
11176 -1
11177 -1
11178 -1
11179 -1
11180 -1
11181 -1
11182 -1
11183 -1
11184 -1
11185 -1
11186 -1
11187 -1
11188 -1
11189 -1
11190 -1
11191 -1
11192 -1
11193 -1
11194 -1
11195 -1
11196 -1
11197 -1
11198 -1
11199 -1
11200 -1
11201 -1
11202 -1
11203 -1
11204 -1
11205 -1
11206 -1
11207 -1
11208 -1
11209 -1
11210 -1
11211 -1
11212 -1
11213 -1
11214 -1
11215 -1
11216 -1
11217 -1
11218 -1
11219 -1
11220 -1
11221 -1
11222 -1
11223 -1
11224 -1
11225 -1
11226 -1
11227 -1
11228 -1
11229 -1
11230 -1
11231 -1
11232 -1
11233 -1
11234 -1
11235 -1
11236 -1
11237 -1
11238 -1
11239 -1
11240 -1
11241 -1
11242 -1
11243 -1
11244 -1
11245 -1
11246 -1
11247 -1
11248 -1
11249 -1
11250 -1
11251 -1
11252 -1
11253 -1
11254 -1
11255 -1
11256 -1
11257 -1
11258 -1
11259 -1
11260 -1
11261 -1
11262 -1
11263 -1
11264 -1
11265 -1
11266 -1
11267 -1
11268 -1
11269 -1
11270 -1
11271 -1
11272 -1
11273 -1
11274 -1
11275 -1
11276 -1
11277 -1
11278 -1
11279 -1
11280 -1
11281 -1
11282 -1
11283 -1
11284 -1
11285 -1
11286 -1
11287 -1
11288 -1
11289 -1
11290 -1
11291 -1
11292 -1
11293 -1
11294 -1
11295 -1
11296 -1
11297 -1
11298 -1
11299 -1
11300 -1
11301 -1
11302 -1
11303 -1
11304 -1
11305 -1
11306 -1
11307 -1
11308 -1
11309 -1
11310 -1
11311 -1
11312 -1
11313 -1
11314 -1
11315 -1
11316 -1
11317 -1
11318 -1
11319 -1
11320 -1
11321 -1
11322 -1
11323 -1
11324 -1
11325 -1
11326 -1
11327 -1
11328 -1
11329 -1
11330 -1
11331 -1
11332 -1
11333 -1
11334 -1
11335 -1
11336 -1
11337 -1
11338 -1
11339 -1
11340 -1
11341 -1
11342 -1
11343 -1
11344 -1
11345 -1
11346 -1
11347 -1
11348 -1
11349 -1
11350 -1
11351 -1
11352 -1
11353 -1
11354 -1
11355 -1
11356 -1
11357 -1
11358 -1
11359 -1
11360 -1
11361 -1
11362 -1
11363 -1
11364 -1
11365 -1
11366 -1
11367 -1
11368 -1
11369 -1
11370 -1
11371 -1
11372 -1
11373 -1
11374 -1
11375 -1
11376 -1
11377 -1
11378 -1
11379 -1
11380 -1
11381 -1
11382 -1
11383 -1
11384 -1
11385 -1
11386 -1
11387 -1
11388 -1
11389 -1
11390 -1
11391 -1
11392 -1
11393 -1
11394 -1
11395 -1
11396 -1
11397 -1
11398 -1
11399 -1
11400 -1
11401 -1
11402 -1
11403 -1
11404 -1
11405 -1
11406 -1
11407 -1
11408 -1
11409 -1
11410 -1
11411 -1
11412 -1
11413 -1
11414 -1
11415 -1
11416 -1
11417 -1
11418 -1
11419 -1
11420 -1
11421 -1
11422 -1
11423 -1
11424 -1
11425 -1
11426 -1
11427 -1
11428 -1
11429 -1
11430 -1
11431 -1
11432 -1
11433 -1
11434 -1
11435 -1
11436 -1
11437 -1
11438 -1
11439 -1
11440 -1
11441 -1
11442 -1
11443 -1
11444 -1
11445 -1
11446 -1
11447 -1
11448 -1
11449 -1
11450 -1
11451 -1
11452 -1
11453 -1
11454 -1
11455 -1
11456 -1
11457 -1
11458 -1
11459 -1
11460 -1
11461 -1
11462 -1
11463 -1
11464 -1
11465 -1
11466 -1
11467 -1
11468 -1
11469 -1
11470 -1
11471 -1
11472 -1
11473 -1
11474 -1
11475 -1
11476 -1
11477 -1
11478 -1
11479 -1
11480 -1
11481 -1
11482 -1
11483 -1
11484 -1
11485 -1
11486 -1
11487 -1
11488 -1
11489 -1
11490 -1
11491 -1
11492 -1
11493 -1
11494 -1
11495 -1
11496 -1
11497 -1
11498 -1
11499 -1
11500 -1
11501 -1
11502 -1
11503 -1
11504 -1
11505 -1
11506 -1
11507 -1
11508 -1
11509 -1
11510 -1
11511 -1
11512 -1
11513 -1
11514 -1
11515 -1
11516 -1
11517 -1
11518 -1
11519 -1
11520 -1
11521 -1
11522 -1
11523 -1
11524 -1
11525 -1
11526 -1
11527 -1
11528 -1
11529 -1
11530 -1
11531 -1
11532 -1
11533 -1
11534 -1
11535 -1
11536 -1
11537 -1
11538 -1
11539 -1
11540 -1
11541 -1
11542 -1
11543 -1
11544 -1
11545 -1
11546 -1
11547 -1
11548 -1
11549 -1
11550 -1
11551 -1
11552 -1
11553 -1
11554 -1
11555 -1
11556 -1
11557 -1
11558 -1
11559 -1
11560 -1
11561 -1
11562 -1
11563 -1
11564 -1
11565 -1
11566 -1
11567 -1
11568 -1
11569 -1
11570 -1
11571 -1
11572 -1
11573 -1
11574 -1
11575 -1
11576 -1
11577 -1
11578 -1
11579 -1
11580 -1
11581 -1
11582 -1
11583 -1
11584 -1
11585 -1
11586 -1
11587 -1
11588 -1
11589 -1
11590 -1
11591 -1
11592 -1
11593 -1
11594 -1
11595 -1
11596 -1
11597 -1
11598 -1
11599 -1
11600 -1
11601 -1
11602 -1
11603 -1
11604 -1
11605 -1
11606 -1
11607 -1
11608 -1
11609 -1
11610 -1
11611 -1
11612 -1
11613 -1
11614 -1
11615 -1
11616 -1
11617 -1
11618 -1
11619 -1
11620 -1
11621 -1
11622 -1
11623 -1
11624 -1
11625 -1
11626 -1
11627 -1
11628 -1
11629 -1
11630 -1
11631 -1
11632 -1
11633 -1
11634 -1
11635 -1
11636 -1
11637 -1
11638 -1
11639 -1
11640 -1
11641 -1
11642 -1
11643 -1
11644 -1
11645 -1
11646 -1
11647 -1
11648 -1
11649 -1
11650 -1
11651 -1
11652 -1
11653 -1
11654 -1
11655 -1
11656 -1
11657 -1
11658 -1
11659 -1
11660 -1
11661 -1
11662 -1
11663 -1
11664 -1
11665 -1
11666 -1
11667 -1
11668 -1
11669 -1
11670 -1
11671 -1
11672 -1
11673 -1
11674 -1
11675 -1
11676 -1
11677 -1
11678 -1
11679 -1
11680 -1
11681 -1
11682 -1
11683 -1
11684 -1
11685 -1
11686 -1
11687 -1
11688 -1
11689 -1
11690 -1
11691 -1
11692 -1
11693 -1
11694 -1
11695 -1
11696 -1
11697 -1
11698 -1
11699 -1
11700 -1
11701 -1
11702 -1
11703 -1
11704 -1
11705 -1
11706 -1
11707 -1
11708 -1
11709 -1
11710 -1
11711 -1
11712 -1
11713 -1
11714 -1
11715 -1
11716 -1
11717 -1
11718 -1
11719 -1
11720 -1
11721 -1
11722 -1
11723 -1
11724 -1
11725 -1
11726 -1
11727 -1
11728 -1
11729 -1
11730 -1
11731 -1
11732 -1
11733 -1
11734 -1
11735 -1
11736 -1
11737 -1
11738 -1
11739 -1
11740 -1
11741 -1
11742 -1
11743 -1
11744 -1
11745 -1
11746 -1
11747 -1
11748 -1
11749 -1
11750 -1
11751 -1
11752 -1
11753 -1
11754 -1
11755 -1
11756 -1
11757 -1
11758 -1
11759 -1
11760 -1
11761 -1
11762 -1
11763 -1
11764 -1
11765 -1
11766 -1
11767 -1
11768 -1
11769 -1
11770 -1
11771 -1
11772 -1
11773 -1
11774 -1
11775 -1
11776 -1
11777 -1
11778 -1
11779 -1
11780 -1
11781 -1
11782 -1
11783 -1
11784 -1
11785 -1
11786 -1
11787 -1
11788 -1
11789 -1
11790 -1
11791 -1
11792 -1
11793 -1
11794 -1
11795 -1
11796 -1
11797 -1
11798 -1
11799 -1
11800 -1
11801 -1
11802 -1
11803 -1
11804 -1
11805 -1
11806 -1
11807 -1
11808 -1
11809 -1
11810 -1
11811 -1
11812 -1
11813 -1
11814 -1
11815 -1
11816 -1
11817 -1
11818 -1
11819 -1
11820 -1
11821 -1
11822 -1
11823 -1
11824 -1
11825 -1
11826 -1
11827 -1
11828 -1
11829 -1
11830 -1
11831 -1
11832 -1
11833 -1
11834 -1
11835 -1
11836 -1
11837 -1
11838 -1
11839 -1
11840 -1
11841 -1
11842 -1
11843 -1
11844 -1
11845 -1
11846 -1
11847 -1
11848 -1
11849 -1
11850 -1
11851 -1
11852 -1
11853 -1
11854 -1
11855 -1
11856 -1
11857 -1
11858 -1
11859 -1
11860 -1
11861 -1
11862 -1
11863 -1
11864 -1
11865 -1
11866 -1
11867 -1
11868 -1
11869 -1
11870 -1
11871 -1
11872 -1
11873 -1
11874 -1
11875 -1
11876 -1
11877 -1
11878 -1
11879 -1
11880 -1
11881 -1
11882 -1
11883 -1
11884 -1
11885 -1
11886 -1
11887 -1
11888 -1
11889 -1
11890 -1
11891 -1
11892 -1
11893 -1
11894 -1
11895 -1
11896 -1
11897 -1
11898 -1
11899 -1
11900 -1
11901 -1
11902 -1
11903 -1
11904 -1
11905 -1
11906 -1
11907 -1
11908 -1
11909 -1
11910 -1
11911 -1
11912 -1
11913 -1
11914 -1
11915 -1
11916 -1
11917 -1
11918 -1
11919 -1
11920 -1
11921 -1
11922 -1
11923 -1
11924 -1
11925 -1
11926 -1
11927 -1
11928 -1
11929 -1
11930 -1
11931 -1
11932 -1
11933 -1
11934 -1
11935 -1
11936 -1
11937 -1
11938 -1
11939 -1
11940 -1
11941 -1
11942 -1
11943 -1
11944 -1
11945 -1
11946 -1
11947 -1
11948 -1
11949 -1
11950 -1
11951 -1
11952 -1
11953 -1
11954 -1
11955 -1
11956 -1
11957 -1
11958 -1
11959 -1
11960 -1
11961 -1
11962 -1
11963 -1
11964 -1
11965 -1
11966 -1
11967 -1
11968 -1
11969 -1
11970 -1
11971 -1
11972 -1
11973 -1
11974 -1
11975 -1
11976 -1
11977 -1
11978 -1
11979 -1
11980 -1
11981 -1
11982 -1
11983 -1
11984 -1
11985 -1
11986 -1
11987 -1
11988 -1
11989 -1
11990 -1
11991 -1
11992 -1
11993 -1
11994 -1
11995 -1
11996 -1
11997 -1
11998 -1
11999 -1
12000 -1
12001 -1
12002 -1
12003 -1
12004 -1
12005 -1
12006 -1
12007 -1
12008 -1
12009 -1
12010 -1
12011 -1
12012 -1
12013 -1
12014 -1
12015 -1
12016 -1
12017 -1
12018 -1
12019 -1
12020 -1
12021 -1
12022 -1
12023 -1
12024 -1
12025 -1
12026 -1
12027 -1
12028 -1
12029 -1
12030 -1
12031 -1
12032 -1
12033 -1
12034 -1
12035 -1
12036 -1
12037 -1
12038 -1
12039 -1
12040 -1
12041 -1
12042 -1
12043 -1
12044 -1
12045 -1
12046 -1
12047 -1
12048 -1
12049 -1
12050 -1
12051 -1
12052 -1
12053 -1
12054 -1
12055 -1
12056 -1
12057 -1
12058 -1
12059 -1
12060 -1
12061 -1
12062 -1
12063 -1
12064 -1
12065 -1
12066 -1
12067 -1
12068 -1
12069 -1
12070 -1
12071 -1
12072 -1
12073 -1
12074 -1
12075 -1
12076 -1
12077 -1
12078 -1
12079 -1
12080 -1
12081 -1
12082 -1
12083 -1
12084 -1
12085 -1
12086 -1
12087 -1
12088 -1
12089 -1
12090 -1
12091 -1
12092 -1
12093 -1
12094 -1
12095 -1
12096 -1
12097 -1
12098 -1
12099 -1
12100 -1
12101 -1
12102 -1
12103 -1
12104 -1
12105 -1
12106 -1
12107 -1
12108 -1
12109 -1
12110 -1
12111 -1
12112 -1
12113 -1
12114 -1
12115 -1
12116 -1
12117 -1
12118 -1
12119 -1
12120 -1
12121 -1
12122 -1
12123 -1
12124 -1
12125 -1
12126 -1
12127 -1
12128 -1
12129 -1
12130 -1
12131 -1
12132 -1
12133 -1
12134 -1
12135 -1
12136 -1
12137 -1
12138 -1
12139 -1
12140 -1
12141 -1
12142 -1
12143 -1
12144 -1
12145 -1
12146 -1
12147 -1
12148 -1
12149 -1
12150 -1
12151 -1
12152 -1
12153 -1
12154 -1
12155 -1
12156 -1
12157 -1
12158 -1
12159 -1
12160 -1
12161 -1
12162 -1
12163 -1
12164 -1
12165 -1
12166 -1
12167 -1
12168 -1
12169 -1
12170 -1
12171 -1
12172 -1
12173 -1
12174 -1
12175 -1
12176 -1
12177 -1
12178 -1
12179 -1
12180 -1
12181 -1
12182 -1
12183 -1
12184 -1
12185 -1
12186 -1
12187 -1
12188 -1
12189 -1
12190 -1
12191 -1
12192 -1
12193 -1
12194 -1
12195 -1
12196 -1
12197 -1
12198 -1
12199 -1
12200 -1
12201 -1
12202 -1
12203 -1
12204 -1
12205 -1
12206 -1
12207 -1
12208 -1
12209 -1
12210 -1
12211 -1
12212 -1
12213 -1
12214 -1
12215 -1
12216 -1
12217 -1
12218 -1
12219 -1
12220 -1
12221 -1
12222 -1
12223 -1
12224 -1
12225 -1
12226 -1
12227 -1
12228 -1
12229 -1
12230 -1
12231 -1
12232 -1
12233 -1
12234 -1
12235 -1
12236 -1
12237 -1
12238 -1
12239 -1
12240 -1
12241 -1
12242 -1
12243 -1
12244 -1
12245 -1
12246 -1
12247 -1
12248 -1
12249 -1
12250 -1
12251 -1
12252 -1
12253 -1
12254 -1
12255 -1
12256 -1
12257 -1
12258 -1
12259 -1
12260 -1
12261 -1
12262 -1
12263 -1
12264 -1
12265 -1
12266 -1
12267 -1
12268 -1
12269 -1
12270 -1
12271 -1
12272 -1
12273 -1
12274 -1
12275 -1
12276 -1
12277 -1
12278 -1
12279 -1
12280 -1
12281 -1
12282 -1
12283 -1
12284 -1
12285 -1
12286 -1
12287 -1
12288 -1
12289 -1
12290 -1
12291 -1
12292 -1
12293 -1
12294 -1
12295 -1
12296 -1
12297 -1
12298 -1
12299 -1
12300 -1
12301 -1
12302 -1
12303 -1
12304 -1
12305 -1
12306 -1
12307 -1
12308 -1
12309 -1
12310 -1
12311 -1
12312 -1
12313 -1
12314 -1
12315 -1
12316 -1
12317 -1
12318 -1
12319 -1
12320 -1
12321 -1
12322 -1
12323 -1
12324 -1
12325 -1
12326 -1
12327 -1
12328 -1
12329 -1
12330 -1
12331 -1
12332 -1
12333 -1
12334 -1
12335 -1
12336 -1
12337 -1
12338 -1
12339 -1
12340 -1
12341 -1
12342 -1
12343 -1
12344 -1
12345 -1
12346 -1
12347 -1
12348 -1
12349 -1
12350 -1
12351 -1
12352 -1
12353 -1
12354 -1
12355 -1
12356 -1
12357 -1
12358 -1
12359 -1
12360 -1
12361 -1
12362 -1
12363 -1
12364 -1
12365 -1
12366 -1
12367 -1
12368 -1
12369 -1
12370 -1
12371 -1
12372 -1
12373 -1
12374 -1
12375 -1
12376 -1
12377 -1
12378 -1
12379 -1
12380 -1
12381 -1
12382 -1
12383 -1
12384 -1
12385 -1
12386 -1
12387 -1
12388 -1
12389 -1
12390 -1
12391 -1
12392 -1
12393 -1
12394 -1
12395 -1
12396 -1
12397 -1
12398 -1
12399 -1
12400 -1
12401 -1
12402 -1
12403 -1
12404 -1
12405 -1
12406 -1
12407 -1
12408 -1
12409 -1
12410 -1
12411 -1
12412 -1
12413 -1
12414 -1
12415 -1
12416 -1
12417 -1
12418 -1
12419 -1
12420 -1
12421 -1
12422 -1
12423 -1
12424 -1
12425 -1
12426 -1
12427 -1
12428 -1
12429 -1
12430 -1
12431 -1
12432 -1
12433 -1
12434 -1
12435 -1
12436 -1
12437 -1
12438 -1
12439 -1
12440 -1
12441 -1
12442 -1
12443 -1
12444 -1
12445 -1
12446 -1
12447 -1
12448 -1
12449 -1
12450 -1
12451 -1
12452 -1
12453 -1
12454 -1
12455 -1
12456 -1
12457 -1
12458 -1
12459 -1
12460 -1
12461 -1
12462 -1
12463 -1
12464 -1
12465 -1
12466 -1
12467 -1
12468 -1
12469 -1
12470 -1
12471 -1
12472 -1
12473 -1
12474 -1
12475 -1
12476 -1
12477 -1
12478 -1
12479 -1
12480 -1
12481 -1
12482 -1
12483 -1
12484 -1
12485 -1
12486 -1
12487 -1
12488 -1
12489 -1
12490 -1
12491 -1
12492 -1
12493 -1
12494 -1
12495 -1
12496 -1
12497 -1
12498 -1
12499 -1
12500 -1
12501 -1
12502 -1
12503 -1
12504 -1
12505 -1
12506 -1
12507 -1
12508 -1
12509 -1
12510 -1
12511 -1
12512 -1
12513 -1
12514 -1
12515 -1
12516 -1
12517 -1
12518 -1
12519 -1
12520 -1
12521 -1
12522 -1
12523 -1
12524 -1
12525 -1
12526 -1
12527 -1
12528 -1
12529 -1
12530 -1
12531 -1
12532 -1
12533 -1
12534 -1
12535 -1
12536 -1
12537 -1
12538 -1
12539 -1
12540 -1
12541 -1
12542 -1
12543 -1
12544 -1
12545 -1
12546 -1
12547 -1
12548 -1
12549 -1
12550 -1
12551 -1
12552 -1
12553 -1
12554 -1
12555 -1
12556 -1
12557 -1
12558 -1
12559 -1
12560 -1
12561 -1
12562 -1
12563 -1
12564 -1
12565 -1
12566 -1
12567 -1
12568 -1
12569 -1
12570 -1
12571 -1
12572 -1
12573 -1
12574 -1
12575 -1
12576 -1
12577 -1
12578 -1
12579 -1
12580 -1
12581 -1
12582 -1
12583 -1
12584 -1
12585 -1
12586 -1
12587 -1
12588 -1
12589 -1
12590 -1
12591 -1
12592 -1
12593 -1
12594 -1
12595 -1
12596 -1
12597 -1
12598 -1
12599 -1
12600 -1
12601 -1
12602 -1
12603 -1
12604 -1
12605 -1
12606 -1
12607 -1
12608 -1
12609 -1
12610 -1
12611 -1
12612 -1
12613 -1
12614 -1
12615 -1
12616 -1
12617 -1
12618 -1
12619 -1
12620 -1
12621 -1
12622 -1
12623 -1
12624 -1
12625 -1
12626 -1
12627 -1
12628 -1
12629 -1
12630 -1
12631 -1
12632 -1
12633 -1
12634 -1
12635 -1
12636 -1
12637 -1
12638 -1
12639 -1
12640 -1
12641 -1
12642 -1
12643 -1
12644 -1
12645 -1
12646 -1
12647 -1
12648 -1
12649 -1
12650 -1
12651 -1
12652 -1
12653 -1
12654 -1
12655 -1
12656 -1
12657 -1
12658 -1
12659 -1
12660 -1
12661 -1
12662 -1
12663 -1
12664 -1
12665 -1
12666 -1
12667 -1
12668 -1
12669 -1
12670 -1
12671 -1
12672 -1
12673 -1
12674 -1
12675 -1
12676 -1
12677 -1
12678 -1
12679 -1
12680 -1
12681 -1
12682 -1
12683 -1
12684 -1
12685 -1
12686 -1
12687 -1
12688 -1
12689 -1
12690 -1
12691 -1
12692 -1
12693 -1
12694 -1
12695 -1
12696 -1
12697 -1
12698 -1
12699 -1
12700 -1
12701 -1
12702 -1
12703 -1
12704 -1
12705 -1
12706 -1
12707 -1
12708 -1
12709 -1
12710 -1
12711 -1
12712 -1
12713 -1
12714 -1
12715 -1
12716 -1
12717 -1
12718 -1
12719 -1
12720 -1
12721 -1
12722 -1
12723 -1
12724 -1
12725 -1
12726 -1
12727 -1
12728 -1
12729 -1
12730 -1
12731 -1
12732 -1
12733 -1
12734 -1
12735 -1
12736 -1
12737 -1
12738 -1
12739 -1
12740 -1
12741 -1
12742 -1
12743 -1
12744 -1
12745 -1
12746 -1
12747 -1
12748 -1
12749 -1
12750 -1
12751 -1
12752 -1
12753 -1
12754 -1
12755 -1
12756 -1
12757 -1
12758 -1
12759 -1
12760 -1
12761 -1
12762 -1
12763 -1
12764 -1
12765 -1
12766 -1
12767 -1
12768 -1
12769 -1
12770 -1
12771 -1
12772 -1
12773 -1
12774 -1
12775 -1
12776 -1
12777 -1
12778 -1
12779 -1
12780 -1
12781 -1
12782 -1
12783 -1
12784 -1
12785 -1
12786 -1
12787 -1
12788 -1
12789 -1
12790 -1
12791 -1
12792 -1
12793 -1
12794 -1
12795 -1
12796 -1
12797 -1
12798 -1
12799 -1
12800 -1
12801 -1
12802 -1
12803 -1
12804 -1
12805 -1
12806 -1
12807 -1
12808 -1
12809 -1
12810 -1
12811 -1
12812 -1
12813 -1
12814 -1
12815 -1
12816 -1
12817 -1
12818 -1
12819 -1
12820 -1
12821 -1
12822 -1
12823 -1
12824 -1
12825 -1
12826 -1
12827 -1
12828 -1
12829 -1
12830 -1
12831 -1
12832 -1
12833 -1
12834 -1
12835 -1
12836 -1
12837 -1
12838 -1
12839 -1
12840 -1
12841 -1
12842 -1
12843 -1
12844 -1
12845 -1
12846 -1
12847 -1
12848 -1
12849 -1
12850 -1
12851 -1
12852 -1
12853 -1
12854 -1
12855 -1
12856 -1
12857 -1
12858 -1
12859 -1
12860 -1
12861 -1
12862 -1
12863 -1
12864 -1
12865 -1
12866 -1
12867 -1
12868 -1
12869 -1
12870 -1
12871 -1
12872 -1
12873 -1
12874 -1
12875 -1
12876 -1
12877 -1
12878 -1
12879 -1
12880 -1
12881 -1
12882 -1
12883 -1
12884 -1
12885 -1
12886 -1
12887 -1
12888 -1
12889 -1
12890 -1
12891 -1
12892 -1
12893 -1
12894 -1
12895 -1
12896 -1
12897 -1
12898 -1
12899 -1
12900 -1
12901 -1
12902 -1
12903 -1
12904 -1
12905 -1
12906 -1
12907 -1
12908 -1
12909 -1
12910 -1
12911 -1
12912 -1
12913 -1
12914 -1
12915 -1
12916 -1
12917 -1
12918 -1
12919 -1
12920 -1
12921 -1
12922 -1
12923 -1
12924 -1
12925 -1
12926 -1
12927 -1
12928 -1
12929 -1
12930 -1
12931 -1
12932 -1
12933 -1
12934 -1
12935 -1
12936 -1
12937 -1
12938 -1
12939 -1
12940 -1
12941 -1
12942 -1
12943 -1
12944 -1
12945 -1
12946 -1
12947 -1
12948 -1
12949 -1
12950 -1
12951 -1
12952 -1
12953 -1
12954 -1
12955 -1
12956 -1
12957 -1
12958 -1
12959 -1
12960 -1
12961 -1
12962 -1
12963 -1
12964 -1
12965 -1
12966 -1
12967 -1
12968 -1
12969 -1
12970 -1
12971 -1
12972 -1
12973 -1
12974 -1
12975 -1
12976 -1
12977 -1
12978 -1
12979 -1
12980 -1
12981 -1
12982 -1
12983 -1
12984 -1
12985 -1
12986 -1
12987 -1
12988 -1
12989 -1
12990 -1
12991 -1
12992 -1
12993 -1
12994 -1
12995 -1
12996 -1
12997 -1
12998 -1
12999 -1
13000 -1
13001 -1
13002 -1
13003 -1
13004 -1
13005 -1
13006 -1
13007 -1
13008 -1
13009 -1
13010 -1
13011 -1
13012 -1
13013 -1
13014 -1
13015 -1
13016 -1
13017 -1
13018 -1
13019 -1
13020 -1
13021 -1
13022 -1
13023 -1
13024 -1
13025 -1
13026 -1
13027 -1
13028 -1
13029 -1
13030 -1
13031 -1
13032 -1
13033 -1
13034 -1
13035 -1
13036 -1
13037 -1
13038 -1
13039 -1
13040 -1
13041 -1
13042 -1
13043 -1
13044 -1
13045 -1
13046 -1
13047 -1
13048 -1
13049 -1
13050 -1
13051 -1
13052 -1
13053 -1
13054 -1
13055 -1
13056 -1
13057 -1
13058 -1
13059 -1
13060 -1
13061 -1
13062 -1
13063 -1
13064 -1
13065 -1
13066 -1
13067 -1
13068 -1
13069 -1
13070 -1
13071 -1
13072 -1
13073 -1
13074 -1
13075 -1
13076 -1
13077 -1
13078 -1
13079 -1
13080 -1
13081 -1
13082 -1
13083 -1
13084 -1
13085 -1
13086 -1
13087 -1
13088 -1
13089 -1
13090 -1
13091 -1
13092 -1
13093 -1
13094 -1
13095 -1
13096 -1
13097 -1
13098 -1
13099 -1
13100 -1
13101 -1
13102 -1
13103 -1
13104 -1
13105 -1
13106 -1
13107 -1
13108 -1
13109 -1
13110 -1
13111 -1
13112 -1
13113 -1
13114 -1
13115 -1
13116 -1
13117 -1
13118 -1
13119 -1
13120 -1
13121 -1
13122 -1
13123 -1
13124 -1
13125 -1
13126 -1
13127 -1
13128 -1
13129 -1
13130 -1
13131 -1
13132 -1
13133 -1
13134 -1
13135 -1
13136 -1
13137 -1
13138 -1
13139 -1
13140 -1
13141 -1
13142 -1
13143 -1
13144 -1
13145 -1
13146 -1
13147 -1
13148 -1
13149 -1
13150 -1
13151 -1
13152 -1
13153 -1
13154 -1
13155 -1
13156 -1
13157 -1
13158 -1
13159 -1
13160 -1
13161 -1
13162 -1
13163 -1
13164 -1
13165 -1
13166 -1
13167 -1
13168 -1
13169 -1
13170 -1
13171 -1
13172 -1
13173 -1
13174 -1
13175 -1
13176 -1
13177 -1
13178 -1
13179 -1
13180 -1
13181 -1
13182 -1
13183 -1
13184 -1
13185 -1
13186 -1
13187 -1
13188 -1
13189 -1
13190 -1
13191 -1
13192 -1
13193 -1
13194 -1
13195 -1
13196 -1
13197 -1
13198 -1
13199 -1
13200 -1
13201 -1
13202 -1
13203 -1
13204 -1
13205 -1
13206 -1
13207 -1
13208 -1
13209 -1
13210 -1
13211 -1
13212 -1
13213 -1
13214 -1
13215 -1
13216 -1
13217 -1
13218 -1
13219 -1
13220 -1
13221 -1
13222 -1
13223 -1
13224 -1
13225 -1
13226 -1
13227 -1
13228 -1
13229 -1
13230 -1
13231 -1
13232 -1
13233 -1
13234 -1
13235 -1
13236 -1
13237 -1
13238 -1
13239 -1
13240 -1
13241 -1
13242 -1
13243 -1
13244 -1
13245 -1
13246 -1
13247 -1
13248 -1
13249 -1
13250 -1
13251 -1
13252 -1
13253 -1
13254 -1
13255 -1
13256 -1
13257 -1
13258 -1
13259 -1
13260 -1
13261 -1
13262 -1
13263 -1
13264 -1
13265 -1
13266 -1
13267 -1
13268 -1
13269 -1
13270 -1
13271 -1
13272 -1
13273 -1
13274 -1
13275 -1
13276 -1
13277 -1
13278 -1
13279 -1
13280 -1
13281 -1
13282 -1
13283 -1
13284 -1
13285 -1
13286 -1
13287 -1
13288 -1
13289 -1
13290 -1
13291 -1
13292 -1
13293 -1
13294 -1
13295 -1
13296 -1
13297 -1
13298 -1
13299 -1
13300 -1
13301 -1
13302 -1
13303 -1
13304 -1
13305 -1
13306 -1
13307 -1
13308 -1
13309 -1
13310 -1
13311 -1
13312 -1
13313 -1
13314 -1
13315 -1
13316 -1
13317 -1
13318 -1
13319 -1
13320 -1
13321 -1
13322 -1
13323 -1
13324 -1
13325 -1
13326 -1
13327 -1
13328 -1
13329 -1
13330 -1
13331 -1
13332 -1
13333 -1
13334 -1
13335 -1
13336 -1
13337 -1
13338 -1
13339 -1
13340 -1
13341 -1
13342 -1
13343 -1
13344 -1
13345 -1
13346 -1
13347 -1
13348 -1
13349 -1
13350 -1
13351 -1
13352 -1
13353 -1
13354 -1
13355 -1
13356 -1
13357 -1
13358 -1
13359 -1
13360 -1
13361 -1
13362 -1
13363 -1
13364 -1
13365 -1
13366 -1
13367 -1
13368 -1
13369 -1
13370 -1
13371 -1
13372 -1
13373 -1
13374 -1
13375 -1
13376 -1
13377 -1
13378 -1
13379 -1
13380 -1
13381 -1
13382 -1
13383 -1
13384 -1
13385 -1
13386 -1
13387 -1
13388 -1
13389 -1
13390 -1
13391 -1
13392 -1
13393 -1
13394 -1
13395 -1
13396 -1
13397 -1
13398 -1
13399 -1
13400 -1
13401 -1
13402 -1
13403 -1
13404 -1
13405 -1
13406 -1
13407 -1
13408 -1
13409 -1
13410 -1
13411 -1
13412 -1
13413 -1
13414 -1
13415 -1
13416 -1
13417 -1
13418 -1
13419 -1
13420 -1
13421 -1
13422 -1
13423 -1
13424 -1
13425 -1
13426 -1
13427 -1
13428 -1
13429 -1
13430 -1
13431 -1
13432 -1
13433 -1
13434 -1
13435 -1
13436 -1
13437 -1
13438 -1
13439 -1
13440 -1
13441 -1
13442 -1
13443 -1
13444 -1
13445 -1
13446 -1
13447 -1
13448 -1
13449 -1
13450 -1
13451 -1
13452 -1
13453 -1
13454 -1
13455 -1
13456 -1
13457 -1
13458 -1
13459 -1
13460 -1
13461 -1
13462 -1
13463 -1
13464 -1
13465 -1
13466 -1
13467 -1
13468 -1
13469 -1
13470 -1
13471 -1
13472 -1
13473 -1
13474 -1
13475 -1
13476 -1
13477 -1
13478 -1
13479 -1
13480 -1
13481 -1
13482 -1
13483 -1
13484 -1
13485 -1
13486 -1
13487 -1
13488 -1
13489 -1
13490 -1
13491 -1
13492 -1
13493 -1
13494 -1
13495 -1
13496 -1
13497 -1
13498 -1
13499 -1
13500 -1
13501 -1
13502 -1
13503 -1
13504 -1
13505 -1
13506 -1
13507 -1
13508 -1
13509 -1
13510 -1
13511 -1
13512 -1
13513 -1
13514 -1
13515 -1
13516 -1
13517 -1
13518 -1
13519 -1
13520 -1
13521 -1
13522 -1
13523 -1
13524 -1
13525 -1
13526 -1
13527 -1
13528 -1
13529 -1
13530 -1
13531 -1
13532 -1
13533 -1
13534 -1
13535 -1
13536 -1
13537 -1
13538 -1
13539 -1
13540 -1
13541 -1
13542 -1
13543 -1
13544 -1
13545 -1
13546 -1
13547 -1
13548 -1
13549 -1
13550 -1
13551 -1
13552 -1
13553 -1
13554 -1
13555 -1
13556 -1
13557 -1
13558 -1
13559 -1
13560 -1
13561 -1
13562 -1
13563 -1
13564 -1
13565 -1
13566 -1
13567 -1
13568 -1
13569 -1
13570 -1
13571 -1
13572 -1
13573 -1
13574 -1
13575 -1
13576 -1
13577 -1
13578 -1
13579 -1
13580 -1
13581 -1
13582 -1
13583 -1
13584 -1
13585 -1
13586 -1
13587 -1
13588 -1
13589 -1
13590 -1
13591 -1
13592 -1
13593 -1
13594 -1
13595 -1
13596 -1
13597 -1
13598 -1
13599 -1
13600 -1
13601 -1
13602 -1
13603 -1
13604 -1
13605 -1
13606 -1
13607 -1
13608 -1
13609 -1
13610 -1
13611 -1
13612 -1
13613 -1
13614 -1
13615 -1
13616 -1
13617 -1
13618 -1
13619 -1
13620 -1
13621 -1
13622 -1
13623 -1
13624 -1
13625 -1
13626 -1
13627 -1
13628 -1
13629 -1
13630 -1
13631 -1
13632 -1
13633 -1
13634 -1
13635 -1
13636 -1
13637 -1
13638 -1
13639 -1
13640 -1
13641 -1
13642 -1
13643 -1
13644 -1
13645 -1
13646 -1
13647 -1
13648 -1
13649 -1
13650 -1
13651 -1
13652 -1
13653 -1
13654 -1
13655 -1
13656 -1
13657 -1
13658 -1
13659 -1
13660 -1
13661 -1
13662 -1
13663 -1
13664 -1
13665 -1
13666 -1
13667 -1
13668 -1
13669 -1
13670 -1
13671 -1
13672 -1
13673 -1
13674 -1
13675 -1
13676 -1
13677 -1
13678 -1
13679 -1
13680 -1
13681 -1
13682 -1
13683 -1
13684 -1
13685 -1
13686 -1
13687 -1
13688 -1
13689 -1
13690 -1
13691 -1
13692 -1
13693 -1
13694 -1
13695 -1
13696 -1
13697 -1
13698 -1
13699 -1
13700 -1
13701 -1
13702 -1
13703 -1
13704 -1
13705 -1
13706 -1
13707 -1
13708 -1
13709 -1
13710 -1
13711 -1
13712 -1
13713 -1
13714 -1
13715 -1
13716 -1
13717 -1
13718 -1
13719 -1
13720 -1
13721 -1
13722 -1
13723 -1
13724 -1
13725 -1
13726 -1
13727 -1
13728 -1
13729 -1
13730 -1
13731 -1
13732 -1
13733 -1
13734 -1
13735 -1
13736 -1
13737 -1
13738 -1
13739 -1
13740 -1
13741 -1
13742 -1
13743 -1
13744 -1
13745 -1
13746 -1
13747 -1
13748 -1
13749 -1
13750 -1
13751 -1
13752 -1
13753 -1
13754 -1
13755 -1
13756 -1
13757 -1
13758 -1
13759 -1
13760 -1
13761 -1
13762 -1
13763 -1
13764 -1
13765 -1
13766 -1
13767 -1
13768 -1
13769 -1
13770 -1
13771 -1
13772 -1
13773 -1
13774 -1
13775 -1
13776 -1
13777 -1
13778 -1
13779 -1
13780 -1
13781 -1
13782 -1
13783 -1
13784 -1
13785 -1
13786 -1
13787 -1
13788 -1
13789 -1
13790 -1
13791 -1
13792 -1
13793 -1
13794 -1
13795 -1
13796 -1
13797 -1
13798 -1
13799 -1
13800 -1
13801 -1
13802 -1
13803 -1
13804 -1
13805 -1
13806 -1
13807 -1
13808 -1
13809 -1
13810 -1
13811 -1
13812 -1
13813 -1
13814 -1
13815 -1
13816 -1
13817 -1
13818 -1
13819 -1
13820 -1
13821 -1
13822 -1
13823 -1
13824 -1
13825 -1
13826 -1
13827 -1
13828 -1
13829 -1
13830 -1
13831 -1
13832 -1
13833 -1
13834 -1
13835 -1
13836 -1
13837 -1
13838 -1
13839 -1
13840 -1
13841 -1
13842 -1
13843 -1
13844 -1
13845 -1
13846 -1
13847 -1
13848 -1
13849 -1
13850 -1
13851 -1
13852 -1
13853 -1
13854 -1
13855 -1
13856 -1
13857 -1
13858 -1
13859 -1
13860 -1
13861 -1
13862 -1
13863 -1
13864 -1
13865 -1
13866 -1
13867 -1
13868 -1
13869 -1
13870 -1
13871 -1
13872 -1
13873 -1
13874 -1
13875 -1
13876 -1
13877 -1
13878 -1
13879 -1
13880 -1
13881 -1
13882 -1
13883 -1
13884 -1
13885 -1
13886 -1
13887 -1
13888 -1
13889 -1
13890 -1
13891 -1
13892 -1
13893 -1
13894 -1
13895 -1
13896 -1
13897 -1
13898 -1
13899 -1
13900 -1
13901 -1
13902 -1
13903 -1
13904 -1
13905 -1
13906 -1
13907 -1
13908 -1
13909 -1
13910 -1
13911 -1
13912 -1
13913 -1
13914 -1
13915 -1
13916 -1
13917 -1
13918 -1
13919 -1
13920 -1
13921 -1
13922 -1
13923 -1
13924 -1
13925 -1
13926 -1
13927 -1
13928 -1
13929 -1
13930 -1
13931 -1
13932 -1
13933 -1
13934 -1
13935 -1
13936 -1
13937 -1
13938 -1
13939 -1
13940 -1
13941 -1
13942 -1
13943 -1
13944 -1
13945 -1
13946 -1
13947 -1
13948 -1
13949 -1
13950 -1
13951 -1
13952 -1
13953 -1
13954 -1
13955 -1
13956 -1
13957 -1
13958 -1
13959 -1
13960 -1
13961 -1
13962 -1
13963 -1
13964 -1
13965 -1
13966 -1
13967 -1
13968 -1
13969 -1
13970 -1
13971 -1
13972 -1
13973 -1
13974 -1
13975 -1
13976 -1
13977 -1
13978 -1
13979 -1
13980 -1
13981 -1
13982 -1
13983 -1
13984 -1
13985 -1
13986 -1
13987 -1
13988 -1
13989 -1
13990 -1
13991 -1
13992 -1
13993 -1
13994 -1
13995 -1
13996 -1
13997 -1
13998 -1
13999 -1
14000 -1
14001 -1
14002 -1
14003 -1
14004 -1
14005 -1
14006 -1
14007 -1
14008 -1
14009 -1
14010 -1
14011 -1
14012 -1
14013 -1
14014 -1
14015 -1
14016 -1
14017 -1
14018 -1
14019 -1
14020 -1
14021 -1
14022 -1
14023 -1
14024 -1
14025 -1
14026 -1
14027 -1
14028 -1
14029 -1
14030 -1
14031 -1
14032 -1
14033 -1
14034 -1
14035 -1
14036 -1
14037 -1
14038 -1
14039 -1
14040 -1
14041 -1
14042 -1
14043 -1
14044 -1
14045 -1
14046 -1
14047 -1
14048 -1
14049 -1
14050 -1
14051 -1
14052 -1
14053 -1
14054 -1
14055 -1
14056 -1
14057 -1
14058 -1
14059 -1
14060 -1
14061 -1
14062 -1
14063 -1
14064 -1
14065 -1
14066 -1
14067 -1
14068 -1
14069 -1
14070 -1
14071 -1
14072 -1
14073 -1
14074 -1
14075 -1
14076 -1
14077 -1
14078 -1
14079 -1
14080 -1
14081 -1
14082 -1
14083 -1
14084 -1
14085 -1
14086 -1
14087 -1
14088 -1
14089 -1
14090 -1
14091 -1
14092 -1
14093 -1
14094 -1
14095 -1
14096 -1
14097 -1
14098 -1
14099 -1
14100 -1
14101 -1
14102 -1
14103 -1
14104 -1
14105 -1
14106 -1
14107 -1
14108 -1
14109 -1
14110 -1
14111 -1
14112 -1
14113 -1
14114 -1
14115 -1
14116 -1
14117 -1
14118 -1
14119 -1
14120 -1
14121 -1
14122 -1
14123 -1
14124 -1
14125 -1
14126 -1
14127 -1
14128 -1
14129 -1
14130 -1
14131 -1
14132 -1
14133 -1
14134 -1
14135 -1
14136 -1
14137 -1
14138 -1
14139 -1
14140 -1
14141 -1
14142 -1
14143 -1
14144 -1
14145 -1
14146 -1
14147 -1
14148 -1
14149 -1
14150 -1
14151 -1
14152 -1
14153 -1
14154 -1
14155 -1
14156 -1
14157 -1
14158 -1
14159 -1
14160 -1
14161 -1
14162 -1
14163 -1
14164 -1
14165 -1
14166 -1
14167 -1
14168 -1
14169 -1
14170 -1
14171 -1
14172 -1
14173 -1
14174 -1
14175 -1
14176 -1
14177 -1
14178 -1
14179 -1
14180 -1
14181 -1
14182 -1
14183 -1
14184 -1
14185 -1
14186 -1
14187 -1
14188 -1
14189 -1
14190 -1
14191 -1
14192 -1
14193 -1
14194 -1
14195 -1
14196 -1
14197 -1
14198 -1
14199 -1
14200 -1
14201 -1
14202 -1
14203 -1
14204 -1
14205 -1
14206 -1
14207 -1
14208 -1
14209 -1
14210 -1
14211 -1
14212 -1
14213 -1
14214 -1
14215 -1
14216 -1
14217 -1
14218 -1
14219 -1
14220 -1
14221 -1
14222 -1
14223 -1
14224 -1
14225 -1
14226 -1
14227 -1
14228 -1
14229 -1
14230 -1
14231 -1
14232 -1
14233 -1
14234 -1
14235 -1
14236 -1
14237 -1
14238 -1
14239 -1
14240 -1
14241 -1
14242 -1
14243 -1
14244 -1
14245 -1
14246 -1
14247 -1
14248 -1
14249 -1
14250 -1
14251 -1
14252 -1
14253 -1
14254 -1
14255 -1
14256 -1
14257 -1
14258 -1
14259 -1
14260 -1
14261 -1
14262 -1
14263 -1
14264 -1
14265 -1
14266 -1
14267 -1
14268 -1
14269 -1
14270 -1
14271 -1
14272 -1
14273 -1
14274 -1
14275 -1
14276 -1
14277 -1
14278 -1
14279 -1
14280 -1
14281 -1
14282 -1
14283 -1
14284 -1
14285 -1
14286 -1
14287 -1
14288 -1
14289 -1
14290 -1
14291 -1
14292 -1
14293 -1
14294 -1
14295 -1
14296 -1
14297 -1
14298 -1
14299 -1
14300 -1
14301 -1
14302 -1
14303 -1
14304 -1
14305 -1
14306 -1
14307 -1
14308 -1
14309 -1
14310 -1
14311 -1
14312 -1
14313 -1
14314 -1
14315 -1
14316 -1
14317 -1
14318 -1
14319 -1
14320 -1
14321 -1
14322 -1
14323 -1
14324 -1
14325 -1
14326 -1
14327 -1
14328 -1
14329 -1
14330 -1
14331 -1
14332 -1
14333 -1
14334 -1
14335 -1
14336 -1
14337 -1
14338 -1
14339 -1
14340 -1
14341 -1
14342 -1
14343 -1
14344 -1
14345 -1
14346 -1
14347 -1
14348 -1
14349 -1
14350 -1
14351 -1
14352 -1
14353 -1
14354 -1
14355 -1
14356 -1
14357 -1
14358 -1
14359 -1
14360 -1
14361 -1
14362 -1
14363 -1
14364 -1
14365 -1
14366 -1
14367 -1
14368 -1
14369 -1
14370 -1
14371 -1
14372 -1
14373 -1
14374 -1
14375 -1
14376 -1
14377 -1
14378 -1
14379 -1
14380 -1
14381 -1
14382 -1
14383 -1
14384 -1
14385 -1
14386 -1
14387 -1
14388 -1
14389 -1
14390 -1
14391 -1
14392 -1
14393 -1
14394 -1
14395 -1
14396 -1
14397 -1
14398 -1
14399 -1
14400 -1
14401 -1
14402 -1
14403 -1
14404 -1
14405 -1
14406 -1
14407 -1
14408 -1
14409 -1
14410 -1
14411 -1
14412 -1
14413 -1
14414 -1
14415 -1
14416 -1
14417 -1
14418 -1
14419 -1
14420 -1
14421 -1
14422 -1
14423 -1
14424 -1
14425 -1
14426 -1
14427 -1
14428 -1
14429 -1
14430 -1
14431 -1
14432 -1
14433 -1
14434 -1
14435 -1
14436 -1
14437 -1
14438 -1
14439 -1
14440 -1
14441 -1
14442 -1
14443 -1
14444 -1
14445 -1
14446 -1
14447 -1
14448 -1
14449 -1
14450 -1
14451 -1
14452 -1
14453 -1
14454 -1
14455 -1
14456 -1
14457 -1
14458 -1
14459 -1
14460 -1
14461 -1
14462 -1
14463 -1
14464 -1
14465 -1
14466 -1
14467 -1
14468 -1
14469 -1
14470 -1
14471 -1
14472 -1
14473 -1
14474 -1
14475 -1
14476 -1
14477 -1
14478 -1
14479 -1
14480 -1
14481 -1
14482 -1
14483 -1
14484 -1
14485 -1
14486 -1
14487 -1
14488 -1
14489 -1
14490 -1
14491 -1
14492 -1
14493 -1
14494 -1
14495 -1
14496 -1
14497 -1
14498 -1
14499 -1
14500 -1
14501 -1
14502 -1
14503 -1
14504 -1
14505 -1
14506 -1
14507 -1
14508 -1
14509 -1
14510 -1
14511 -1
14512 -1
14513 -1
14514 -1
14515 -1
14516 -1
14517 -1
14518 -1
14519 -1
14520 -1
14521 -1
14522 -1
14523 -1
14524 -1
14525 -1
14526 -1
14527 -1
14528 -1
14529 -1
14530 -1
14531 -1
14532 -1
14533 -1
14534 -1
14535 -1
14536 -1
14537 -1
14538 -1
14539 -1
14540 -1
14541 -1
14542 -1
14543 -1
14544 -1
14545 -1
14546 -1
14547 -1
14548 -1
14549 -1
14550 -1
14551 -1
14552 -1
14553 -1
14554 -1
14555 -1
14556 -1
14557 -1
14558 -1
14559 -1
14560 -1
14561 -1
14562 -1
14563 -1
14564 -1
14565 -1
14566 -1
14567 -1
14568 -1
14569 -1
14570 -1
14571 -1
14572 -1
14573 -1
14574 -1
14575 -1
14576 -1
14577 -1
14578 -1
14579 -1
14580 -1
14581 -1
14582 -1
14583 -1
14584 -1
14585 -1
14586 -1
14587 -1
14588 -1
14589 -1
14590 -1
14591 -1
14592 -1
14593 -1
14594 -1
14595 -1
14596 -1
14597 -1
14598 -1
14599 -1
14600 -1
14601 -1
14602 -1
14603 -1
14604 -1
14605 -1
14606 -1
14607 -1
14608 -1
14609 -1
14610 -1
14611 -1
14612 -1
14613 -1
14614 -1
14615 -1
14616 -1
14617 -1
14618 -1
14619 -1
14620 -1
14621 -1
14622 -1
14623 -1
14624 -1
14625 -1
14626 -1
14627 -1
14628 -1
14629 -1
14630 -1
14631 -1
14632 -1
14633 -1
14634 -1
14635 -1
14636 -1
14637 -1
14638 -1
14639 -1
14640 -1
14641 -1
14642 -1
14643 -1
14644 -1
14645 -1
14646 -1
14647 -1
14648 -1
14649 -1
14650 -1
14651 -1
14652 -1
14653 -1
14654 -1
14655 -1
14656 -1
14657 -1
14658 -1
14659 -1
14660 -1
14661 -1
14662 -1
14663 -1
14664 -1
14665 -1
14666 -1
14667 -1
14668 -1
14669 -1
14670 -1
14671 -1
14672 -1
14673 -1
14674 -1
14675 -1
14676 -1
14677 -1
14678 -1
14679 -1
14680 -1
14681 -1
14682 -1
14683 -1
14684 -1
14685 -1
14686 -1
14687 -1
14688 -1
14689 -1
14690 -1
14691 -1
14692 -1
14693 -1
14694 -1
14695 -1
14696 -1
14697 -1
14698 -1
14699 -1
14700 -1
14701 -1
14702 -1
14703 -1
14704 -1
14705 -1
14706 -1
14707 -1
14708 -1
14709 -1
14710 -1
14711 -1
14712 -1
14713 -1
14714 -1
14715 -1
14716 -1
14717 -1
14718 -1
14719 -1
14720 -1
14721 -1
14722 -1
14723 -1
14724 -1
14725 -1
14726 -1
14727 -1
14728 -1
14729 -1
14730 -1
14731 -1
14732 -1
14733 -1
14734 -1
14735 -1
14736 -1
14737 -1
14738 -1
14739 -1
14740 -1
14741 -1
14742 -1
14743 -1
14744 -1
14745 -1
14746 -1
14747 -1
14748 -1
14749 -1
14750 -1
14751 -1
14752 -1
14753 -1
14754 -1
14755 -1
14756 -1
14757 -1
14758 -1
14759 -1
14760 -1
14761 -1
14762 -1
14763 -1
14764 -1
14765 -1
14766 -1
14767 -1
14768 -1
14769 -1
14770 -1
14771 -1
14772 -1
14773 -1
14774 -1
14775 -1
14776 -1
14777 -1
14778 -1
14779 -1
14780 -1
14781 -1
14782 -1
14783 -1
14784 -1
14785 -1
14786 -1
14787 -1
14788 -1
14789 -1
14790 -1
14791 -1
14792 -1
14793 -1
14794 -1
14795 -1
14796 -1
14797 -1
14798 -1
14799 -1
14800 -1
14801 -1
14802 -1
14803 -1
14804 -1
14805 -1
14806 -1
14807 -1
14808 -1
14809 -1
14810 -1
14811 -1
14812 -1
14813 -1
14814 -1
14815 -1
14816 -1
14817 -1
14818 -1
14819 -1
14820 -1
14821 -1
14822 -1
14823 -1
14824 -1
14825 -1
14826 -1
14827 -1
14828 -1
14829 -1
14830 -1
14831 -1
14832 -1
14833 -1
14834 -1
14835 -1
14836 -1
14837 -1
14838 -1
14839 -1
14840 -1
14841 -1
14842 -1
14843 -1
14844 -1
14845 -1
14846 -1
14847 -1
14848 -1
14849 -1
14850 -1
14851 -1
14852 -1
14853 -1
14854 -1
14855 -1
14856 -1
14857 -1
14858 -1
14859 -1
14860 -1
14861 -1
14862 -1
14863 -1
14864 -1
14865 -1
14866 -1
14867 -1
14868 -1
14869 -1
14870 -1
14871 -1
14872 -1
14873 -1
14874 -1
14875 -1
14876 -1
14877 -1
14878 -1
14879 -1
14880 -1
14881 -1
14882 -1
14883 -1
14884 -1
14885 -1
14886 -1
14887 -1
14888 -1
14889 -1
14890 -1
14891 -1
14892 -1
14893 -1
14894 -1
14895 -1
14896 -1
14897 -1
14898 -1
14899 -1
14900 -1
14901 -1
14902 -1
14903 -1
14904 -1
14905 -1
14906 -1
14907 -1
14908 -1
14909 -1
14910 -1
14911 -1
14912 -1
14913 -1
14914 -1
14915 -1
14916 -1
14917 -1
14918 -1
14919 -1
14920 -1
14921 -1
14922 -1
14923 -1
14924 -1
14925 -1
14926 -1
14927 -1
14928 -1
14929 -1
14930 -1
14931 -1
14932 -1
14933 -1
14934 -1
14935 -1
14936 -1
14937 -1
14938 -1
14939 -1
14940 -1
14941 -1
14942 -1
14943 -1
14944 -1
14945 -1
14946 -1
14947 -1
14948 -1
14949 -1
14950 -1
14951 -1
14952 -1
14953 -1
14954 -1
14955 -1
14956 -1
14957 -1
14958 -1
14959 -1
14960 -1
14961 -1
14962 -1
14963 -1
14964 -1
14965 -1
14966 -1
14967 -1
14968 -1
14969 -1
14970 -1
14971 -1
14972 -1
14973 -1
14974 -1
14975 -1
14976 -1
14977 -1
14978 -1
14979 -1
14980 -1
14981 -1
14982 -1
14983 -1
14984 -1
14985 -1
14986 -1
14987 -1
14988 -1
14989 -1
14990 -1
14991 -1
14992 -1
14993 -1
14994 -1
14995 -1
14996 -1
14997 -1
14998 -1
14999 -1
15000 -1
15001 -1
15002 -1
15003 -1
15004 -1
15005 -1
15006 -1
15007 -1
15008 -1
15009 -1
15010 -1
15011 -1
15012 -1
15013 -1
15014 -1
15015 -1
15016 -1
15017 -1
15018 -1
15019 -1
15020 -1
15021 -1
15022 -1
15023 -1
15024 -1
15025 -1
15026 -1
15027 -1
15028 -1
15029 -1
15030 -1
15031 -1
15032 -1
15033 -1
15034 -1
15035 -1
15036 -1
15037 -1
15038 -1
15039 -1
15040 -1
15041 -1
15042 -1
15043 -1
15044 -1
15045 -1
15046 -1
15047 -1
15048 -1
15049 -1
15050 -1
15051 -1
15052 -1
15053 -1
15054 -1
15055 -1
15056 -1
15057 -1
15058 -1
15059 -1
15060 -1
15061 -1
15062 -1
15063 -1
15064 -1
15065 -1
15066 -1
15067 -1
15068 -1
15069 -1
15070 -1
15071 -1
15072 -1
15073 -1
15074 -1
15075 -1
15076 -1
15077 -1
15078 -1
15079 -1
15080 -1
15081 -1
15082 -1
15083 -1
15084 -1
15085 -1
15086 -1
15087 -1
15088 -1
15089 -1
15090 -1
15091 -1
15092 -1
15093 -1
15094 -1
15095 -1
15096 -1
15097 -1
15098 -1
15099 -1
15100 -1
15101 -1
15102 -1
15103 -1
15104 -1
15105 -1
15106 -1
15107 -1
15108 -1
15109 -1
15110 -1
15111 -1
15112 -1
15113 -1
15114 -1
15115 -1
15116 -1
15117 -1
15118 -1
15119 -1
15120 -1
15121 -1
15122 -1
15123 -1
15124 -1
15125 -1
15126 -1
15127 -1
15128 -1
15129 -1
15130 -1
15131 -1
15132 -1
15133 -1
15134 -1
15135 -1
15136 -1
15137 -1
15138 -1
15139 -1
15140 -1
15141 -1
15142 -1
15143 -1
15144 -1
15145 -1
15146 -1
15147 -1
15148 -1
15149 -1
15150 -1
15151 -1
15152 -1
15153 -1
15154 -1
15155 -1
15156 -1
15157 -1
15158 -1
15159 -1
15160 -1
15161 -1
15162 -1
15163 -1
15164 -1
15165 -1
15166 -1
15167 -1
15168 -1
15169 -1
15170 -1
15171 -1
15172 -1
15173 -1
15174 -1
15175 -1
15176 -1
15177 -1
15178 -1
15179 -1
15180 -1
15181 -1
15182 -1
15183 -1
15184 -1
15185 -1
15186 -1
15187 -1
15188 -1
15189 -1
15190 -1
15191 -1
15192 -1
15193 -1
15194 -1
15195 -1
15196 -1
15197 -1
15198 -1
15199 -1
15200 -1
15201 -1
15202 -1
15203 -1
15204 -1
15205 -1
15206 -1
15207 -1
15208 -1
15209 -1
15210 -1
15211 -1
15212 -1
15213 -1
15214 -1
15215 -1
15216 -1
15217 -1
15218 -1
15219 -1
15220 -1
15221 -1
15222 -1
15223 -1
15224 -1
15225 -1
15226 -1
15227 -1
15228 -1
15229 -1
15230 -1
15231 -1
15232 -1
15233 -1
15234 -1
15235 -1
15236 -1
15237 -1
15238 -1
15239 -1
15240 -1
15241 -1
15242 -1
15243 -1
15244 -1
15245 -1
15246 -1
15247 -1
15248 -1
15249 -1
15250 -1
15251 -1
15252 -1
15253 -1
15254 -1
15255 -1
15256 -1
15257 -1
15258 -1
15259 -1
15260 -1
15261 -1
15262 -1
15263 -1
15264 -1
15265 -1
15266 -1
15267 -1
15268 -1
15269 -1
15270 -1
15271 -1
15272 -1
15273 -1
15274 -1
15275 -1
15276 -1
15277 -1
15278 -1
15279 -1
15280 -1
15281 -1
15282 -1
15283 -1
15284 -1
15285 -1
15286 -1
15287 -1
15288 -1
15289 -1
15290 -1
15291 -1
15292 -1
15293 -1
15294 -1
15295 -1
15296 -1
15297 -1
15298 -1
15299 -1
15300 -1
15301 -1
15302 -1
15303 -1
15304 -1
15305 -1
15306 -1
15307 -1
15308 -1
15309 -1
15310 -1
15311 -1
15312 -1
15313 -1
15314 -1
15315 -1
15316 -1
15317 -1
15318 -1
15319 -1
15320 -1
15321 -1
15322 -1
15323 -1
15324 -1
15325 -1
15326 -1
15327 -1
15328 -1
15329 -1
15330 -1
15331 -1
15332 -1
15333 -1
15334 -1
15335 -1
15336 -1
15337 -1
15338 -1
15339 -1
15340 -1
15341 -1
15342 -1
15343 -1
15344 -1
15345 -1
15346 -1
15347 -1
15348 -1
15349 -1
15350 -1
15351 -1
15352 -1
15353 -1
15354 -1
15355 -1
15356 -1
15357 -1
15358 -1
15359 -1
15360 -1
15361 -1
15362 -1
15363 -1
15364 -1
15365 -1
15366 -1
15367 -1
15368 -1
15369 -1
15370 -1
15371 -1
15372 -1
15373 -1
15374 -1
15375 -1
15376 -1
15377 -1
15378 -1
15379 -1
15380 -1
15381 -1
15382 -1
15383 -1
15384 -1
15385 -1
15386 -1
15387 -1
15388 -1
15389 -1
15390 -1
15391 -1
15392 -1
15393 -1
15394 -1
15395 -1
15396 -1
15397 -1
15398 -1
15399 -1
15400 -1
15401 -1
15402 -1
15403 -1
15404 -1
15405 -1
15406 -1
15407 -1
15408 -1
15409 -1
15410 -1
15411 -1
15412 -1
15413 -1
15414 -1
15415 -1
15416 -1
15417 -1
15418 -1
15419 -1
15420 -1
15421 -1
15422 -1
15423 -1
15424 -1
15425 -1
15426 -1
15427 -1
15428 -1
15429 -1
15430 -1
15431 -1
15432 -1
15433 -1
15434 -1
15435 -1
15436 -1
15437 -1
15438 -1
15439 -1
15440 -1
15441 -1
15442 -1
15443 -1
15444 -1
15445 -1
15446 -1
15447 -1
15448 -1
15449 -1
15450 -1
15451 -1
15452 -1
15453 -1
15454 -1
15455 -1
15456 -1
15457 -1
15458 -1
15459 -1
15460 -1
15461 -1
15462 -1
15463 -1
15464 -1
15465 -1
15466 -1
15467 -1
15468 -1
15469 -1
15470 -1
15471 -1
15472 -1
15473 -1
15474 -1
15475 -1
15476 -1
15477 -1
15478 -1
15479 -1
15480 -1
15481 -1
15482 -1
15483 -1
15484 -1
15485 -1
15486 -1
15487 -1
15488 -1
15489 -1
15490 -1
15491 -1
15492 -1
15493 -1
15494 -1
15495 -1
15496 -1
15497 -1
15498 -1
15499 -1
15500 -1
15501 -1
15502 -1
15503 -1
15504 -1
15505 -1
15506 -1
15507 -1
15508 -1
15509 -1
15510 -1
15511 -1
15512 -1
15513 -1
15514 -1
15515 -1
15516 -1
15517 -1
15518 -1
15519 -1
15520 -1
15521 -1
15522 -1
15523 -1
15524 -1
15525 -1
15526 -1
15527 -1
15528 -1
15529 -1
15530 -1
15531 -1
15532 -1
15533 -1
15534 -1
15535 -1
15536 -1
15537 -1
15538 -1
15539 -1
15540 -1
15541 -1
15542 -1
15543 -1
15544 -1
15545 -1
15546 -1
15547 -1
15548 -1
15549 -1
15550 -1
15551 -1
15552 -1
15553 -1
15554 -1
15555 -1
15556 -1
15557 -1
15558 -1
15559 -1
15560 -1
15561 -1
15562 -1
15563 -1
15564 -1
15565 -1
15566 -1
15567 -1
15568 -1
15569 -1
15570 -1
15571 -1
15572 -1
15573 -1
15574 -1
15575 -1
15576 -1
15577 -1
15578 -1
15579 -1
15580 -1
15581 -1
15582 -1
15583 -1
15584 -1
15585 -1
15586 -1
15587 -1
15588 -1
15589 -1
15590 -1
15591 -1
15592 -1
15593 -1
15594 -1
15595 -1
15596 -1
15597 -1
15598 -1
15599 -1
15600 -1
15601 -1
15602 -1
15603 -1
15604 -1
15605 -1
15606 -1
15607 -1
15608 -1
15609 -1
15610 -1
15611 -1
15612 -1
15613 -1
15614 -1
15615 -1
15616 -1
15617 -1
15618 -1
15619 -1
15620 -1
15621 -1
15622 -1
15623 -1
15624 -1
15625 -1
15626 -1
15627 -1
15628 -1
15629 -1
15630 -1
15631 -1
15632 -1
15633 -1
15634 -1
15635 -1
15636 -1
15637 -1
15638 -1
15639 -1
15640 -1
15641 -1
15642 -1
15643 -1
15644 -1
15645 -1
15646 -1
15647 -1
15648 -1
15649 -1
15650 -1
15651 -1
15652 -1
15653 -1
15654 -1
15655 -1
15656 -1
15657 -1
15658 -1
15659 -1
15660 -1
15661 -1
15662 -1
15663 -1
15664 -1
15665 -1
15666 -1
15667 -1
15668 -1
15669 -1
15670 -1
15671 -1
15672 -1
15673 -1
15674 -1
15675 -1
15676 -1
15677 -1
15678 -1
15679 -1
15680 -1
15681 -1
15682 -1
15683 -1
15684 -1
15685 -1
15686 -1
15687 -1
15688 -1
15689 -1
15690 -1
15691 -1
15692 -1
15693 -1
15694 -1
15695 -1
15696 -1
15697 -1
15698 -1
15699 -1
15700 -1
15701 -1
15702 -1
15703 -1
15704 -1
15705 -1
15706 -1
15707 -1
15708 -1
15709 -1
15710 -1
15711 -1
15712 -1
15713 -1
15714 -1
15715 -1
15716 -1
15717 -1
15718 -1
15719 -1
15720 -1
15721 -1
15722 -1
15723 -1
15724 -1
15725 -1
15726 -1
15727 -1
15728 -1
15729 -1
15730 -1
15731 -1
15732 -1
15733 -1
15734 -1
15735 -1
15736 -1
15737 -1
15738 -1
15739 -1
15740 -1
15741 -1
15742 -1
15743 -1
15744 -1
15745 -1
15746 -1
15747 -1
15748 -1
15749 -1
15750 -1
15751 -1
15752 -1
15753 -1
15754 -1
15755 -1
15756 -1
15757 -1
15758 -1
15759 -1
15760 -1
15761 -1
15762 -1
15763 -1
15764 -1
15765 -1
15766 -1
15767 -1
15768 -1
15769 -1
15770 -1
15771 -1
15772 -1
15773 -1
15774 -1
15775 -1
15776 -1
15777 -1
15778 -1
15779 -1
15780 -1
15781 -1
15782 -1
15783 -1
15784 -1
15785 -1
15786 -1
15787 -1
15788 -1
15789 -1
15790 -1
15791 -1
15792 -1
15793 -1
15794 -1
15795 -1
15796 -1
15797 -1
15798 -1
15799 -1
15800 -1
15801 -1
15802 -1
15803 -1
15804 -1
15805 -1
15806 -1
15807 -1
15808 -1
15809 -1
15810 -1
15811 -1
15812 -1
15813 -1
15814 -1
15815 -1
15816 -1
15817 -1
15818 -1
15819 -1
15820 -1
15821 -1
15822 -1
15823 -1
15824 -1
15825 -1
15826 -1
15827 -1
15828 -1
15829 -1
15830 -1
15831 -1
15832 -1
15833 -1
15834 -1
15835 -1
15836 -1
15837 -1
15838 -1
15839 -1
15840 -1
15841 -1
15842 -1
15843 -1
15844 -1
15845 -1
15846 -1
15847 -1
15848 -1
15849 -1
15850 -1
15851 -1
15852 -1
15853 -1
15854 -1
15855 -1
15856 200
15857 200
15858 200
15859 200
15860 200
15861 200
15862 200
15863 200
15864 200
15865 404
15866 404
15867 404
15868 404
15869 404
15870 404
15871 404
15872 404
15873 404
15874 404
15875 404
15876 404
15877 404
15878 404
15879 404
15880 404
15881 404
15882 404
15883 404
15884 404
15885 404
15886 404
15887 404
15888 404
15889 404
15890 404
15891 404
15892 404
15893 404
15894 404
15895 404
15896 404
15897 404
15898 404
15899 404
15900 404
15901 404
15902 404
15903 404
15904 404
15905 404
15906 404
15907 404
15908 404
15909 404
15910 404
15911 404
15912 404
15913 404
15914 404
15915 404
15916 404
15917 404
15918 200
15919 404
15920 404
15921 404
15922 404
15923 404
15924 404
15925 404
15926 404
15927 404
15928 200
15929 404
15930 404
15931 404
15932 404
15933 404
15934 404
15935 404
15936 404
15937 404
15938 404
15939 404
15940 404
15941 404
15942 404
15943 404
15944 404
15945 404
15946 404
15947 404
15948 404
15949 200
15950 200
15951 200
15952 200
15953 200
15954 200
15955 200
15956 -1
15957 -1
15958 -1
15959 -1
15960 -1
15961 -1
15962 -1
15963 -1
15964 -1
15965 -1
15966 -1
15967 -1
15968 -1
15969 -1
15970 -1
15971 -1
15972 -1
15973 -1
15974 -1
15975 -1
15976 -1
15977 -1
15978 -1
15979 -1
15980 -1
15981 -1
15982 -1
15983 -1
15984 -1
15985 -1
15986 -1
15987 -1
15988 -1
15989 -1
15990 -1
15991 -1
15992 -1
15993 -1
15994 -1
15995 -1
15996 -1
15997 -1
15998 -1
15999 -1
16000 -1
16001 -1
16002 -1
16003 -1
16004 -1
16005 -1
16006 -1
16007 -1
16008 -1
16009 -1
16010 -1
16011 -1
16012 -1
16013 -1
16014 -1
16015 -1
16016 -1
16017 -1
16018 -1
16019 -1
16020 -1
16021 -1
16022 -1
16023 -1
16024 -1
16025 -1
16026 -1
16027 -1
16028 -1
16029 -1
16030 -1
16031 -1
16032 -1
16033 -1
16034 -1
16035 -1
16036 -1
16037 -1
16038 -1
16039 -1
16040 -1
16041 -1
16042 -1
16043 -1
16044 -1
16045 -1
16046 -1
16047 -1
16048 -1
16049 -1
16050 -1
16051 -1
16052 -1
16053 -1
16054 -1
16055 -1
16056 -1
16057 -1
16058 -1
16059 -1
16060 -1
16061 -1
16062 -1
16063 -1
16064 -1
16065 -1
16066 -1
16067 -1
16068 -1
16069 -1
16070 -1
16071 -1
16072 -1
16073 -1
16074 -1
16075 -1
16076 -1
16077 -1
16078 -1
16079 -1
16080 -1
16081 -1
16082 -1
16083 -1
16084 -1
16085 -1
16086 -1
16087 -1
16088 -1
16089 -1
16090 -1
16091 -1
16092 200
16093 200
16094 200
16095 200
16096 200
16097 200
16098 200
16099 200
16100 200
16101 200
16102 200
16103 -1
16104 -1
16105 -1
16106 -1
16107 -1
16108 -1
16109 -1
16110 -1
16111 -1
16112 -1
16113 -1
16114 -1
16115 -1
16116 -1
16117 -1
16118 -1
16119 -1
16120 -1
16121 -1
16122 -1
16123 -1
16124 -1
16125 -1
16126 -1
16127 -1
16128 -1
16129 -1
16130 -1
16131 -1
16132 -1
16133 -1
16134 -1
16135 -1
16136 -1
16137 -1
16138 -1
16139 200
16140 200
16141 200
16142 200
16143 200
16144 200
16145 404
16146 404
16147 404
16148 200
16149 404
16150 404
16151 200
16152 404
16153 200
16154 200
16155 404
16156 200
16157 200
16158 200
16159 404
16160 404
16161 404
16162 404
16163 404
16164 404
16165 404
16166 404
16167 200
16168 404
16169 404
16170 404
16171 404
16172 404
16173 404
16174 404
16175 404
16176 404
16177 404
16178 404
16179 404
16180 404
16181 404
16182 404
16183 404
16184 404
16185 404
16186 404
16187 404
16188 404
16189 404
16190 404
16191 404
16192 404
16193 404
16194 404
16195 404
16196 404
16197 404
16198 404
16199 404
16200 404
16201 404
16202 404
16203 404
16204 404
16205 404
16206 404
16207 404
16208 404
16209 404
16210 404
16211 404
16212 404
16213 404
16214 404
16215 404
16216 404
16217 404
16218 404
16219 404
16220 404
16221 404
16222 404
16223 404
16224 404
16225 404
16226 404
16227 404
16228 404
16229 404
16230 404
16231 404
16232 404
16233 404
16234 404
16235 404
16236 404
16237 404
16238 404
16239 404
16240 404
16241 404
16242 404
16243 404
16244 404
16245 404
16246 404
16247 404
16248 404
16249 404
16250 404
16251 404
16252 404
16253 404
16254 404
16255 404
16256 404
16257 404
16258 404
16259 404
16260 404
16261 404
16262 404
16263 404
16264 404
16265 404
16266 404
16267 404
16268 404
16269 404
16270 404
16271 404
16272 404
16273 404
16274 404
16275 404
16276 404
16277 404
16278 404
16279 404
16280 404
16281 404
16282 404
16283 404
16284 404
16285 404
16286 404
16287 404
16288 404
16289 404
16290 404
16291 404
16292 404
16293 404
16294 404
16295 404
16296 404
16297 404
16298 404
16299 404
16300 404
16301 404
16302 404
16303 404
16304 404
16305 404
16306 404
16307 404
16308 404
16309 404
16310 404
16311 404
16312 404
16313 404
16314 404
16315 404
16316 404
16317 404
16318 404
16319 404
16320 404
16321 404
16322 404
16323 404
16324 404
16325 404
16326 404
16327 404
16328 404
16329 404
16330 404
16331 404
16332 404
16333 404
16334 404
16335 404
16336 200
16337 404
16338 404
16339 404
16340 404
16341 404
16342 404
16343 404
16344 404
16345 404
16346 404
16347 404
16348 404
16349 404
16350 404
16351 404
16352 404
16353 404
16354 404
16355 404
16356 404
16357 404
16358 404
16359 404
16360 404
16361 404
16362 404
16363 404
16364 404
16365 404
16366 404
16367 404
16368 404
16369 404
16370 404
16371 404
16372 404
16373 404
16374 404
16375 404
16376 404
16377 404
16378 404
16379 404
16380 404
16381 404
16382 404
16383 404
16384 404
16385 404
16386 404
16387 404
16388 404
16389 404
16390 404
16391 404
16392 404
16393 404
16394 404
16395 404
16396 404
16397 404
16398 404
16399 404
16400 404
16401 404
16402 404
16403 404
16404 404
16405 404
16406 404
16407 404
16408 404
16409 404
16410 404
16411 404
16412 404
16413 404
16414 404
16415 404
16416 404
16417 404
16418 404
16419 404
16420 404
16421 404
16422 404
16423 404
16424 404
16425 404
16426 404
16427 404
16428 404
16429 404
16430 404
16431 404
16432 404
16433 404
16434 404
16435 404
16436 404
16437 404
16438 404
16439 404
16440 404
16441 404
16442 404
16443 404
16444 404
16445 404
16446 404
16447 404
16448 200
16449 200
16450 200
16451 404
16452 200
16453 200
16454 404
16455 200
16456 200
16457 200
16458 200
16459 200
16460 200
16461 200
16462 200
16463 200
16464 200
16465 200
16466 200
16467 200
16468 200
16469 200
16470 200
16471 200
16472 200
16473 200
16474 200
16475 200
16476 200
16477 200
16478 404
16479 200
16480 200
16481 200
16482 200
16483 200
16484 200
16485 200
16486 200
16487 200
16488 200
16489 200
16490 200
16491 200
16492 200
16493 200
16494 200
16495 200
16496 200
16497 200
16498 200
16499 200
16500 200
16501 200
16502 200
16503 200
16504 200
16505 200
16506 200
16507 200
16508 200
16509 200
16510 200
16511 200
16512 200
16513 200
16514 200
16515 200
16516 200
16517 200
16518 200
16519 200
16520 404
16521 200
16522 200
16523 200
16524 200
16525 200
16526 200
16527 200
16528 200
16529 200
16530 200
16531 200
16532 200
16533 200
16534 200
16535 200
16536 200
16537 200
16538 200
16539 200
16540 200
16541 200
16542 200
16543 200
16544 200
16545 200
16546 200
16547 200
16548 200
16549 200
16550 200
16551 200
16552 200
16553 200
16554 200
16555 200
16556 200
16557 200
16558 200
16559 200
16560 200
16561 200
16562 200
16563 200
16564 200
16565 200
16566 200
16567 200
16568 200
16569 200
16570 200
16571 200
16572 200
16573 200
16574 200
16575 200
16576 200
16577 200
16578 200
16579 200
16580 200
16581 200
16582 200
16583 200
16584 200
16585 200
16586 200
16587 200
16588 200
16589 200
16590 200
16591 200
16592 200
16593 200
16594 200
16595 200
16596 200
16597 200
16598 200
16599 200
16600 200
16601 200
16602 200
16603 200
16604 200
16605 200
16606 200
16607 200
16608 200
16609 200
16610 200
16611 200
16612 404
16613 404
16614 404
16615 200
16616 404
16617 404
16618 200
16619 200
16620 200
16621 200
16622 404
16623 404
16624 404
16625 200
16626 404
16627 200
16628 404
16629 404
16630 200
16631 404
16632 404
16633 200
16634 200
16635 404
16636 200
16637 200
16638 200
16639 200
16640 404
16641 404
16642 404
16643 200
16644 200
16645 404
16646 200
16647 200
16648 404
16649 200
16650 200
16651 200
16652 200
16653 404
16654 200
16655 404
16656 404
16657 200
16658 404
16659 200
16660 200
16661 404
16662 404
16663 404
16664 200
16665 404
16666 200
16667 404
16668 404
16669 404
16670 404
16671 200
16672 200
16673 200
16674 200
16675 404
16676 404
16677 200
16678 404
16679 200
16680 404
16681 200
16682 200
16683 404
16684 404
16685 200
16686 200
16687 200
16688 404
16689 404
16690 200
16691 404
16692 200
16693 200
16694 200
16695 200
16696 404
16697 404
16698 404
16699 200
16700 404
16701 200
16702 200
16703 200
16704 200
16705 404
16706 200
16707 200
16708 404
16709 404
16710 200
16711 200
16712 200
16713 404
16714 200
16715 404
16716 200
16717 200
16718 404
16719 404
16720 404
16721 200
16722 200
16723 404
16724 404
16725 404
16726 200
16727 404
16728 200
16729 404
16730 404
16731 200
16732 200
16733 200
16734 200
16735 404
16736 404
16737 404
16738 200
16739 404
16740 404
16741 404
16742 404
16743 200
16744 404
16745 404
16746 404
16747 404
16748 200
16749 200
16750 404
16751 200
16752 200
16753 200
16754 404
16755 404
16756 200
16757 404
16758 200
16759 404
16760 404
16761 200
16762 200
16763 404
16764 200
16765 404
16766 404
16767 404
16768 404
16769 200
16770 404
16771 404
16772 200
16773 404
16774 200
16775 404
16776 200
16777 200
16778 200
16779 200
16780 200
16781 200
16782 200
16783 404
16784 200
16785 404
16786 200
16787 200
16788 200
16789 404
16790 200
16791 200
16792 200
16793 200
16794 200
16795 200
16796 200
16797 200
16798 200
16799 200
16800 200
16801 404
16802 200
16803 200
16804 200
16805 404
16806 200
16807 200
16808 200
16809 200
16810 200
16811 200
16812 200
16813 404
16814 404
16815 200
16816 404
16817 200
16818 200
16819 200
16820 200
16821 200
16822 200
16823 404
16824 404
16825 404
16826 404
16827 404
16828 404
16829 404
16830 404
16831 404
16832 200
16833 404
16834 404
16835 404
16836 404
16837 404
16838 404
16839 404
16840 404
16841 404
16842 200
16843 404
16844 404
16845 404
16846 404
16847 404
16848 404
16849 404
16850 404
16851 404
16852 404
16853 200
16854 404
16855 404
16856 200
16857 404
16858 200
16859 404
16860 200
16861 200
16862 200
16863 404
16864 200
16865 200
16866 404
16867 200
16868 200
16869 200
16870 200
16871 404
16872 200
16873 404
16874 404
16875 200
16876 404
16877 404
16878 200
16879 404
16880 404
16881 200
16882 404
16883 200
16884 200
16885 -1
16886 -1
16887 -1
16888 -1
16889 -1
16890 -1
16891 -1
16892 -1
16893 -1
16894 -1
16895 -1
16896 -1
16897 -1
16898 -1
16899 -1
16900 -1
16901 -1
16902 -1
16903 -1
16904 -1
16905 -1
16906 -1
16907 -1
16908 -1
16909 -1
16910 -1
16911 -1
16912 -1
16913 -1
16914 -1
16915 -1
16916 -1
16917 -1
16918 -1
16919 -1
16920 -1
16921 -1
16922 -1
16923 -1
16924 -1
16925 -1
16926 -1
16927 -1
16928 -1
16929 -1
16930 -1
16931 -1
16932 -1
16933 -1
16934 -1
16935 -1
16936 -1
16937 -1
16938 -1
16939 -1
16940 -1
16941 -1
16942 -1
16943 -1
16944 -1
16945 -1
16946 -1
16947 -1
16948 -1
16949 -1
16950 -1
16951 -1
16952 -1
16953 -1
16954 -1
16955 -1
16956 -1
16957 -1
16958 -1
16959 -1
16960 -1
16961 -1
16962 -1
16963 -1
16964 -1
16965 -1
16966 -1
16967 -1
16968 -1
16969 -1
16970 -1
16971 -1
16972 -1
16973 -1
16974 -1
16975 -1
16976 -1
16977 -1
16978 -1
16979 -1
16980 -1
16981 200
16982 200
16983 200
16984 200
16985 200
16986 200
16987 200
16988 200
16989 200
16990 200
16991 200
16992 200
16993 200
16994 200
16995 404
16996 200
16997 200
16998 200
16999 200
17000 200
17001 200
17002 200
17003 200
17004 200
17005 200
17006 200
17007 200
17008 200
17009 200
17010 404
17011 200
17012 200
17013 200
17014 200
17015 200
17016 200
17017 200
17018 200
17019 200
17020 200
17021 200
17022 200
17023 200
17024 200
17025 -1
17026 -1
17027 -1
17028 -1
17029 -1
17030 200
17031 200
17032 200
17033 200
17034 200
17035 200
17036 200
17037 200
17038 200
17039 200
17040 200
17041 200
17042 200
17043 200
17044 200
17045 200
17046 200
17047 200
17048 200
17049 200
17050 200
17051 200
17052 200
17053 200
17054 200
17055 200
17056 200
17057 200
17058 200
17059 200
17060 200
17061 200
17062 200
17063 200
17064 200
17065 200
17066 200
17067 200
17068 200
17069 200
17070 200
17071 200
17072 200
17073 200
17074 200
17075 200
17076 200
17077 200
17078 200
17079 200
17080 200
17081 200
17082 200
17083 200
17084 200
17085 200
17086 200
17087 200
17088 200
17089 200
17090 200
17091 200
17092 200
17093 200
17094 200
17095 200
17096 200
17097 200
17098 200
17099 200
17100 200
17101 200
17102 200
17103 200
17104 200
17105 200
17106 200
17107 200
17108 200
17109 200
17110 200
17111 200
17112 200
17113 200
17114 200
17115 200
17116 200
17117 200
17118 200
17119 200
17120 200
17121 200
17122 200
17123 200
17124 200
17125 200
17126 200
17127 200
17128 200
17129 200
17130 200
17131 200
17132 200
17133 200
17134 200
17135 200
17136 200
17137 200
17138 200
17139 200
17140 200
17141 200
17142 200
17143 200
17144 200
17145 200
17146 200
17147 200
17148 200
17149 200
17150 200
17151 200
17152 200
17153 200
17154 200
17155 200
17156 200
17157 200
17158 200
17159 200
17160 200
17161 200
17162 200
17163 200
17164 200
17165 200
17166 200
17167 200
17168 200
17169 200
17170 200
17171 200
17172 200
17173 200
17174 200
17175 200
17176 200
17177 200
17178 200
17179 200
17180 200
17181 200
17182 200
17183 200
17184 200
17185 200
17186 200
17187 200
17188 200
17189 200
17190 200
17191 200
17192 200
17193 200
17194 200
17195 200
17196 200
17197 200
17198 200
17199 200
17200 200
17201 200
17202 200
17203 200
17204 200
17205 200
17206 200
17207 200
17208 200
17209 200
17210 200
17211 200
17212 200
17213 200
17214 200
17215 200
17216 200
17217 200
17218 200
17219 200
17220 200
17221 200
17222 200
17223 200
17224 200
17225 200
17226 200
17227 200
17228 200
17229 200
17230 200
17231 200
17232 200
17233 200
17234 200
17235 200
17236 200
17237 200
17238 200
17239 200
17240 200
17241 200
17242 200
17243 200
17244 200
17245 200
17246 200
17247 200
17248 200
17249 200
17250 200
17251 200
17252 200
17253 200
17254 200
17255 200
17256 200
17257 200
17258 200
17259 200
17260 200
17261 200
17262 200
17263 200
17264 200
17265 200
17266 200
17267 200
17268 200
17269 200
17270 200
17271 200
17272 200
17273 200
17274 200
17275 200
17276 200
17277 200
17278 200
17279 200
17280 200
17281 200
17282 200
17283 200
17284 200
17285 200
17286 200
17287 200
17288 200
17289 200
17290 200
17291 200
17292 200
17293 200
17294 200
17295 200
17296 200
17297 200
17298 200
17299 200
17300 200
17301 200
17302 200
17303 200
17304 200
17305 200
17306 200
17307 200
17308 200
17309 200
17310 200
17311 200
17312 200
17313 200
17314 200
17315 200
17316 200
17317 200
17318 200
17319 200
17320 200
17321 200
17322 200
17323 200
17324 200
17325 200
17326 200
17327 200
17328 200
17329 200
17330 200
17331 200
17332 200
17333 200
17334 200
17335 200
17336 200
17337 200
17338 200
17339 200
17340 200
17341 200
17342 200
17343 200
17344 200
17345 200
17346 200
17347 200
17348 200
17349 200
17350 200
17351 200
17352 200
17353 200
17354 200
17355 200
17356 200
17357 200
17358 200
17359 200
17360 200
17361 200
17362 200
17363 200
17364 200
17365 200
17366 200
17367 200
17368 200
17369 200
17370 200
17371 200
17372 200
17373 200
17374 200
17375 200
17376 200
17377 200
17378 200
17379 200
17380 200
17381 200
17382 200
17383 200
17384 200
17385 200
17386 200
17387 200
17388 200
17389 200
17390 200
17391 200
17392 200
17393 200
17394 200
17395 200
17396 200
17397 200
17398 200
17399 200
17400 200
17401 200
17402 200
17403 200
17404 200
17405 200
17406 200
17407 200
17408 200
17409 200
17410 200
17411 200
17412 200
17413 200
17414 200
17415 200
17416 200
17417 200
17418 200
17419 200
17420 200
17421 200
17422 200
17423 200
17424 200
17425 200
17426 200
17427 200
17428 200
17429 200
17430 200
17431 200
17432 200
17433 200
17434 200
17435 200
17436 200
17437 200
17438 200
17439 200
17440 200
17441 200
17442 200
17443 200
17444 200
17445 200
17446 200
17447 200
17448 200
17449 200
17450 200
17451 200
17452 200
17453 200
17454 200
17455 200
17456 200
17457 200
17458 200
17459 200
17460 200
17461 200
17462 200
17463 200
17464 200
17465 200
17466 200
17467 200
17468 200
17469 200
17470 200
17471 200
17472 200
17473 200
17474 200
17475 200
17476 200
17477 200
17478 200
17479 200
17480 200
17481 200
17482 200
17483 200
17484 200
17485 200
17486 200
17487 200
17488 200
17489 200
17490 200
17491 200
17492 200
17493 200
17494 200
17495 200
17496 200
17497 200
17498 200
17499 200
17500 200
17501 200
17502 200
17503 200
17504 200
17505 200
17506 200
17507 200
17508 200
17509 200
17510 200
17511 200
17512 200
17513 200
17514 200
17515 200
17516 200
17517 200
17518 200
17519 200
17520 200
17521 200
17522 200
17523 200
17524 200
17525 200
17526 200
17527 200
17528 200
17529 200
17530 200
17531 200
17532 200
17533 200
17534 200
17535 200
17536 200
17537 200
17538 200
17539 200
17540 200
17541 200
17542 200
17543 200
17544 200
17545 200
17546 200
17547 200
17548 200
17549 200
17550 200
17551 200
17552 200
17553 200
17554 200
17555 200
17556 200
17557 200
17558 200
17559 200
17560 200
17561 200
17562 200
17563 200
17564 200
17565 200
17566 200
17567 200
17568 200
17569 200
17570 200
17571 200
17572 200
17573 200
17574 200
17575 200
17576 200
17577 200
17578 200
17579 200
17580 200
17581 200
17582 200
17583 200
17584 200
17585 200
17586 200
17587 200
17588 200
17589 200
17590 200
17591 200
17592 200
17593 200
17594 200
17595 200
17596 200
17597 200
17598 200
17599 200
17600 200
17601 200
17602 200
17603 200
17604 200
17605 200
17606 200
17607 200
17608 200
17609 200
17610 200
17611 200
17612 200
17613 200
17614 200
17615 200
17616 200
17617 200
17618 200
17619 200
17620 200
17621 200
17622 200
17623 200
17624 200
17625 200
17626 200
17627 200
17628 200
17629 200
17630 200
17631 200
17632 200
17633 200
17634 200
17635 200
17636 200
17637 200
17638 200
17639 200
17640 200
17641 200
17642 200
17643 200
17644 200
17645 200
17646 200
17647 200
17648 200
17649 200
17650 200
17651 200
17652 200
17653 200
17654 200
17655 200
17656 200
17657 200
17658 200
17659 200
17660 200
17661 200
17662 200
17663 200
17664 200
17665 200
17666 200
17667 200
17668 200
17669 200
17670 200
17671 200
17672 200
17673 200
17674 200
17675 200
17676 200
17677 200
17678 200
17679 200
17680 200
17681 200
17682 200
17683 200
17684 200
17685 200
17686 200
17687 200
17688 200
17689 200
17690 200
17691 200
17692 200
17693 200
17694 200
17695 200
17696 200
17697 200
17698 200
17699 200
17700 200
17701 200
17702 200
17703 200
17704 200
17705 200
17706 200
17707 200
17708 200
17709 200
17710 200
17711 200
17712 200
17713 200
17714 200
17715 200
17716 200
17717 200
17718 200
17719 200
17720 200
17721 200
17722 200
17723 200
17724 200
17725 200
17726 200
17727 200
17728 200
17729 200
17730 200
17731 200
17732 200
17733 200
17734 200
17735 200
17736 200
17737 200
17738 200
17739 200
17740 200
17741 200
17742 200
17743 200
17744 200
17745 200
17746 200
17747 200
17748 200
17749 200
17750 200
17751 200
17752 200
17753 200
17754 200
17755 200
17756 200
17757 200
17758 200
17759 200
17760 200
17761 200
17762 200
17763 200
17764 200
17765 200
17766 200
17767 200
17768 200
17769 200
17770 200
17771 200
17772 200
17773 200
17774 200
17775 200
17776 200
17777 200
17778 200
17779 200
17780 200
17781 200
17782 200
17783 200
17784 200
17785 200
17786 200
17787 200
17788 200
17789 200
17790 200
17791 200
17792 200
17793 200
17794 200
17795 200
17796 200
17797 200
17798 200
17799 200
17800 200
17801 200
17802 200
17803 200
17804 200
17805 200
17806 200
17807 200
17808 200
17809 200
17810 200
17811 200
17812 200
17813 200
17814 200
17815 200
17816 200
17817 200
17818 200
17819 200
17820 200
17821 200
17822 200
17823 200
17824 200
17825 200
17826 200
17827 200
17828 200
17829 200
17830 200
17831 200
17832 200
17833 200
17834 200
17835 200
17836 200
17837 200
17838 200
17839 200
17840 200
17841 200
17842 200
17843 200
17844 200
17845 200
17846 200
17847 200
17848 200
17849 200
17850 200
17851 200
17852 200
17853 200
17854 200
17855 200
17856 200
17857 200
17858 200
17859 200
17860 200
17861 200
17862 200
17863 200
17864 200
17865 200
17866 200
17867 200
17868 200
17869 200
17870 200
17871 200
17872 200
17873 200
17874 200
17875 200
17876 200
17877 200
17878 200
17879 200
17880 200
17881 200
17882 200
17883 200
17884 200
17885 200
17886 200
17887 200
17888 200
17889 200
17890 200
17891 200
17892 200
17893 200
17894 200
17895 200
17896 200
17897 200
17898 200
17899 200
17900 200
17901 200
17902 200
17903 200
17904 200
17905 200
17906 200
17907 200
17908 200
17909 200
17910 200
17911 200
17912 200
17913 200
17914 200
17915 200
17916 200
17917 200
17918 200
17919 200
17920 200
17921 200
17922 200
17923 200
17924 200
17925 200
17926 200
17927 200
17928 200
17929 200
17930 200
17931 200
17932 200
17933 200
17934 200
17935 200
17936 200
17937 200
17938 200
17939 200
17940 200
17941 200
17942 200
17943 200
17944 200
17945 200
17946 200
17947 200
17948 200
17949 200
17950 200
17951 200
17952 200
17953 200
17954 200
17955 200
17956 200
17957 200
17958 200
17959 200
17960 200
17961 200
17962 200
17963 200
17964 200
17965 200
17966 200
17967 200
17968 200
17969 200
17970 200
17971 200
17972 200
17973 200
17974 200
17975 200
17976 200
17977 200
17978 200
17979 200
17980 200
17981 200
17982 200
17983 200
17984 200
17985 200
17986 200
17987 200
17988 200
17989 200
17990 200
17991 200
17992 200
17993 200
17994 200
17995 200
17996 200
17997 200
17998 200
17999 200
18000 200
18001 200
18002 200
18003 200
18004 200
18005 200
18006 200
18007 200
18008 200
18009 200
18010 200
18011 200
18012 200
18013 200
18014 200
18015 200
18016 200
18017 200
18018 200
18019 200
18020 200
18021 200
18022 200
18023 200
18024 200
18025 200
18026 200
18027 200
18028 200
18029 200
18030 200
18031 200
18032 200
18033 200
18034 200
18035 200
18036 200
18037 200
18038 200
18039 200
18040 200
18041 200
18042 200
18043 200
18044 200
18045 200
18046 200
18047 200
18048 200
18049 200
18050 200
18051 200
18052 200
18053 200
18054 200
18055 200
18056 200
18057 200
18058 200
18059 200
18060 200
18061 200
18062 200
18063 200
18064 200
18065 200
18066 200
18067 200
18068 200
18069 200
18070 200
18071 200
18072 200
18073 200
18074 200
18075 200
18076 200
18077 200
18078 200
18079 200
18080 200
18081 200
18082 200
18083 200
18084 200
18085 200
18086 200
18087 200
18088 200
18089 200
18090 200
18091 200
18092 200
18093 200
18094 200
18095 200
18096 200
18097 200
18098 200
18099 200
18100 200
18101 200
18102 200
18103 200
18104 200
18105 200
18106 200
18107 200
18108 200
18109 200
18110 200
18111 200
18112 200
18113 200
18114 200
18115 200
18116 200
18117 200
18118 200
18119 200
18120 200
18121 200
18122 200
18123 200
18124 200
18125 200
18126 200
18127 200
18128 200
18129 200
18130 200
18131 200
18132 200
18133 200
18134 200
18135 200
18136 200
18137 200
18138 200
18139 200
18140 200
18141 200
18142 200
18143 200
18144 200
18145 200
18146 200
18147 200
18148 200
18149 200
18150 200
18151 200
18152 200
18153 200
18154 200
18155 200
18156 200
18157 200
18158 200
18159 200
18160 200
18161 200
18162 200
18163 200
18164 200
18165 200
18166 200
18167 200
18168 200
18169 200
18170 200
18171 200
18172 200
18173 200
18174 200
18175 200
18176 200
18177 200
18178 200
18179 200
18180 200
18181 200
18182 200
18183 200
18184 200
18185 200
18186 200
18187 200
18188 200
18189 200
18190 200
18191 200
18192 200
18193 200
18194 200
18195 200
18196 200
18197 200
18198 200
18199 200
18200 200
18201 200
18202 200
18203 200
18204 200
18205 200
18206 200
18207 200
18208 200
18209 200
18210 200
18211 200
18212 200
18213 200
18214 200
18215 200
18216 200
18217 200
18218 200
18219 200
18220 200
18221 200
18222 200
18223 200
18224 200
18225 200
18226 200
18227 200
18228 200
18229 200
18230 200
18231 200
18232 200
18233 200
18234 200
18235 200
18236 200
18237 200
18238 200
18239 200
18240 200
18241 200
18242 200
18243 200
18244 200
18245 200
18246 200
18247 200
18248 200
18249 200
18250 200
18251 200
18252 200
18253 200
18254 200
18255 200
18256 200
18257 200
18258 200
18259 200
18260 200
18261 200
18262 200
18263 200
18264 200
18265 200
18266 200
18267 200
18268 200
18269 200
18270 200
18271 200
18272 200
18273 200
18274 200
18275 200
18276 200
18277 200
18278 200
18279 200
18280 200
18281 200
18282 200
18283 200
18284 200
18285 200
18286 200
18287 200
18288 200
18289 200
18290 200
18291 200
18292 200
18293 200
18294 200
18295 200
18296 200
18297 200
18298 200
18299 200
18300 200
18301 200
18302 200
18303 200
18304 200
18305 200
18306 200
18307 200
18308 200
18309 200
18310 200
18311 200
18312 200
18313 200
18314 200
18315 200
18316 200
18317 200
18318 200
18319 200
18320 200
18321 200
18322 200
18323 200
18324 200
18325 200
18326 200
18327 200
18328 200
18329 200
18330 200
18331 200
18332 200
18333 200
18334 200
18335 200
18336 200
18337 200
18338 200
18339 200
18340 200
18341 200
18342 200
18343 200
18344 200
18345 200
18346 200
18347 200
18348 200
18349 200
18350 200
18351 200
18352 200
18353 200
18354 200
18355 200
18356 200
18357 200
18358 200
18359 200
18360 200
18361 200
18362 200
18363 200
18364 200
18365 200
18366 200
18367 200
18368 200
18369 200
18370 200
18371 200
18372 200
18373 200
18374 200
18375 200
18376 200
18377 200
18378 200
18379 200
18380 200
18381 200
18382 200
18383 200
18384 200
18385 200
18386 200
18387 200
18388 200
18389 200
18390 200
18391 200
18392 200
18393 200
18394 200
18395 200
18396 200
18397 200
18398 200
18399 200
18400 200
18401 200
18402 200
18403 200
18404 200
18405 200
18406 200
18407 200
18408 200
18409 200
18410 200
18411 200
18412 200
18413 200
18414 200
18415 200
18416 200
18417 200
18418 200
18419 200
18420 200
18421 200
18422 200
18423 200
18424 200
18425 200
18426 200
18427 200
18428 200
18429 200
18430 200
18431 200
18432 200
18433 200
18434 200
18435 200
18436 200
18437 200
18438 200
18439 200
18440 200
18441 200
18442 200
18443 200
18444 200
18445 200
18446 200
18447 200
18448 200
18449 200
18450 200
18451 200
18452 200
18453 200
18454 200
18455 200
18456 200
18457 200
18458 200
18459 200
18460 200
18461 200
18462 200
18463 200
18464 200
18465 200
18466 200
18467 200
18468 200
18469 200
18470 200
18471 200
18472 200
18473 200
18474 200
18475 200
18476 200
18477 200
18478 200
18479 200
18480 200
18481 200
18482 200
18483 200
18484 200
18485 200
18486 200
18487 200
18488 200
18489 200
18490 200
18491 200
18492 200
18493 200
18494 200
18495 200
18496 200
18497 200
18498 200
18499 200
18500 200
18501 200
18502 200
18503 200
18504 200
18505 200
18506 200
18507 200
18508 200
18509 200
18510 200
18511 200
18512 200
18513 200
18514 200
18515 200
18516 200
18517 200
18518 200
18519 200
18520 200
18521 200
18522 200
18523 200
18524 200
18525 200
18526 200
18527 200
18528 200
18529 200
18530 200
18531 200
18532 200
18533 200
18534 200
18535 200
18536 200
18537 200
18538 200
18539 200
18540 200
18541 200
18542 200
18543 200
18544 200
18545 200
18546 200
18547 200
18548 200
18549 200
18550 200
18551 200
18552 200
18553 200
18554 200
18555 200
18556 200
18557 200
18558 200
18559 200
18560 200
18561 200
18562 200
18563 200
18564 200
18565 200
18566 200
18567 200
18568 200
18569 200
18570 200
18571 200
18572 200
18573 200
18574 200
18575 200
18576 200
18577 200
18578 200
18579 200
18580 200
18581 200
18582 200
18583 200
18584 200
18585 200
18586 200
18587 200
18588 200
18589 200
18590 200
18591 200
18592 200
18593 200
18594 200
18595 200
18596 200
18597 200
18598 200
18599 200
18600 200
18601 200
18602 200
18603 200
18604 200
18605 200
18606 200
18607 200
18608 200
18609 200
18610 200
18611 200
18612 200
18613 200
18614 200
18615 200
18616 200
18617 200
18618 200
18619 200
18620 200
18621 200
18622 200
18623 200
18624 200
18625 200
18626 200
18627 200
18628 200
18629 200
18630 200
18631 200
18632 200
18633 200
18634 200
18635 200
18636 200
18637 200
18638 200
18639 200
18640 200
18641 200
18642 200
18643 200
18644 200
18645 200
18646 200
18647 200
18648 200
18649 200
18650 200
18651 200
18652 200
18653 200
18654 200
18655 200
18656 200
18657 200
18658 200
18659 200
18660 200
18661 200
18662 200
18663 200
18664 200
18665 200
18666 200
18667 200
18668 200
18669 200
18670 200
18671 200
18672 200
18673 200
18674 200
18675 200
18676 200
18677 200
18678 200
18679 200
18680 200
18681 200
18682 200
18683 200
18684 200
18685 200
18686 200
18687 200
18688 200
18689 200
18690 200
18691 200
18692 200
18693 200
18694 200
18695 200
18696 200
18697 200
18698 200
18699 200
18700 200
18701 200
18702 200
18703 200
18704 200
18705 200
18706 404
18707 200
18708 200
18709 200
18710 200
18711 200
18712 200
18713 200
18714 200
18715 200
18716 200
18717 200
18718 200
18719 200
18720 200
18721 200
18722 200
18723 200
18724 200
18725 200
18726 200
18727 200
18728 200
18729 200
18730 200
18731 200
18732 200
18733 200
18734 200
18735 200
18736 200
18737 200
18738 200
18739 200
18740 200
18741 200
18742 200
18743 200
18744 200
18745 200
18746 200
18747 200
18748 200
18749 200
18750 200
18751 200
18752 200
18753 200
18754 200
18755 200
18756 200
18757 200
18758 200
18759 200
18760 200
18761 200
18762 200
18763 200
18764 200
18765 200
18766 200
18767 200
18768 200
18769 200
18770 200
18771 200
18772 200
18773 200
18774 200
18775 200
18776 200
18777 200
18778 200
18779 200
18780 200
18781 200
18782 200
18783 200
18784 200
18785 200
18786 200
18787 200
18788 200
18789 200
18790 200
18791 200
18792 200
18793 200
18794 200
18795 200
18796 200
18797 200
18798 200
18799 200
18800 200
18801 200
18802 200
18803 200
18804 200
18805 200
18806 200
18807 200
18808 200
18809 200
18810 200
18811 200
18812 200
18813 200
18814 200
18815 200
18816 200
18817 200
18818 200
18819 200
18820 200
18821 200
18822 200
18823 200
18824 200
18825 200
18826 200
18827 200
18828 200
18829 200
18830 200
18831 200
18832 200
18833 200
18834 200
18835 200
18836 200
18837 200
18838 200
18839 200
18840 200
18841 200
18842 200
18843 200
18844 200
18845 200
18846 200
18847 200
18848 200
18849 200
18850 200
18851 200
18852 200
18853 200
18854 200
18855 200
18856 200
18857 200
18858 200
18859 200
18860 200
18861 200
18862 200
18863 200
18864 200
18865 200
18866 200
18867 200
18868 200
18869 200
18870 200
18871 200
18872 200
18873 200
18874 200
18875 200
18876 200
18877 200
18878 200
18879 200
18880 200
18881 200
18882 200
18883 200
18884 200
18885 200
18886 200
18887 200
18888 200
18889 200
18890 200
18891 200
18892 200
18893 200
18894 200
18895 200
18896 200
18897 200
18898 200
18899 200
18900 200
18901 200
18902 200
18903 200
18904 200
18905 200
18906 200
18907 200
18908 200
18909 200
18910 200
18911 200
18912 200
18913 200
18914 200
18915 200
18916 200
18917 200
18918 200
18919 200
18920 200
18921 200
18922 200
18923 200
18924 200
18925 200
18926 200
18927 200
18928 200
18929 200
18930 200
18931 200
18932 200
18933 200
18934 200
18935 200
18936 200
18937 200
18938 200
18939 200
18940 200
18941 200
18942 200
18943 200
18944 200
18945 200
18946 200
18947 200
18948 200
18949 200
18950 200
18951 200
18952 200
18953 200
18954 200
18955 200
18956 200
18957 200
18958 200
18959 200
18960 200
18961 200
18962 200
18963 200
18964 200
18965 200
18966 200
18967 200
18968 200
18969 200
18970 200
18971 200
18972 200
18973 200
18974 200
18975 200
18976 200
18977 200
18978 200
18979 200
18980 200
18981 200
18982 200
18983 200
18984 200
18985 200
18986 200
18987 200
18988 200
18989 200
18990 200
18991 200
18992 200
18993 200
18994 200
18995 200
18996 200
18997 200
18998 200
18999 200
19000 200
19001 200
19002 200
19003 200
19004 200
19005 200
19006 200
19007 200
19008 200
19009 200
19010 200
19011 200
19012 200
19013 200
19014 200
19015 200
19016 200
19017 200
19018 200
19019 200
19020 200
19021 200
19022 200
19023 200
19024 200
19025 200
19026 200
19027 200
19028 200
19029 200
19030 200
19031 200
19032 200
19033 200
19034 200
19035 200
19036 200
19037 200
19038 200
19039 200
19040 200
19041 200
19042 200
19043 200
19044 200
19045 200
19046 200
19047 200
19048 200
19049 200
19050 200
19051 200
19052 200
19053 200
19054 200
19055 200
19056 200
19057 200
19058 200
19059 200
19060 200
19061 200
19062 200
19063 200
19064 200
19065 200
19066 200
19067 200
19068 200
19069 200
19070 200
19071 200
19072 200
19073 200
19074 200
19075 200
19076 200
19077 200
19078 200
19079 200
19080 200
19081 200
19082 200
19083 200
19084 200
19085 200
19086 200
19087 200
19088 200
19089 200
19090 200
19091 200
19092 200
19093 200
19094 200
19095 200
19096 200
19097 200
19098 200
19099 200
19100 200
19101 200
19102 200
19103 200
19104 200
19105 200
19106 200
19107 200
19108 200
19109 200
19110 200
19111 200
19112 200
19113 200
19114 200
19115 200
19116 200
19117 200
19118 200
19119 200
19120 200
19121 200
19122 200
19123 200
19124 200
19125 200
19126 200
19127 200
19128 200
19129 200
19130 200
19131 200
19132 200
19133 200
19134 200
19135 200
19136 200
19137 200
19138 200
19139 200
19140 200
19141 200
19142 200
19143 200
19144 200
19145 200
19146 200
19147 200
19148 200
19149 200
19150 200
19151 200
19152 200
19153 200
19154 200
19155 200
19156 200
19157 200
19158 200
19159 200
19160 200
19161 200
19162 200
19163 200
19164 200
19165 200
19166 200
19167 200
19168 200
19169 200
19170 200
19171 200
19172 200
19173 200
19174 200
19175 200
19176 200
19177 200
19178 200
19179 200
19180 200
19181 403
19182 403
19183 200
19184 200
19185 200
19186 200
19187 200
19188 200
19189 200
19190 200
19191 200
19192 200
19193 200
19194 200
19195 200
19196 200
19197 200
19198 200
19199 200
19200 200
19201 200
19202 200
19203 200
19204 200
19205 200
19206 200
19207 200
19208 200
19209 200
19210 200
19211 200
19212 404
19213 200
19214 200
19215 200
19216 200
19217 200
19218 200
19219 200
19220 200
19221 404
19222 404
19223 404
19224 404
19225 404
19226 404
19227 404
19228 404
19229 404
19230 404
19231 404
19232 404
19233 404
19234 200
19235 404
19236 200
19237 200
19238 200
19239 200
19240 200
19241 -1
19242 -1
19243 -1
19244 -1
19245 200
19246 200
19247 200
19248 200
19249 200
19250 200
19251 200
19252 200
19253 200
19254 -1
19255 -1
19256 -1
19257 -1
19258 -1
19259 200
19260 -1
19261 -1
19262 -1
19263 -1
19264 -1
19265 -1
19266 -1
19267 -1
19268 -1
19269 -1
19270 -1
19271 -1
19272 -1
19273 -1
19274 -1
19275 -1
19276 -1
19277 -1
19278 -1
19279 -1
19280 -1
19281 -1
19282 -1
19283 -1
19284 -1
19285 -1
19286 -1
19287 -1
19288 -1
19289 -1
19290 -1
19291 -1
19292 -1
19293 -1
19294 -1
19295 -1
19296 -1
19297 -1
19298 -1
19299 -1
19300 -1
19301 -1
19302 -1
19303 -1
19304 -1
19305 -1
19306 -1
19307 -1
19308 -1
19309 -1
19310 -1
19311 -1
19312 -1
19313 -1
19314 -1
19315 -1
19316 -1
19317 -1
19318 -1
19319 -1
19320 -1
19321 -1
19322 -1
19323 -1
19324 -1
19325 -1
19326 -1
19327 -1
19328 -1
19329 -1
19330 -1
19331 -1
19332 -1
19333 -1
19334 -1
19335 -1
19336 -1
19337 -1
19338 -1
19339 -1
19340 -1
19341 -1
19342 -1
19343 -1
19344 -1
19345 200
19346 -1
19347 -1
19348 -1
19349 -1
19350 -1
19351 -1
19352 -1
19353 -1
19354 -1
19355 -1
19356 -1
19357 -1
19358 -1
19359 -1
19360 -1
19361 -1
19362 -1
19363 -1
19364 -1
19365 -1
19366 -1
19367 -1
19368 -1
19369 -1
19370 -1
19371 -1
19372 -1
19373 -1
19374 -1
19375 -1
19376 -1
19377 -1
19378 -1
19379 -1
19380 -1
19381 -1
19382 -1
19383 -1
19384 -1
19385 -1
19386 -1
19387 -1
19388 -1
19389 -1
19390 -1
19391 -1
19392 -1
19393 -1
19394 -1
19395 -1
19396 -1
19397 -1
19398 -1
19399 -1
19400 -1
19401 -1
19402 -1
19403 -1
19404 -1
19405 -1
19406 -1
19407 -1
19408 -1
19409 -1
19410 -1
19411 -1
19412 -1
19413 -1
19414 -1
19415 -1
19416 -1
19417 -1
19418 -1
19419 -1
19420 -1
19421 -1
19422 200
19423 -1
19424 200
19425 200
19426 200
19427 404
19428 200
19429 -1
19430 200
19431 -1
19432 -1
19433 -1
19434 -1
19435 -1
19436 -1
19437 -1
19438 -1
19439 -1
19440 -1
19441 -1
19442 -1
19443 -1
19444 -1
19445 -1
19446 -1
19447 -1
19448 -1
19449 -1
19450 -1
19451 -1
19452 -1
19453 -1
19454 -1
19455 -1
19456 200
19457 200
19458 200
19459 200
19460 200
19461 200
19462 200
19463 200
19464 200
19465 200
19466 200
19467 200
19468 200
19469 200
19470 200
19471 200
19472 200
19473 200
19474 -1
19475 200
19476 200
19477 200
19478 200
19479 200
19480 200
19481 200
19482 200
19483 200
19484 200
19485 200
19486 200
19487 200
19488 200
19489 200
19490 200
19491 200
19492 200
19493 200
19494 200
19495 200
19496 200
19497 200
19498 200
19499 200
19500 200
19501 200
19502 200
19503 200
19504 200
19505 200
19506 200
19507 200
19508 200
19509 200
19510 200
19511 200
19512 200
19513 200
19514 200
19515 200
19516 200
19517 200
19518 200
19519 200
19520 200
19521 200
19522 200
19523 200
19524 200
19525 200
19526 200
19527 200
19528 200
19529 200
19530 200
19531 200
19532 200
19533 200
19534 200
19535 200
19536 200
19537 200
19538 200
19539 200
19540 200
19541 200
19542 200
19543 200
19544 200
19545 200
19546 200
19547 200
19548 200
19549 200
19550 200
19551 200
19552 200
19553 200
19554 200
19555 200
19556 200
19557 200
19558 200
19559 200
19560 200
19561 200
19562 200
19563 200
19564 200
19565 200
19566 200
19567 200
19568 200
19569 200
19570 200
19571 200
19572 200
19573 200
19574 200
19575 200
19576 200
19577 200
19578 200
19579 200
19580 200
19581 200
19582 200
19583 200
19584 200
19585 200
19586 200
19587 200
19588 200
19589 200
19590 200
19591 200
19592 200
19593 200
19594 200
19595 200
19596 200
19597 200
19598 200
19599 200
19600 200
19601 200
19602 200
19603 200
19604 200
19605 200
19606 200
19607 200
19608 200
19609 200
19610 200
19611 200
19612 200
19613 200
19614 200
19615 200
19616 200
19617 200
19618 200
19619 200
19620 200
19621 200
19622 200
19623 200
19624 200
19625 200
19626 200
19627 200
19628 200
19629 200
19630 200
19631 200
19632 200
19633 200
19634 200
19635 200
19636 200
19637 200
19638 200
19639 200
19640 200
19641 200
19642 200
19643 200
19644 200
19645 200
19646 200
19647 200
19648 200
19649 200
19650 200
19651 200
19652 200
19653 200
19654 200
19655 200
19656 200
19657 200
19658 200
19659 200
19660 200
19661 200
19662 200
19663 200
19664 200
19665 200
19666 200
19667 200
19668 200
19669 200
19670 200
19671 200
19672 200
19673 200
19674 200
19675 200
19676 200
19677 200
19678 200
19679 200
19680 200
19681 200
19682 200
19683 200
19684 200
19685 200
19686 200
19687 200
19688 200
19689 200
19690 200
19691 200
19692 200
19693 200
19694 200
19695 200
19696 200
19697 200
19698 200
19699 200
19700 200
19701 200
19702 200
19703 200
19704 200
19705 200
19706 200
19707 200
19708 200
19709 200
19710 200
19711 200
19712 200
19713 200
19714 200
19715 200
19716 200
19717 200
19718 200
19719 404
19720 200
19721 200
19722 200
19723 200
19724 200
19725 200
19726 200
19727 200
19728 200
19729 200
19730 200
19731 200
19732 200
19733 200
19734 200
19735 200
19736 200
19737 200
19738 200
19739 200
19740 200
19741 200
19742 200
19743 200
19744 200
19745 200
19746 200
19747 200
19748 200
19749 200
19750 200
19751 200
19752 200
19753 200
19754 200
19755 200
19756 200
19757 200
19758 200
19759 200
19760 200
19761 200
19762 200
19763 200
19764 200
19765 200
19766 200
19767 200
19768 200
19769 200
19770 200
19771 200
19772 200
19773 200
19774 200
19775 200
19776 200
19777 200
19778 200
19779 200
19780 200
19781 200
19782 200
19783 200
19784 200
19785 200
19786 200
19787 200
19788 200
19789 200
19790 200
19791 200
19792 200
19793 200
19794 200
19795 200
19796 200
19797 200
19798 200
19799 200
19800 200
19801 200
19802 200
19803 200
19804 200
19805 200
19806 200
19807 200
19808 200
19809 200
19810 200
19811 200
19812 200
19813 200
19814 200
19815 200
19816 200
19817 200
19818 200
19819 200
19820 200
19821 200
19822 200
19823 200
19824 200
19825 200
19826 200
19827 200
19828 200
19829 200
19830 200
19831 200
19832 200
19833 200
19834 200
19835 200
19836 200
19837 200
19838 200
19839 200
19840 200
19841 200
19842 200
19843 200
19844 200
19845 200
19846 200
19847 200
19848 200
19849 200
19850 200
19851 -1
19852 -1
19853 -1
19854 -1
19855 -1
19856 -1
19857 -1
19858 -1
19859 -1
19860 -1
19861 -1
19862 -1
19863 -1
19864 -1
19865 -1
19866 -1
19867 -1
19868 -1
19869 -1
19870 -1
19871 -1
19872 -1
19873 -1
19874 -1
19875 -1
19876 -1
19877 -1
19878 -1
19879 -1
19880 -1
19881 -1
19882 -1
19883 -1
19884 -1
19885 -1
19886 -1
19887 -1
19888 -1
19889 -1
19890 -1
19891 -1
19892 -1
19893 -1
19894 -1
19895 -1
19896 -1
19897 -1
19898 -1
19899 -1
19900 -1
19901 -1
19902 -1
19903 -1
19904 -1
19905 -1
19906 -1
19907 -1
19908 -1
19909 -1
19910 -1
19911 -1
19912 -1
19913 -1
19914 -1
19915 404
19916 200
19917 200
19918 200
19919 404
19920 200
19921 200
19922 -1
19923 200
19924 404
19925 404
19926 404
19927 404
19928 404
19929 404
19930 200
19931 404
19932 404
19933 200
19934 404
19935 404
19936 404
19937 404
19938 404
19939 404
19940 404
19941 404
19942 404
19943 404
19944 404
19945 404
19946 404
19947 404
19948 200
19949 404
19950 404
19951 200
19952 200
19953 200
19954 403
19955 403
19956 403
19957 403
19958 403
19959 403
19960 403
19961 403
19962 403
19963 -1
19964 403
19965 403
19966 200
19967 200
19968 200
19969 200
19970 200
19971 200
19972 200
19973 200
19974 200
19975 200
19976 200
19977 200
19978 200
19979 404
19980 200
19981 200
19982 200
19983 200
19984 200
19985 200
19986 200
19987 200
19988 200
19989 200
19990 200
19991 200
19992 200
19993 200
19994 200
19995 200
19996 200
19997 200
19998 200
19999 200
20000 200
20001 200
20002 200
20003 200
20004 200
20005 200
20006 200
20007 200
20008 200
20009 200
20010 -1
20011 200
20012 200
20013 200
20014 200
20015 200
20016 200
20017 200
20018 200
20019 200
20020 200
20021 200
20022 200
20023 200
20024 200
20025 200
20026 200
20027 200
20028 200
20029 200
20030 200
20031 200
20032 200
20033 200
20034 200
20035 200
20036 200
20037 200
20038 200
20039 200
20040 200
20041 200
20042 200
20043 200
20044 200
20045 200
20046 200
20047 200
20048 200
20049 200
20050 200
20051 200
20052 200
20053 200
20054 200
20055 200
20056 200
20057 200
20058 200
20059 200
20060 200
20061 200
20062 200
20063 200
20064 200
20065 200
20066 200
20067 200
20068 200
20069 200
20070 200
20071 200
20072 200
20073 200
20074 200
20075 200
20076 200
20077 200
20078 200
20079 200
20080 200
20081 200
20082 200
20083 200
20084 200
20085 200
20086 200
20087 200
20088 200
20089 200
20090 200
20091 200
20092 200
20093 200
20094 200
20095 200
20096 200
20097 200
20098 200
20099 200
20100 200
20101 200
20102 200
20103 200
20104 200
20105 200
20106 200
20107 200
20108 200
20109 200
20110 200
20111 200
20112 200
20113 200
20114 200
20115 200
20116 200
20117 200
20118 200
20119 200
20120 200
20121 200
20122 200
20123 200
20124 200
20125 200
20126 200
20127 200
20128 200
20129 200
20130 200
20131 200
20132 200
20133 200
20134 200
20135 200
20136 200
20137 200
20138 200
20139 200
20140 200
20141 200
20142 200
20143 200
20144 200
20145 200
20146 200
20147 200
20148 200
20149 200
20150 200
20151 200
20152 200
20153 200
20154 200
20155 200
20156 200
20157 200
20158 200
20159 200
20160 200
20161 200
20162 200
20163 200
20164 200
20165 200
20166 200
20167 200
20168 200
20169 200
20170 200
20171 200
20172 200
20173 200
20174 200
20175 200
20176 200
20177 200
20178 200
20179 200
20180 200
20181 200
20182 200
20183 200
20184 200
20185 200
20186 200
20187 200
20188 200
20189 200
20190 200
20191 200
20192 200
20193 200
20194 200
20195 200
20196 200
20197 200
20198 200
20199 200
20200 200
20201 200
20202 200
20203 200
20204 200
20205 200
20206 200
20207 200
20208 200
20209 200
20210 200
20211 200
20212 200
20213 200
20214 200
20215 200
20216 200
20217 200
20218 200
20219 200
20220 200
20221 200
20222 200
20223 200
20224 200
20225 200
20226 200
20227 200
20228 200
20229 200
20230 200
20231 200
20232 200
20233 200
20234 200
20235 200
20236 200
20237 200
20238 200
20239 200
20240 200
20241 200
20242 200
20243 200
20244 200
20245 200
20246 200
20247 200
20248 200
20249 200
20250 200
20251 200
20252 200
20253 200
20254 200
20255 200
20256 200
20257 200
20258 200
20259 200
20260 200
20261 200
20262 200
20263 200
20264 200
20265 200
20266 200
20267 200
20268 200
20269 200
20270 200
20271 200
20272 200
20273 200
20274 200
20275 200
20276 200
20277 200
20278 200
20279 200
20280 200
20281 200
20282 200
20283 200
20284 200
20285 200
20286 200
20287 200
20288 200
20289 200
20290 200
20291 200
20292 200
20293 200
20294 200
20295 200
20296 200
20297 200
20298 200
20299 200
20300 200
20301 200
20302 200
20303 200
20304 200
20305 200
20306 200
20307 200
20308 200
20309 200
20310 200
20311 200
20312 200
20313 200
20314 200
20315 200
20316 200
20317 200
20318 200
20319 200
20320 200
20321 200
20322 200
20323 200
20324 200
20325 200
20326 200
20327 200
20328 200
20329 200
20330 200
20331 200
20332 200
20333 200
20334 200
20335 200
20336 200
20337 404
20338 200
20339 200
20340 200
20341 404
20342 200
20343 200
20344 200
20345 200
20346 200
20347 200
20348 200
20349 200
20350 200
20351 200
20352 200
20353 200
20354 200
20355 200
20356 200
20357 200
20358 200
20359 200
20360 200
20361 200
20362 200
20363 200
20364 200
20365 200
20366 200
20367 200
20368 200
20369 200
20370 200
20371 200
20372 200
20373 200
20374 200
20375 200
20376 200
20377 200
20378 200
20379 200
20380 200
20381 200
20382 200
20383 200
20384 200
20385 200
20386 200
20387 200
20388 200
20389 200
20390 200
20391 200
20392 200
20393 200
20394 200
20395 200
20396 200
20397 200
20398 200
20399 200
20400 200
20401 200
20402 200
20403 200
20404 200
20405 200
20406 200
20407 200
20408 200
20409 200
20410 200
20411 200
20412 200
20413 200
20414 200
20415 200
20416 200
20417 200
20418 200
20419 200
20420 200
20421 200
20422 200
20423 200
20424 200
20425 200
20426 200
20427 200
20428 200
20429 200
20430 200
20431 200
20432 200
20433 200
20434 200
20435 200
20436 200
20437 200
20438 200
20439 200
20440 200
20441 200
20442 200
20443 200
20444 200
20445 200
20446 200
20447 200
20448 200
20449 200
20450 200
20451 200
20452 200
20453 200
20454 200
20455 200
20456 200
20457 200
20458 200
20459 200
20460 200
20461 200
20462 200
20463 200
20464 200
20465 200
20466 200
20467 200
20468 200
20469 200
20470 200
20471 200
20472 200
20473 200
20474 200
20475 200
20476 200
20477 200
20478 200
20479 200
20480 200
20481 200
20482 200
20483 200
20484 200
20485 200
20486 200
20487 200
20488 200
20489 200
20490 200
20491 200
20492 200
20493 200
20494 200
20495 200
20496 200
20497 200
20498 200
20499 200
20500 200
20501 200
20502 200
20503 200
20504 200
20505 200
20506 200
20507 200
20508 200
20509 200
20510 200
20511 200
20512 200
20513 200
20514 200
20515 200
20516 200
20517 200
20518 200
20519 200
20520 200
20521 200
20522 200
20523 200
20524 200
20525 200
20526 200
20527 200
20528 200
20529 200
20530 200
20531 200
20532 200
20533 200
20534 200
20535 200
20536 200
20537 200
20538 200
20539 200
20540 200
20541 200
20542 200
20543 200
20544 200
20545 200
20546 200
20547 200
20548 200
20549 200
20550 200
20551 200
20552 200
20553 200
20554 200
20555 200
20556 200
20557 200
20558 200
20559 200
20560 200
20561 200
20562 200
20563 200
20564 200
20565 200
20566 200
20567 200
20568 200
20569 200
20570 200
20571 200
20572 200
20573 200
20574 200
20575 200
20576 200
20577 200
20578 200
20579 200
20580 200
20581 200
20582 200
20583 200
20584 404
20585 200
20586 200
20587 200
20588 200
20589 200
20590 200
20591 200
20592 200
20593 200
20594 200
20595 200
20596 200
20597 200
20598 200
20599 200
20600 200
20601 200
20602 200
20603 200
20604 200
20605 200
20606 200
20607 200
20608 200
20609 200
20610 200
20611 200
20612 200
20613 200
20614 200
20615 200
20616 200
20617 200
20618 200
20619 200
20620 200
20621 200
20622 200
20623 200
20624 200
20625 200
20626 200
20627 200
20628 200
20629 200
20630 200
20631 200
20632 200
20633 200
20634 200
20635 200
20636 200
20637 200
20638 200
20639 200
20640 200
20641 200
20642 200
20643 200
20644 200
20645 200
20646 200
20647 200
20648 200
20649 200
20650 200
20651 200
20652 200
20653 200
20654 200
20655 200
20656 200
20657 200
20658 200
20659 200
20660 200
20661 200
20662 200
20663 200
20664 200
20665 200
20666 200
20667 200
20668 200
20669 404
20670 200
20671 200
20672 200
20673 200
20674 200
20675 200
20676 200
20677 200
20678 200
20679 200
20680 200
20681 200
20682 200
20683 200
20684 200
20685 200
20686 200
20687 200
20688 200
20689 200
20690 200
20691 200
20692 200
20693 200
20694 200
20695 200
20696 200
20697 200
20698 200
20699 200
20700 200
20701 200
20702 200
20703 200
20704 200
20705 200
20706 200
20707 200
20708 200
20709 200
20710 200
20711 200
20712 200
20713 200
20714 200
20715 200
20716 200
20717 200
20718 200
20719 200
20720 404
20721 200
20722 200
20723 200
20724 200
20725 200
20726 200
20727 200
20728 200
20729 200
20730 200
20731 200
20732 200
20733 200
20734 200
20735 200
20736 200
20737 200
20738 200
20739 200
20740 200
20741 200
20742 200
20743 200
20744 200
20745 200
20746 200
20747 200
20748 200
20749 200
20750 200
20751 200
20752 200
20753 200
20754 200
20755 200
20756 200
20757 200
20758 200
20759 200
20760 200
20761 200
20762 200
20763 200
20764 200
20765 200
20766 200
20767 200
20768 200
20769 200
20770 200
20771 200
20772 200
20773 200
20774 200
20775 200
20776 200
20777 200
20778 200
20779 200
20780 200
20781 200
20782 200
20783 200
20784 200
20785 200
20786 200
20787 200
20788 200
20789 200
20790 200
20791 200
20792 200
20793 200
20794 200
20795 200
20796 200
20797 200
20798 200
20799 200
20800 200
20801 200
20802 200
20803 200
20804 200
20805 200
20806 200
20807 200
20808 200
20809 200
20810 200
20811 200
20812 200
20813 200
20814 200
20815 200
20816 200
20817 200
20818 200
20819 200
20820 200
20821 200
20822 200
20823 200
20824 200
20825 200
20826 200
20827 200
20828 200
20829 200
20830 200
20831 200
20832 200
20833 200
20834 200
20835 200
20836 200
20837 200
20838 200
20839 200
20840 200
20841 200
20842 200
20843 200
20844 200
20845 200
20846 200
20847 200
20848 200
20849 200
20850 200
20851 200
20852 200
20853 200
20854 200
20855 404
20856 200
20857 200
20858 200
20859 200
20860 200
20861 404
20862 200
20863 200
20864 200
20865 200
20866 200
20867 200
20868 200
20869 200
20870 200
20871 200
20872 200
20873 200
20874 200
20875 200
20876 200
20877 200
20878 200
20879 200
20880 200
20881 200
20882 200
20883 200
20884 200
20885 200
20886 200
20887 200
20888 200
20889 200
20890 200
20891 200
20892 200
20893 200
20894 200
20895 200
20896 200
20897 200
20898 200
20899 200
20900 200
20901 200
20902 200
20903 200
20904 200
20905 200
20906 200
20907 200
20908 200
20909 200
20910 200
20911 200
20912 200
20913 200
20914 200
20915 200
20916 200
20917 200
20918 200
20919 200
20920 200
20921 200
20922 200
20923 200
20924 200
20925 200
20926 200
20927 200
20928 200
20929 200
20930 200
20931 200
20932 200
20933 200
20934 200
20935 200
20936 200
20937 200
20938 200
20939 200
20940 200
20941 200
20942 200
20943 200
20944 200
20945 200
20946 200
20947 200
20948 200
20949 200
20950 200
20951 200
20952 200
20953 200
20954 200
20955 200
20956 200
20957 200
20958 200
20959 200
20960 200
20961 200
20962 200
20963 200
20964 200
20965 200
20966 200
20967 200
20968 200
20969 200
20970 200
20971 200
20972 200
20973 200
20974 200
20975 200
20976 200
20977 200
20978 200
20979 200
20980 200
20981 200
20982 200
20983 200
20984 200
20985 200
20986 200
20987 200
20988 200
20989 200
20990 404
20991 200
20992 200
20993 200
20994 200
20995 200
20996 200
20997 200
20998 200
20999 200
21000 200
21001 200
21002 200
21003 200
21004 200
21005 200
21006 200
21007 200
21008 200
21009 200
21010 200
21011 200
21012 200
21013 200
21014 200
21015 200
21016 404
21017 200
21018 200
21019 200
21020 200
21021 200
21022 200
21023 200
21024 200
21025 200
21026 200
21027 200
21028 200
21029 200
21030 200
21031 200
21032 200
21033 200
21034 200
21035 200
21036 200
21037 200
21038 200
21039 200
21040 200
21041 200
21042 200
21043 200
21044 200
21045 200
21046 404
21047 200
21048 200
21049 200
21050 200
21051 200
21052 200
21053 200
21054 200
21055 200
21056 200
21057 200
21058 200
21059 200
21060 200
21061 200
21062 200
21063 200
21064 200
21065 200
21066 200
21067 200
21068 200
21069 200
21070 200
21071 200
21072 200
21073 200
21074 200
21075 200
21076 200
21077 200
21078 200
21079 200
21080 200
21081 200
21082 200
21083 200
21084 200
21085 200
21086 200
21087 200
21088 200
21089 200
21090 200
21091 200
21092 200
21093 200
21094 200
21095 200
21096 200
21097 200
21098 200
21099 200
21100 200
21101 200
21102 200
21103 200
21104 200
21105 200
21106 200
21107 200
21108 200
21109 200
21110 200
21111 200
21112 200
21113 200
21114 200
21115 200
21116 200
21117 200
21118 200
21119 200
21120 200
21121 200
21122 200
21123 200
21124 200
21125 200
21126 200
21127 200
21128 200
21129 200
21130 200
21131 200
21132 200
21133 200
21134 200
21135 200
21136 200
21137 200
21138 200
21139 200
21140 200
21141 200
21142 200
21143 200
21144 200
21145 200
21146 200
21147 200
21148 200
21149 200
21150 200
21151 200
21152 200
21153 200
21154 200
21155 200
21156 200
21157 200
21158 200
21159 200
21160 200
21161 200
21162 200
21163 200
21164 200
21165 200
21166 200
21167 200
21168 200
21169 200
21170 200
21171 200
21172 200
21173 200
21174 200
21175 200
21176 200
21177 200
21178 200
21179 200
21180 200
21181 200
21182 200
21183 200
21184 200
21185 200
21186 200
21187 200
21188 200
21189 200
21190 200
21191 200
21192 200
21193 200
21194 200
21195 200
21196 200
21197 200
21198 200
21199 200
21200 200
21201 200
21202 200
21203 200
21204 200
21205 200
21206 200
21207 200
21208 200
21209 200
21210 200
21211 200
21212 404
21213 404
21214 404
21215 404
21216 404
21217 404
21218 404
21219 404
21220 404
21221 404
21222 404
21223 404
21224 404
21225 404
21226 404
21227 200
21228 404
21229 404
21230 200
21231 404
21232 404
21233 200
21234 404
21235 404
21236 404
21237 200
21238 404
21239 200
21240 404
21241 404
21242 404
21243 200
21244 404
21245 404
21246 404
21247 200
21248 404
21249 200
21250 404
21251 200
21252 404
21253 404
21254 404
21255 404
21256 404
21257 404
21258 404
21259 200
21260 404
21261 404
21262 404
21263 404
21264 200
21265 404
21266 404
21267 404
21268 404
21269 200
21270 200
21271 404
21272 404
21273 200
21274 200
21275 404
21276 404
21277 200
21278 200
21279 404
21280 404
21281 404
21282 404
21283 404
21284 200
21285 200
21286 404
21287 404
21288 404
21289 404
21290 404
21291 404
21292 404
21293 404
21294 404
21295 200
21296 200
21297 404
21298 200
21299 404
21300 404
21301 404
21302 404
21303 200
21304 200
21305 404
21306 404
21307 404
21308 404
21309 404
21310 404
21311 404
21312 404
21313 200
21314 200
21315 404
21316 404
21317 404
21318 404
21319 404
21320 404
21321 404
21322 404
21323 404
21324 404
21325 404
21326 200
21327 404
21328 404
21329 404
21330 404
21331 404
21332 404
21333 404
21334 404
21335 404
21336 404
21337 404
21338 404
21339 404
21340 404
21341 404
21342 404
21343 404
21344 404
21345 404
21346 404
21347 404
21348 404
21349 404
21350 404
21351 404
21352 404
21353 200
21354 200
21355 404
21356 404
21357 404
21358 200
21359 404
21360 404
21361 200
21362 404
21363 404
21364 404
21365 404
21366 200
21367 404
21368 404
21369 404
21370 404
21371 404
21372 404
21373 404
21374 200
21375 404
21376 404
21377 404
21378 404
21379 404
21380 200
21381 404
21382 404
21383 404
21384 404
21385 404
21386 404
21387 404
21388 200
21389 404
21390 404
21391 404
21392 404
21393 404
21394 404
21395 404
21396 404
21397 404
21398 404
21399 200
21400 404
21401 404
21402 200
21403 200
21404 200
21405 404
21406 200
21407 404
21408 404
21409 404
21410 404
21411 404
21412 404
21413 404
21414 200
21415 200
21416 404
21417 404
21418 404
21419 404
21420 404
21421 404
21422 404
21423 404
21424 404
21425 404
21426 200
21427 200
21428 404
21429 404
21430 200
21431 404
21432 404
21433 404
21434 200
21435 404
21436 404
21437 404
21438 404
21439 404
21440 200
21441 404
21442 404
21443 404
21444 404
21445 404
21446 404
21447 404
21448 404
21449 404
21450 404
21451 200
21452 404
21453 404
21454 404
21455 404
21456 404
21457 200
21458 200
21459 200
21460 404
21461 404
21462 200
21463 404
21464 404
21465 200
21466 200
21467 404
21468 404
21469 404
21470 200
21471 404
21472 404
21473 404
21474 404
21475 404
21476 404
21477 404
21478 404
21479 404
21480 404
21481 200
21482 404
21483 404
21484 404
21485 404
21486 200
21487 200
21488 404
21489 404
21490 404
21491 404
21492 200
21493 200
21494 404
21495 404
21496 404
21497 404
21498 200
21499 404
21500 404
21501 404
21502 404
21503 404
21504 200
21505 404
21506 404
21507 404
21508 404
21509 404
21510 404
21511 200
21512 404
21513 404
21514 200
21515 404
21516 404
21517 404
21518 404
21519 404
21520 404
21521 200
21522 404
21523 404
21524 404
21525 404
21526 404
21527 404
21528 200
21529 200
21530 404
21531 404
21532 404
21533 404
21534 404
21535 404
21536 404
21537 200
21538 404
21539 404
21540 404
21541 404
21542 404
21543 200
21544 404
21545 404
21546 404
21547 200
21548 404
21549 200
21550 404
21551 404
21552 404
21553 404
21554 404
21555 404
21556 200
21557 404
21558 404
21559 404
21560 404
21561 404
21562 200
21563 404
21564 404
21565 404
21566 404
21567 404
21568 404
21569 200
21570 404
21571 404
21572 200
21573 404
21574 200
21575 404
21576 404
21577 404
21578 404
21579 200
21580 404
21581 404
21582 404
21583 404
21584 200
21585 404
21586 200
21587 404
21588 404
21589 404
21590 200
21591 200
21592 404
21593 200
21594 404
21595 200
21596 200
21597 404
21598 404
21599 404
21600 404
21601 200
21602 200
21603 404
21604 404
21605 404
21606 404
21607 404
21608 404
21609 200
21610 404
21611 404
21612 200
21613 404
21614 404
21615 404
21616 404
21617 404
21618 404
21619 404
21620 200
21621 404
21622 404
21623 404
21624 404
21625 404
21626 404
21627 404
21628 200
21629 404
21630 404
21631 404
21632 200
21633 404
21634 404
21635 404
21636 200
21637 404
21638 404
21639 404
21640 200
21641 404
21642 404
21643 404
21644 404
21645 404
21646 404
21647 404
21648 404
21649 404
21650 404
21651 404
21652 404
21653 404
21654 404
21655 404
21656 200
21657 404
21658 404
21659 200
21660 404
21661 200
21662 404
21663 404
21664 200
21665 404
21666 200
21667 404
21668 404
21669 200
21670 404
21671 200
21672 404
21673 404
21674 404
21675 404
21676 404
21677 404
21678 404
21679 404
21680 404
21681 404
21682 404
21683 200
21684 200
21685 404
21686 404
21687 404
21688 404
21689 404
21690 404
21691 404
21692 200
21693 404
21694 404
21695 404
21696 404
21697 404
21698 404
21699 404
21700 404
21701 404
21702 404
21703 404
21704 200
21705 404
21706 404
21707 404
21708 404
21709 404
21710 404
21711 404
21712 404
21713 404
21714 404
21715 404
21716 404
21717 404
21718 404
21719 200
21720 200
21721 200
21722 200
21723 200
21724 200
21725 200
21726 200
21727 404
21728 200
21729 200
21730 404
21731 200
21732 200
21733 200
21734 200
21735 404
21736 200
21737 200
21738 200
21739 200
21740 200
21741 200
21742 200
21743 200
21744 200
21745 200
21746 200
21747 200
21748 200
21749 200
21750 200
21751 200
21752 200
21753 403
21754 404
21755 200
21756 200
21757 200
21758 200
21759 200
21760 200
21761 200
21762 200
21763 200
21764 200
21765 200
21766 200
21767 200
21768 404
21769 200
21770 200
21771 200
21772 200
21773 200
21774 200
21775 200
21776 200
21777 200
21778 200
21779 200
21780 200
21781 200
21782 200
21783 200
21784 200
21785 200
21786 200
21787 200
21788 200
21789 200
21790 200
21791 200
21792 200
21793 200
21794 404
21795 200
21796 200
21797 404
21798 404
21799 404
21800 200
21801 200
21802 200
21803 200
21804 403
21805 200
21806 404
21807 200
21808 200
21809 200
21810 200
21811 404
21812 200
21813 200
21814 200
21815 404
21816 404
21817 200
21818 403
21819 200
21820 404
21821 200
21822 404
21823 200
21824 200
21825 404
21826 200
21827 200
21828 200
21829 200
21830 200
21831 404
21832 200
21833 200
21834 404
21835 404
21836 200
21837 403
21838 403
21839 200
21840 200
21841 200
21842 200
21843 200
21844 404
21845 404
21846 200
21847 200
21848 200
21849 200
21850 200
21851 200
21852 200
21853 200
21854 200
21855 200
21856 200
21857 200
21858 200
21859 404
21860 200
21861 200
21862 200
21863 404
21864 200
21865 200
21866 200
21867 200
21868 200
21869 200
21870 200
21871 200
21872 200
21873 200
21874 200
21875 200
21876 200
21877 200
21878 200
21879 200
21880 200
21881 200
21882 200
21883 404
21884 404
21885 404
21886 404
21887 403
21888 404
21889 200
21890 404
21891 200
21892 200
21893 404
21894 200
21895 200
21896 200
21897 200
21898 200
21899 200
21900 200
21901 200
21902 200
21903 200
21904 200
21905 200
21906 404
21907 200
21908 200
21909 200
21910 200
21911 200
21912 200
21913 200
21914 404
21915 404
21916 403
21917 200
21918 403
21919 404
21920 200
21921 404
21922 200
21923 200
21924 200
21925 200
21926 200
21927 200
21928 404
21929 200
21930 200
21931 404
21932 200
21933 200
21934 200
21935 200
21936 200
21937 200
21938 200
21939 200
21940 200
21941 403
21942 200
21943 200
21944 200
21945 404
21946 404
21947 200
21948 200
21949 200
21950 200
21951 404
21952 200
21953 200
21954 200
21955 200
21956 200
21957 200
21958 403
21959 200
21960 200
21961 200
21962 200
21963 200
21964 200
21965 404
21966 200
21967 404
21968 200
21969 403
21970 404
21971 200
21972 200
21973 200
21974 404
21975 200
21976 200
21977 200
21978 200
21979 200
21980 200
21981 200
21982 200
21983 200
21984 404
21985 404
21986 200
21987 200
21988 200
21989 200
21990 404
21991 404
21992 200
21993 200
21994 200
21995 404
21996 403
21997 403
21998 200
21999 200
22000 200
22001 200
22002 200
22003 200
22004 200
22005 200
22006 200
22007 404
22008 200
22009 200
22010 200
22011 200
22012 404
22013 200
22014 404
22015 200
22016 200
22017 403
22018 200
22019 200
22020 200
22021 200
22022 200
22023 200
22024 200
22025 200
22026 200
22027 404
22028 200
22029 200
22030 200
22031 404
22032 200
22033 200
22034 200
22035 403
22036 200
22037 200
22038 200
22039 200
22040 200
22041 200
22042 200
22043 200
22044 404
22045 200
22046 200
22047 200
22048 200
22049 403
22050 200
22051 200
22052 200
22053 200
22054 200
22055 200
22056 200
22057 404
22058 200
22059 200
22060 200
22061 404
22062 200
22063 200
22064 200
22065 200
22066 200
22067 404
22068 404
22069 200
22070 200
22071 200
22072 200
22073 200
22074 200
22075 200
22076 200
22077 200
22078 200
22079 200
22080 200
22081 200
22082 404
22083 200
22084 200
22085 200
22086 200
22087 403
22088 404
22089 200
22090 200
22091 404
22092 200
22093 200
22094 200
22095 200
22096 404
22097 200
22098 200
22099 200
22100 404
22101 200
22102 200
22103 200
22104 200
22105 200
22106 200
22107 404
22108 404
22109 200
22110 200
22111 200
22112 200
22113 200
22114 200
22115 200
22116 200
22117 200
22118 200
22119 404
22120 200
22121 200
22122 200
22123 200
22124 404
22125 200
22126 404
22127 200
22128 200
22129 200
22130 200
22131 403
22132 200
22133 404
22134 200
22135 200
22136 200
22137 200
22138 200
22139 200
22140 403
22141 404
22142 200
22143 200
22144 200
22145 403
22146 200
22147 403
22148 200
22149 200
22150 200
22151 200
22152 200
22153 200
22154 200
22155 404
22156 200
22157 200
22158 200
22159 200
22160 200
22161 200
22162 200
22163 200
22164 200
22165 200
22166 200
22167 200
22168 200
22169 200
22170 200
22171 200
22172 200
22173 200
22174 404
22175 200
22176 200
22177 200
22178 200
22179 200
22180 200
22181 200
22182 200
22183 200
22184 200
22185 200
22186 404
22187 200
22188 200
22189 200
22190 200
22191 404
22192 200
22193 404
22194 404
22195 200
22196 200
22197 404
22198 200
22199 200
22200 200
22201 200
22202 200
22203 200
22204 200
22205 200
22206 200
22207 200
22208 200
22209 200
22210 200
22211 200
22212 404
22213 200
22214 200
22215 200
22216 200
22217 200
22218 404
22219 200
22220 404
22221 404
22222 200
22223 404
22224 404
22225 200
22226 200
22227 200
22228 200
22229 200
22230 200
22231 404
22232 403
22233 200
22234 200
22235 200
22236 404
22237 200
22238 200
22239 200
22240 200
22241 200
22242 404
22243 200
22244 200
22245 200
22246 200
22247 200
22248 403
22249 404
22250 404
22251 200
22252 404
22253 200
22254 200
22255 200
22256 200
22257 200
22258 200
22259 200
22260 200
22261 404
22262 404
22263 200
22264 404
22265 200
22266 200
22267 200
22268 200
22269 200
22270 200
22271 403
22272 200
22273 200
22274 200
22275 403
22276 200
22277 200
22278 200
22279 200
22280 200
22281 200
22282 200
22283 200
22284 200
22285 200
22286 200
22287 404
22288 200
22289 404
22290 200
22291 200
22292 404
22293 200
22294 200
22295 200
22296 200
22297 403
22298 404
22299 200
22300 200
22301 404
22302 200
22303 200
22304 403
22305 200
22306 200
22307 404
22308 200
22309 200
22310 200
22311 200
22312 200
22313 200
22314 200
22315 200
22316 403
22317 200
22318 200
22319 200
22320 200
22321 200
22322 404
22323 200
22324 404
22325 200
22326 200
22327 200
22328 200
22329 200
22330 404
22331 200
22332 200
22333 200
22334 200
22335 404
22336 200
22337 404
22338 200
22339 200
22340 200
22341 200
22342 200
22343 200
22344 200
22345 200
22346 404
22347 404
22348 200
22349 200
22350 200
22351 200
22352 200
22353 404
22354 200
22355 200
22356 200
22357 200
22358 200
22359 200
22360 200
22361 200
22362 404
22363 200
22364 200
22365 200
22366 200
22367 200
22368 200
22369 200
22370 200
22371 404
22372 200
22373 200
22374 404
22375 404
22376 200
22377 200
22378 404
22379 200
22380 200
22381 200
22382 200
22383 404
22384 200
22385 403
22386 200
22387 200
22388 200
22389 200
22390 200
22391 200
22392 200
22393 200
22394 200
22395 200
22396 200
22397 200
22398 200
22399 200
22400 404
22401 200
22402 200
22403 200
22404 403
22405 200
22406 200
22407 200
22408 200
22409 200
22410 200
22411 200
22412 200
22413 404
22414 200
22415 200
22416 404
22417 200
22418 200
22419 200
22420 200
22421 200
22422 200
22423 200
22424 200
22425 200
22426 404
22427 200
22428 200
22429 404
22430 200
22431 200
22432 200
22433 200
22434 200
22435 200
22436 200
22437 404
22438 200
22439 200
22440 200
22441 403
22442 404
22443 200
22444 200
22445 200
22446 200
22447 200
22448 200
22449 200
22450 200
22451 200
22452 200
22453 200
22454 404
22455 200
22456 200
22457 200
22458 200
22459 200
22460 200
22461 200
22462 200
22463 200
22464 200
22465 200
22466 200
22467 200
22468 404
22469 200
22470 200
22471 200
22472 200
22473 200
22474 200
22475 404
22476 200
22477 200
22478 403
22479 404
22480 200
22481 200
22482 200
22483 200
22484 200
22485 200
22486 200
22487 200
22488 200
22489 200
22490 200
22491 200
22492 200
22493 200
22494 200
22495 200
22496 200
22497 200
22498 200
22499 403
22500 200
22501 200
22502 200
22503 200
22504 200
22505 200
22506 200
22507 200
22508 200
22509 200
22510 403
22511 200
22512 200
22513 200
22514 200
22515 404
22516 200
22517 404
22518 200
22519 200
22520 200
22521 200
22522 200
22523 200
22524 200
22525 200
22526 200
22527 200
22528 200
22529 200
22530 200
22531 404
22532 200
22533 403
22534 200
22535 200
22536 200
22537 200
22538 200
22539 200
22540 200
22541 200
22542 200
22543 200
22544 200
22545 200
22546 200
22547 200
22548 200
22549 200
22550 200
22551 200
22552 200
22553 403
22554 404
22555 200
22556 200
22557 200
22558 200
22559 200
22560 200
22561 200
22562 404
22563 200
22564 200
22565 200
22566 200
22567 200
22568 200
22569 200
22570 200
22571 200
22572 200
22573 200
22574 200
22575 200
22576 200
22577 200
22578 404
22579 200
22580 200
22581 200
22582 200
22583 200
22584 200
22585 200
22586 200
22587 200
22588 200
22589 403
22590 200
22591 200
22592 404
22593 200
22594 200
22595 200
22596 200
22597 200
22598 200
22599 200
22600 200
22601 200
22602 200
22603 404
22604 404
22605 200
22606 403
22607 200
22608 200
22609 200
22610 200
22611 200
22612 403
22613 200
22614 200
22615 200
22616 200
22617 200
22618 200
22619 200
22620 404
22621 404
22622 200
22623 200
22624 403
22625 200
22626 200
22627 200
22628 200
22629 404
22630 200
22631 200
22632 200
22633 200
22634 200
22635 200
22636 404
22637 403
22638 200
22639 403
22640 200
22641 200
22642 200
22643 200
22644 200
22645 200
22646 200
22647 200
22648 200
22649 200
22650 404
22651 200
22652 200
22653 200
22654 200
22655 200
22656 200
22657 200
22658 200
22659 200
22660 200
22661 404
22662 200
22663 200
22664 200
22665 404
22666 404
22667 200
22668 200
22669 200
22670 200
22671 200
22672 200
22673 200
22674 200
22675 200
22676 200
22677 200
22678 200
22679 200
22680 200
22681 200
22682 200
22683 404
22684 404
22685 404
22686 200
22687 200
22688 200
22689 200
22690 200
22691 200
22692 200
22693 200
22694 200
22695 200
22696 404
22697 200
22698 200
22699 403
22700 200
22701 200
22702 200
22703 200
22704 200
22705 200
22706 200
22707 403
22708 200
22709 200
22710 200
22711 200
22712 200
22713 200
22714 403
22715 200
22716 200
22717 200
22718 404
22719 200
22720 200
22721 200
22722 200
22723 404
22724 200
22725 403
22726 200
22727 200
22728 403
22729 404
22730 200
22731 200
22732 200
22733 200
22734 200
22735 200
22736 200
22737 200
22738 200
22739 404
22740 403
22741 200
22742 200
22743 200
22744 200
22745 200
22746 200
22747 200
22748 200
22749 200
22750 200
22751 200
22752 200
22753 404
22754 200
22755 200
22756 200
22757 200
22758 200
22759 200
22760 200
22761 200
22762 200
22763 200
22764 200
22765 200
22766 200
22767 200
22768 200
22769 200
22770 200
22771 200
22772 404
22773 200
22774 404
22775 200
22776 200
22777 200
22778 200
22779 200
22780 200
22781 200
22782 404
22783 200
22784 200
22785 403
22786 404
22787 200
22788 200
22789 200
22790 200
22791 200
22792 200
22793 200
22794 200
22795 200
22796 200
22797 200
22798 200
22799 200
22800 200
22801 200
22802 200
22803 200
22804 404
22805 200
22806 200
22807 200
22808 200
22809 200
22810 200
22811 200
22812 404
22813 200
22814 200
22815 200
22816 403
22817 200
22818 200
22819 200
22820 200
22821 200
22822 200
22823 200
22824 200
22825 200
22826 200
22827 200
22828 200
22829 404
22830 200
22831 403
22832 200
22833 200
22834 200
22835 200
22836 200
22837 200
22838 200
22839 200
22840 200
22841 200
22842 404
22843 200
22844 200
22845 200
22846 200
22847 200
22848 200
22849 404
22850 200
22851 404
22852 200
22853 403
22854 200
22855 200
22856 200
22857 200
22858 200
22859 200
22860 200
22861 200
22862 200
22863 200
22864 200
22865 200
22866 200
22867 200
22868 403
22869 200
22870 404
22871 200
22872 200
22873 404
22874 200
22875 200
22876 200
22877 200
22878 200
22879 200
22880 200
22881 200
22882 200
22883 200
22884 200
22885 200
22886 200
22887 200
22888 200
22889 200
22890 200
22891 200
22892 200
22893 200
22894 200
22895 200
22896 200
22897 200
22898 404
22899 200
22900 200
22901 200
22902 200
22903 200
22904 200
22905 200
22906 200
22907 200
22908 200
22909 200
22910 200
22911 200
22912 200
22913 404
22914 404
22915 200
22916 200
22917 404
22918 200
22919 200
22920 200
22921 403
22922 404
22923 404
22924 200
22925 200
22926 200
22927 403
22928 200
22929 200
22930 200
22931 200
22932 404
22933 200
22934 200
22935 200
22936 404
22937 200
22938 200
22939 200
22940 200
22941 200
22942 200
22943 200
22944 200
22945 200
22946 200
22947 200
22948 200
22949 200
22950 200
22951 200
22952 200
22953 200
22954 200
22955 403
22956 200
22957 200
22958 200
22959 200
22960 200
22961 200
22962 200
22963 200
22964 404
22965 200
22966 404
22967 404
22968 200
22969 200
22970 200
22971 200
22972 200
22973 200
22974 200
22975 200
22976 200
22977 200
22978 200
22979 200
22980 200
22981 200
22982 200
22983 200
22984 200
22985 200
22986 404
22987 200
22988 200
22989 200
22990 200
22991 200
22992 200
22993 200
22994 200
22995 200
22996 404
22997 403
22998 200
22999 200
23000 200
23001 200
23002 200
23003 200
23004 200
23005 200
23006 200
23007 200
23008 200
23009 200
23010 200
23011 200
23012 200
23013 200
23014 200
23015 200
23016 200
23017 200
23018 200
23019 404
23020 200
23021 200
23022 200
23023 403
23024 200
23025 404
23026 403
23027 403
23028 404
23029 200
23030 200
23031 404
23032 200
23033 200
23034 200
23035 404
23036 200
23037 200
23038 200
23039 200
23040 200
23041 404
23042 200
23043 404
23044 200
23045 200
23046 200
23047 200
23048 200
23049 200
23050 200
23051 200
23052 200
23053 200
23054 200
23055 200
23056 200
23057 200
23058 200
23059 200
23060 200
23061 404
23062 200
23063 200
23064 200
23065 200
23066 403
23067 200
23068 403
23069 200
23070 200
23071 200
23072 403
23073 404
23074 200
23075 404
23076 200
23077 200
23078 200
23079 404
23080 200
23081 200
23082 200
23083 404
23084 200
23085 200
23086 200
23087 200
23088 404
23089 200
23090 200
23091 200
23092 200
23093 404
23094 200
23095 200
23096 200
23097 200
23098 200
23099 200
23100 200
23101 200
23102 403
23103 200
23104 200
23105 200
23106 404
23107 404
23108 200
23109 404
23110 200
23111 200
23112 200
23113 200
23114 200
23115 200
23116 200
23117 200
23118 200
23119 200
23120 200
23121 200
23122 404
23123 200
23124 200
23125 200
23126 200
23127 200
23128 200
23129 200
23130 200
23131 200
23132 200
23133 200
23134 200
23135 200
23136 200
23137 200
23138 404
23139 200
23140 200
23141 200
23142 403
23143 200
23144 404
23145 200
23146 200
23147 200
23148 200
23149 200
23150 200
23151 200
23152 200
23153 200
23154 200
23155 404
23156 200
23157 404
23158 200
23159 200
23160 200
23161 200
23162 200
23163 403
23164 403
23165 200
23166 404
23167 200
23168 200
23169 404
23170 200
23171 200
23172 200
23173 404
23174 403
23175 200
23176 200
23177 200
23178 200
23179 200
23180 200
23181 200
23182 404
23183 403
23184 200
23185 200
23186 200
23187 404
23188 200
23189 200
23190 200
23191 403
23192 200
23193 200
23194 200
23195 200
23196 200
23197 404
23198 200
23199 200
23200 200
23201 200
23202 404
23203 404
23204 200
23205 200
23206 404
23207 200
23208 404
23209 200
23210 200
23211 200
23212 200
23213 200
23214 200
23215 200
23216 200
23217 404
23218 200
23219 200
23220 404
23221 404
23222 200
23223 200
23224 200
23225 200
23226 200
23227 200
23228 200
23229 200
23230 200
23231 200
23232 200
23233 200
23234 200
23235 200
23236 200
23237 200
23238 200
23239 200
23240 404
23241 200
23242 200
23243 200
23244 404
23245 200
23246 200
23247 200
23248 200
23249 200
23250 200
23251 404
23252 200
23253 200
23254 200
23255 404
23256 200
23257 200
23258 200
23259 200
23260 200
23261 200
23262 404
23263 200
23264 200
23265 200
23266 404
23267 200
23268 200
23269 200
23270 200
23271 200
23272 200
23273 200
23274 200
23275 200
23276 200
23277 200
23278 404
23279 404
23280 200
23281 200
23282 200
23283 200
23284 200
23285 200
23286 200
23287 200
23288 200
23289 200
23290 200
23291 200
23292 200
23293 200
23294 404
23295 200
23296 200
23297 200
23298 200
23299 200
23300 200
23301 403
23302 200
23303 200
23304 404
23305 200
23306 404
23307 200
23308 200
23309 200
23310 200
23311 200
23312 200
23313 403
23314 200
23315 200
23316 403
23317 200
23318 200
23319 200
23320 200
23321 200
23322 200
23323 200
23324 200
23325 200
23326 200
23327 404
23328 404
23329 200
23330 200
23331 200
23332 200
23333 200
23334 200
23335 403
23336 200
23337 200
23338 200
23339 200
23340 200
23341 200
23342 200
23343 200
23344 200
23345 200
23346 403
23347 404
23348 200
23349 404
23350 200
23351 200
23352 200
23353 404
23354 200
23355 200
23356 200
23357 200
23358 200
23359 200
23360 200
23361 200
23362 404
23363 404
23364 200
23365 200
23366 200
23367 200
23368 200
23369 200
23370 200
23371 200
23372 200
23373 404
23374 200
23375 200
23376 200
23377 200
23378 200
23379 200
23380 404
23381 200
23382 200
23383 200
23384 200
23385 200
23386 200
23387 200
23388 200
23389 200
23390 200
23391 200
23392 200
23393 200
23394 200
23395 200
23396 200
23397 200
23398 200
23399 200
23400 200
23401 200
23402 200
23403 200
23404 200
23405 200
23406 200
23407 200
23408 200
23409 200
23410 200
23411 200
23412 200
23413 200
23414 200
23415 200
23416 200
23417 404
23418 200
23419 200
23420 404
23421 200
23422 200
23423 404
23424 200
23425 200
23426 200
23427 200
23428 200
23429 404
23430 200
23431 200
23432 404
23433 200
23434 200
23435 200
23436 404
23437 404
23438 200
23439 200
23440 200
23441 200
23442 200
23443 200
23444 200
23445 404
23446 200
23447 200
23448 404
23449 200
23450 200
23451 200
23452 200
23453 404
23454 200
23455 200
23456 200
23457 200
23458 200
23459 200
23460 200
23461 200
23462 200
23463 404
23464 200
23465 404
23466 200
23467 404
23468 200
23469 404
23470 404
23471 200
23472 200
23473 404
23474 404
23475 200
23476 200
23477 200
23478 200
23479 200
23480 200
23481 404
23482 404
23483 200
23484 200
23485 200
23486 200
23487 404
23488 200
23489 200
23490 200
23491 200
23492 200
23493 200
23494 200
23495 200
23496 200
23497 404
23498 200
23499 200
23500 403
23501 200
23502 200
23503 200
23504 200
23505 200
23506 200
23507 200
23508 403
23509 404
23510 404
23511 200
23512 200
23513 200
23514 200
23515 200
23516 200
23517 200
23518 200
23519 200
23520 200
23521 200
23522 403
23523 200
23524 403
23525 200
23526 403
23527 200
23528 404
23529 200
23530 200
23531 200
23532 200
23533 200
23534 200
23535 200
23536 200
23537 200
23538 200
23539 200
23540 200
23541 404
23542 200
23543 200
23544 403
23545 403
23546 200
23547 200
23548 200
23549 200
23550 200
23551 200
23552 200
23553 403
23554 200
23555 404
23556 200
23557 200
23558 200
23559 200
23560 200
23561 200
23562 200
23563 200
23564 404
23565 200
23566 404
23567 200
23568 200
23569 200
23570 200
23571 200
23572 200
23573 200
23574 200
23575 404
23576 200
23577 200
23578 404
23579 200
23580 200
23581 403
23582 200
23583 404
23584 200
23585 200
23586 200
23587 404
23588 404
23589 200
23590 200
23591 200
23592 200
23593 200
23594 200
23595 200
23596 200
23597 200
23598 200
23599 200
23600 200
23601 200
23602 200
23603 403
23604 404
23605 200
23606 404
23607 200
23608 200
23609 200
23610 200
23611 200
23612 404
23613 200
23614 200
23615 200
23616 200
23617 200
23618 200
23619 200
23620 200
23621 200
23622 200
23623 200
23624 404
23625 200
23626 200
23627 200
23628 404
23629 200
23630 200
23631 200
23632 200
23633 200
23634 200
23635 200
23636 200
23637 200
23638 200
23639 200
23640 200
23641 200
23642 403
23643 200
23644 200
23645 404
23646 200
23647 403
23648 403
23649 200
23650 200
23651 200
23652 200
23653 200
23654 200
23655 200
23656 404
23657 200
23658 200
23659 200
23660 200
23661 200
23662 200
23663 200
23664 200
23665 200
23666 200
23667 200
23668 403
23669 200
23670 200
23671 200
23672 404
23673 200
23674 404
23675 200
23676 200
23677 200
23678 200
23679 200
23680 200
23681 200
23682 200
23683 404
23684 200
23685 200
23686 200
23687 200
23688 200
23689 200
23690 200
23691 200
23692 200
23693 200
23694 404
23695 404
23696 200
23697 200
23698 200
23699 200
23700 200
23701 200
23702 200
23703 200
23704 200
23705 200
23706 200
23707 404
23708 200
23709 200
23710 200
23711 200
23712 200
23713 200
23714 200
23715 200
23716 200
23717 200
23718 200
23719 200
23720 200
23721 404
23722 200
23723 200
23724 200
23725 200
23726 200
23727 200
23728 200
23729 404
23730 200
23731 404
23732 200
23733 404
23734 200
23735 200
23736 404
23737 200
23738 200
23739 200
23740 200
23741 200
23742 200
23743 200
23744 200
23745 200
23746 200
23747 200
23748 404
23749 404
23750 200
23751 200
23752 403
23753 403
23754 200
23755 200
23756 200
23757 200
23758 200
23759 200
23760 200
23761 200
23762 403
23763 200
23764 200
23765 200
23766 404
23767 404
23768 200
23769 200
23770 200
23771 200
23772 200
23773 200
23774 404
23775 200
23776 200
23777 200
23778 200
23779 200
23780 200
23781 200
23782 200
23783 200
23784 200
23785 200
23786 404
23787 200
23788 200
23789 200
23790 200
23791 200
23792 403
23793 403
23794 200
23795 200
23796 200
23797 200
23798 200
23799 200
23800 200
23801 200
23802 200
23803 403
23804 200
23805 200
23806 200
23807 200
23808 200
23809 200
23810 200
23811 200
23812 200
23813 200
23814 200
23815 200
23816 200
23817 403
23818 404
23819 200
23820 200
23821 200
23822 200
23823 200
23824 200
23825 200
23826 200
23827 200
23828 200
23829 404
23830 200
23831 200
23832 200
23833 200
23834 200
23835 200
23836 200
23837 200
23838 200
23839 404
23840 200
23841 200
23842 200
23843 404
23844 200
23845 200
23846 200
23847 200
23848 200
23849 404
23850 403
23851 200
23852 200
23853 200
23854 200
23855 200
23856 200
23857 200
23858 404
23859 404
23860 200
23861 200
23862 200
23863 200
23864 404
23865 200
23866 200
23867 200
23868 200
23869 200
23870 200
23871 200
23872 404
23873 200
23874 200
23875 200
23876 404
23877 404
23878 200
23879 200
23880 200
23881 200
23882 200
23883 404
23884 200
23885 200
23886 200
23887 200
23888 403
23889 404
23890 200
23891 200
23892 200
23893 200
23894 200
23895 200
23896 404
23897 404
23898 200
23899 200
23900 200
23901 200
23902 200
23903 200
23904 200
23905 200
23906 200
23907 200
23908 403
23909 200
23910 200
23911 200
23912 200
23913 200
23914 200
23915 200
23916 200
23917 406
23918 200
23919 404
23920 200
23921 200
23922 200
23923 200
23924 200
23925 200
23926 200
23927 403
23928 200
23929 403
23930 404
23931 200
23932 200
23933 200
23934 403
23935 200
23936 404
23937 200
23938 200
23939 200
23940 200
23941 404
23942 200
23943 200
23944 200
23945 200
23946 404
23947 200
23948 200
23949 200
23950 404
23951 200
23952 200
23953 406
23954 200
23955 200
23956 200
23957 200
23958 200
23959 200
23960 200
23961 200
23962 200
23963 200
23964 200
23965 200
23966 404
23967 200
23968 200
23969 200
23970 200
23971 200
23972 200
23973 200
23974 200
23975 200
23976 200
23977 200
23978 200
23979 200
23980 200
23981 200
23982 200
23983 200
23984 200
23985 200
23986 200
23987 404
23988 200
23989 200
23990 404
23991 200
23992 200
23993 200
23994 200
23995 404
23996 200
23997 200
23998 200
23999 404
24000 200
24001 200
24002 200
24003 200
24004 200
24005 200
24006 404
24007 200
24008 404
24009 200
24010 200
24011 200
24012 200
24013 200
24014 200
24015 200
24016 200
24017 200
24018 200
24019 200
24020 200
24021 200
24022 404
24023 404
24024 200
24025 200
24026 200
24027 200
24028 200
24029 200
24030 200
24031 200
24032 200
24033 200
24034 200
24035 404
24036 404
24037 200
24038 200
24039 200
24040 200
24041 200
24042 403
24043 200
24044 404
24045 200
24046 404
24047 404
24048 200
24049 404
24050 200
24051 404
24052 200
24053 200
24054 200
24055 200
24056 200
24057 404
24058 200
24059 200
24060 200
24061 200
24062 404
24063 200
24064 200
24065 200
24066 200
24067 404
24068 200
24069 200
24070 200
24071 404
24072 200
24073 200
24074 200
24075 200
24076 200
24077 403
24078 200
24079 404
24080 404
24081 200
24082 200
24083 200
24084 200
24085 200
24086 200
24087 200
24088 404
24089 404
24090 200
24091 200
24092 200
24093 200
24094 200
24095 404
24096 200
24097 200
24098 404
24099 200
24100 200
24101 403
24102 200
24103 200
24104 404
24105 200
24106 404
24107 200
24108 200
24109 404
24110 200
24111 200
24112 200
24113 200
24114 200
24115 200
24116 200
24117 200
24118 200
24119 200
24120 200
24121 200
24122 200
24123 404
24124 200
24125 200
24126 200
24127 200
24128 200
24129 200
24130 200
24131 200
24132 200
24133 200
24134 200
24135 404
24136 200
24137 200
24138 200
24139 200
24140 200
24141 200
24142 404
24143 200
24144 200
24145 200
24146 200
24147 200
24148 200
24149 200
24150 200
24151 200
24152 200
24153 200
24154 200
24155 200
24156 200
24157 200
24158 200
24159 200
24160 404
24161 200
24162 200
24163 200
24164 200
24165 200
24166 404
24167 200
24168 403
24169 404
24170 200
24171 200
24172 200
24173 200
24174 200
24175 200
24176 404
24177 200
24178 200
24179 200
24180 200
24181 200
24182 404
24183 404
24184 200
24185 200
24186 200
24187 200
24188 200
24189 200
24190 200
24191 200
24192 200
24193 404
24194 404
24195 200
24196 200
24197 200
24198 200
24199 200
24200 200
24201 404
24202 200
24203 200
24204 403
24205 200
24206 200
24207 200
24208 200
24209 200
24210 200
24211 200
24212 200
24213 200
24214 200
24215 404
24216 200
24217 200
24218 200
24219 200
24220 200
24221 200
24222 403
24223 403
24224 403
24225 200
24226 200
24227 200
24228 200
24229 200
24230 200
24231 404
24232 200
24233 200
24234 200
24235 200
24236 200
24237 404
24238 200
24239 404
24240 200
24241 200
24242 200
24243 200
24244 404
24245 404
24246 200
24247 404
24248 404
24249 200
24250 200
24251 200
24252 404
24253 200
24254 200
24255 200
24256 200
24257 200
24258 404
24259 200
24260 200
24261 200
24262 200
24263 404
24264 200
24265 404
24266 200
24267 200
24268 200
24269 200
24270 200
24271 200
24272 200
24273 200
24274 200
24275 404
24276 200
24277 200
24278 200
24279 200
24280 200
24281 403
24282 200
24283 200
24284 404
24285 200
24286 200
24287 200
24288 200
24289 403
24290 403
24291 200
24292 200
24293 200
24294 200
24295 200
24296 200
24297 200
24298 200
24299 200
24300 200
24301 200
24302 404
24303 200
24304 200
24305 200
24306 200
24307 200
24308 200
24309 200
24310 200
24311 200
24312 404
24313 403
24314 404
24315 200
24316 404
24317 200
24318 200
24319 200
24320 200
24321 200
24322 200
24323 200
24324 200
24325 200
24326 404
24327 200
24328 200
24329 200
24330 200
24331 403
24332 200
24333 200
24334 404
24335 404
24336 200
24337 200
24338 200
24339 404
24340 200
24341 200
24342 200
24343 404
24344 200
24345 200
24346 200
24347 200
24348 200
24349 200
24350 200
24351 200
24352 200
24353 200
24354 200
24355 200
24356 200
24357 200
24358 200
24359 403
24360 403
24361 200
24362 200
24363 200
24364 200
24365 200
24366 200
24367 200
24368 200
24369 200
24370 200
24371 200
24372 200
24373 404
24374 200
24375 200
24376 200
24377 200
24378 200
24379 200
24380 403
24381 200
24382 200
24383 200
24384 200
24385 200
24386 404
24387 200
24388 403
24389 200
24390 200
24391 200
24392 404
24393 200
24394 404
24395 200
24396 200
24397 200
24398 200
24399 200
24400 200
24401 404
24402 404
24403 403
24404 404
24405 200
24406 403
24407 200
24408 200
24409 200
24410 200
24411 200
24412 200
24413 404
24414 200
24415 200
24416 200
24417 404
24418 200
24419 404
24420 200
24421 200
24422 200
24423 200
24424 200
24425 200
24426 404
24427 200
24428 200
24429 200
24430 200
24431 200
24432 200
24433 200
24434 200
24435 200
24436 200
24437 404
24438 200
24439 200
24440 404
24441 200
24442 404
24443 200
24444 200
24445 200
24446 404
24447 200
24448 200
24449 200
24450 200
24451 200
24452 200
24453 200
24454 200
24455 200
24456 200
24457 200
24458 200
24459 200
24460 200
24461 200
24462 200
24463 200
24464 200
24465 200
24466 404
24467 200
24468 200
24469 200
24470 200
24471 200
24472 200
24473 403
24474 200
24475 200
24476 200
24477 200
24478 200
24479 200
24480 200
24481 200
24482 200
24483 404
24484 404
24485 200
24486 200
24487 200
24488 200
24489 404
24490 200
24491 200
24492 404
24493 200
24494 200
24495 200
24496 200
24497 200
24498 200
24499 200
24500 200
24501 200
24502 200
24503 200
24504 200
24505 200
24506 200
24507 200
24508 200
24509 404
24510 200
24511 200
24512 200
24513 200
24514 200
24515 200
24516 200
24517 404
24518 200
24519 200
24520 200
24521 200
24522 200
24523 404
24524 200
24525 200
24526 404
24527 200
24528 200
24529 404
24530 200
24531 200
24532 404
24533 404
24534 200
24535 200
24536 200
24537 404
24538 200
24539 200
24540 200
24541 200
24542 200
24543 404
24544 200
24545 404
24546 200
24547 200
24548 200
24549 200
24550 200
24551 404
24552 200
24553 200
24554 404
24555 404
24556 200
24557 404
24558 404
24559 200
24560 404
24561 200
24562 404
24563 404
24564 200
24565 404
24566 403
24567 200
24568 404
24569 404
24570 404
24571 403
24572 200
24573 404
24574 200
24575 200
24576 200
24577 200
24578 200
24579 200
24580 200
24581 200
24582 200
24583 200
24584 200
24585 200
24586 200
24587 200
24588 200
24589 200
24590 200
24591 200
24592 200
24593 200
24594 404
24595 200
24596 200
24597 404
24598 404
24599 200
24600 200
24601 403
24602 200
24603 200
24604 200
24605 200
24606 200
24607 200
24608 200
24609 200
24610 403
24611 200
24612 200
24613 200
24614 200
24615 200
24616 200
24617 200
24618 200
24619 200
24620 200
24621 200
24622 200
24623 200
24624 200
24625 200
24626 200
24627 200
24628 200
24629 404
24630 200
24631 200
24632 200
24633 200
24634 200
24635 200
24636 200
24637 200
24638 200
24639 200
24640 403
24641 200
24642 404
24643 200
24644 200
24645 200
24646 200
24647 200
24648 200
24649 200
24650 404
24651 200
24652 200
24653 200
24654 200
24655 200
24656 200
24657 200
24658 403
24659 200
24660 200
24661 200
24662 404
24663 200
24664 200
24665 200
24666 200
24667 200
24668 200
24669 200
24670 200
24671 404
24672 200
24673 200
24674 200
24675 200
24676 200
24677 200
24678 404
24679 200
24680 200
24681 200
24682 200
24683 200
24684 404
24685 404
24686 200
24687 200
24688 200
24689 200
24690 200
24691 200
24692 200
24693 200
24694 200
24695 200
24696 200
24697 200
24698 403
24699 200
24700 403
24701 200
24702 200
24703 404
24704 200
24705 200
24706 200
24707 200
24708 200
24709 200
24710 200
24711 404
24712 200
24713 200
24714 200
24715 200
24716 200
24717 200
24718 200
24719 403
24720 200
24721 200
24722 200
24723 404
24724 404
24725 200
24726 200
24727 200
24728 200
24729 200
24730 200
24731 200
24732 200
24733 404
24734 200
24735 200
24736 200
24737 200
24738 200
24739 200
24740 200
24741 200
24742 200
24743 404
24744 200
24745 200
24746 404
24747 200
24748 200
24749 200
24750 403
24751 200
24752 200
24753 200
24754 404
24755 200
24756 200
24757 200
24758 200
24759 200
24760 403
24761 200
24762 200
24763 404
24764 200
24765 200
24766 403
24767 200
24768 200
24769 200
24770 200
24771 200
24772 200
24773 200
24774 404
24775 200
24776 200
24777 200
24778 200
24779 200
24780 200
24781 200
24782 200
24783 200
24784 200
24785 200
24786 200
24787 404
24788 200
24789 200
24790 200
24791 200
24792 404
24793 200
24794 200
24795 200
24796 200
24797 200
24798 200
24799 200
24800 200
24801 200
24802 200
24803 200
24804 200
24805 200
24806 200
24807 200
24808 200
24809 200
24810 200
24811 200
24812 200
24813 200
24814 200
24815 200
24816 200
24817 200
24818 200
24819 200
24820 404
24821 403
24822 404
24823 200
24824 200
24825 403
24826 200
24827 200
24828 200
24829 200
24830 200
24831 404
24832 200
24833 200
24834 200
24835 200
24836 200
24837 200
24838 404
24839 403
24840 200
24841 200
24842 200
24843 403
24844 200
24845 404
24846 404
24847 200
24848 200
24849 200
24850 200
24851 200
24852 200
24853 200
24854 200
24855 200
24856 200
24857 200
24858 200
24859 200
24860 200
24861 200
24862 200
24863 200
24864 200
24865 200
24866 200
24867 404
24868 200
24869 200
24870 200
24871 200
24872 404
24873 200
24874 200
24875 200
24876 200
24877 200
24878 200
24879 404
24880 200
24881 200
24882 404
24883 404
24884 404
24885 404
24886 200
24887 200
24888 200
24889 404
24890 200
24891 200
24892 200
24893 200
24894 200
24895 200
24896 404
24897 200
24898 200
24899 200
24900 200
24901 200
24902 200
24903 404
24904 200
24905 200
24906 200
24907 404
24908 403
24909 200
24910 200
24911 200
24912 200
24913 200
24914 200
24915 403
24916 200
24917 404
24918 200
24919 200
24920 200
24921 200
24922 404
24923 200
24924 200
24925 200
24926 404
24927 200
24928 404
24929 200
24930 200
24931 200
24932 404
24933 200
24934 200
24935 404
24936 200
24937 200
24938 200
24939 404
24940 404
24941 404
24942 200
24943 200
24944 200
24945 404
24946 200
24947 404
24948 200
24949 404
24950 200
24951 200
24952 404
24953 200
24954 200
24955 200
24956 200
24957 200
24958 200
24959 200
24960 200
24961 200
24962 403
24963 200
24964 200
24965 200
24966 404
24967 200
24968 200
24969 404
24970 200
24971 200
24972 200
24973 200
24974 404
24975 200
24976 200
24977 200
24978 200
24979 404
24980 200
24981 200
24982 200
24983 404
24984 200
24985 200
24986 200
24987 200
24988 200
24989 404
24990 404
24991 200
24992 200
24993 200
24994 200
24995 200
24996 200
24997 404
24998 403
24999 200
25000 200
25001 200
25002 200
25003 200
25004 200
25005 200
25006 404
25007 200
25008 200
25009 200
25010 403
25011 200
25012 200
25013 403
25014 200
25015 200
25016 200
25017 200
25018 200
25019 200
25020 200
25021 200
25022 200
25023 200
25024 200
25025 200
25026 200
25027 200
25028 200
25029 404
25030 200
25031 200
25032 200
25033 404
25034 200
25035 404
25036 200
25037 200
25038 404
25039 200
25040 200
25041 200
25042 200
25043 200
25044 200
25045 200
25046 200
25047 404
25048 200
25049 404
25050 404
25051 200
25052 200
25053 200
25054 200
25055 200
25056 200
25057 200
25058 404
25059 404
25060 200
25061 200
25062 200
25063 200
25064 200
25065 200
25066 200
25067 200
25068 200
25069 404
25070 200
25071 200
25072 200
25073 200
25074 200
25075 200
25076 200
25077 404
25078 200
25079 200
25080 200
25081 200
25082 200
25083 404
25084 200
25085 200
25086 200
25087 200
25088 200
25089 404
25090 200
25091 200
25092 200
25093 200
25094 200
25095 404
25096 200
25097 200
25098 200
25099 200
25100 200
25101 200
25102 200
25103 404
25104 200
25105 200
25106 404
25107 404
25108 404
25109 200
25110 200
25111 404
25112 200
25113 200
25114 200
25115 200
25116 200
25117 200
25118 200
25119 200
25120 200
25121 200
25122 200
25123 404
25124 200
25125 200
25126 403
25127 403
25128 200
25129 200
25130 200
25131 404
25132 200
25133 404
25134 200
25135 200
25136 200
25137 200
25138 403
25139 200
25140 200
25141 200
25142 200
25143 200
25144 200
25145 200
25146 200
25147 200
25148 200
25149 200
25150 200
25151 404
25152 200
25153 200
25154 404
25155 200
25156 403
25157 200
25158 200
25159 200
25160 200
25161 200
25162 200
25163 200
25164 200
25165 200
25166 200
25167 200
25168 200
25169 404
25170 200
25171 200
25172 200
25173 200
25174 200
25175 403
25176 200
25177 200
25178 200
25179 200
25180 200
25181 404
25182 404
25183 404
25184 200
25185 200
25186 200
25187 200
25188 200
25189 200
25190 200
25191 404
25192 200
25193 200
25194 200
25195 200
25196 200
25197 404
25198 200
25199 404
25200 200
25201 200
25202 404
25203 200
25204 404
25205 200
25206 200
25207 403
25208 200
25209 200
25210 200
25211 200
25212 200
25213 200
25214 404
25215 200
25216 200
25217 200
25218 200
25219 200
25220 200
25221 200
25222 200
25223 200
25224 404
25225 200
25226 200
25227 404
25228 200
25229 200
25230 200
25231 200
25232 200
25233 200
25234 200
25235 200
25236 404
25237 200
25238 200
25239 200
25240 200
25241 200
25242 200
25243 404
25244 404
25245 404
25246 200
25247 200
25248 200
25249 200
25250 200
25251 200
25252 200
25253 200
25254 200
25255 200
25256 200
25257 200
25258 403
25259 200
25260 200
25261 200
25262 200
25263 200
25264 200
25265 200
25266 200
25267 200
25268 200
25269 200
25270 200
25271 200
25272 200
25273 200
25274 200
25275 200
25276 200
25277 403
25278 200
25279 200
25280 200
25281 200
25282 404
25283 403
25284 200
25285 404
25286 200
25287 200
25288 200
25289 403
25290 200
25291 404
25292 200
25293 200
25294 404
25295 200
25296 200
25297 200
25298 404
25299 200
25300 200
25301 200
25302 200
25303 200
25304 200
25305 200
25306 200
25307 200
25308 200
25309 200
25310 200
25311 200
25312 200
25313 200
25314 200
25315 200
25316 200
25317 404
25318 404
25319 200
25320 200
25321 200
25322 200
25323 404
25324 200
25325 200
25326 200
25327 200
25328 404
25329 200
25330 200
25331 200
25332 200
25333 200
25334 200
25335 200
25336 200
25337 200
25338 200
25339 404
25340 404
25341 200
25342 200
25343 404
25344 200
25345 200
25346 200
25347 200
25348 200
25349 200
25350 200
25351 200
25352 200
25353 200
25354 200
25355 200
25356 200
25357 200
25358 200
25359 200
25360 200
25361 200
25362 200
25363 200
25364 200
25365 200
25366 200
25367 404
25368 404
25369 200
25370 200
25371 200
25372 200
25373 200
25374 200
25375 404
25376 200
25377 200
25378 200
25379 200
25380 404
25381 200
25382 200
25383 200
25384 200
25385 200
25386 200
25387 200
25388 200
25389 403
25390 200
25391 200
25392 200
25393 200
25394 200
25395 200
25396 200
25397 200
25398 200
25399 200
25400 404
25401 403
25402 404
25403 200
25404 200
25405 200
25406 200
25407 200
25408 200
25409 200
25410 200
25411 200
25412 200
25413 200
25414 200
25415 200
25416 200
25417 200
25418 200
25419 200
25420 200
25421 403
25422 200
25423 200
25424 200
25425 200
25426 200
25427 200
25428 200
25429 403
25430 200
25431 200
25432 200
25433 200
25434 200
25435 200
25436 403
25437 404
25438 200
25439 200
25440 404
25441 200
25442 200
25443 200
25444 200
25445 200
25446 404
25447 200
25448 200
25449 200
25450 200
25451 200
25452 200
25453 200
25454 200
25455 200
25456 404
25457 200
25458 200
25459 200
25460 200
25461 200
25462 200
25463 404
25464 200
25465 200
25466 200
25467 200
25468 200
25469 200
25470 200
25471 200
25472 200
25473 200
25474 200
25475 200
25476 404
25477 200
25478 200
25479 200
25480 200
25481 200
25482 200
25483 404
25484 200
25485 404
25486 200
25487 200
25488 200
25489 200
25490 200
25491 200
25492 200
25493 200
25494 200
25495 200
25496 200
25497 403
25498 200
25499 200
25500 200
25501 200
25502 200
25503 200
25504 200
25505 200
25506 200
25507 404
25508 200
25509 403
25510 200
25511 200
25512 200
25513 200
25514 404
25515 200
25516 403
25517 200
25518 200
25519 200
25520 404
25521 200
25522 200
25523 200
25524 404
25525 200
25526 200
25527 200
25528 404
25529 404
25530 404
25531 200
25532 200
25533 200
25534 200
25535 200
25536 200
25537 200
25538 200
25539 404
25540 200
25541 200
25542 403
25543 200
25544 200
25545 403
25546 404
25547 200
25548 200
25549 200
25550 200
25551 200
25552 200
25553 200
25554 200
25555 200
25556 404
25557 200
25558 200
25559 200
25560 200
25561 200
25562 200
25563 200
25564 200
25565 200
25566 200
25567 403
25568 200
25569 200
25570 404
25571 404
25572 200
25573 404
25574 404
25575 404
25576 200
25577 200
25578 200
25579 200
25580 200
25581 200
25582 200
25583 200
25584 404
25585 200
25586 404
25587 200
25588 200
25589 200
25590 200
25591 200
25592 200
25593 200
25594 200
25595 403
25596 200
25597 200
25598 200
25599 200
25600 200
25601 200
25602 200
25603 200
25604 404
25605 200
25606 200
25607 200
25608 200
25609 200
25610 200
25611 200
25612 200
25613 200
25614 200
25615 200
25616 200
25617 404
25618 200
25619 200
25620 200
25621 200
25622 200
25623 404
25624 200
25625 200
25626 200
25627 200
25628 200
25629 200
25630 404
25631 200
25632 200
25633 404
25634 200
25635 200
25636 200
25637 403
25638 200
25639 200
25640 200
25641 200
25642 200
25643 403
25644 200
25645 200
25646 200
25647 200
25648 200
25649 200
25650 200
25651 200
25652 200
25653 200
25654 404
25655 200
25656 200
25657 200
25658 200
25659 200
25660 200
25661 200
25662 403
25663 404
25664 200
25665 200
25666 200
25667 200
25668 200
25669 200
25670 200
25671 200
25672 200
25673 200
25674 404
25675 200
25676 403
25677 404
25678 200
25679 200
25680 403
25681 200
25682 200
25683 200
25684 200
25685 200
25686 200
25687 403
25688 200
25689 404
25690 200
25691 200
25692 404
25693 200
25694 200
25695 200
25696 404
25697 200
25698 200
25699 200
25700 200
25701 200
25702 200
25703 200
25704 200
25705 200
25706 200
25707 200
25708 200
25709 404
25710 200
25711 200
25712 200
25713 403
25714 200
25715 200
25716 200
25717 200
25718 200
25719 200
25720 200
25721 200
25722 200
25723 200
25724 200
25725 200
25726 200
25727 200
25728 200
25729 200
25730 200
25731 200
25732 200
25733 200
25734 200
25735 200
25736 200
25737 200
25738 200
25739 200
25740 200
25741 403
25742 200
25743 404
25744 200
25745 200
25746 200
25747 403
25748 200
25749 200
25750 404
25751 200
25752 200
25753 200
25754 200
25755 200
25756 200
25757 404
25758 200
25759 200
25760 200
25761 404
25762 404
25763 200
25764 200
25765 200
25766 200
25767 200
25768 200
25769 404
25770 200
25771 403
25772 200
25773 200
25774 200
25775 200
25776 200
25777 200
25778 200
25779 200
25780 200
25781 404
25782 200
25783 200
25784 200
25785 200
25786 200
25787 200
25788 200
25789 200
25790 200
25791 404
25792 200
25793 200
25794 200
25795 200
25796 200
25797 200
25798 403
25799 200
25800 403
25801 200
25802 200
25803 200
25804 200
25805 200
25806 200
25807 200
25808 200
25809 200
25810 200
25811 404
25812 200
25813 403
25814 200
25815 200
25816 200
25817 404
25818 200
25819 200
25820 200
25821 200
25822 200
25823 200
25824 200
25825 404
25826 200
25827 200
25828 200
25829 200
25830 200
25831 200
25832 200
25833 200
25834 404
25835 200
25836 200
25837 200
25838 200
25839 200
25840 200
25841 200
25842 200
25843 200
25844 200
25845 200
25846 200
25847 404
25848 404
25849 404
25850 200
25851 200
25852 200
25853 404
25854 200
25855 403
25856 200
25857 200
25858 200
25859 200
25860 200
25861 404
25862 200
25863 200
25864 200
25865 200
25866 200
25867 200
25868 200
25869 200
25870 200
25871 404
25872 200
25873 200
25874 200
25875 200
25876 200
25877 200
25878 200
25879 200
25880 404
25881 200
25882 200
25883 404
25884 200
25885 200
25886 200
25887 200
25888 200
25889 200
25890 200
25891 404
25892 200
25893 200
25894 200
25895 200
25896 200
25897 200
25898 200
25899 200
25900 200
25901 200
25902 200
25903 403
25904 404
25905 200
25906 200
25907 200
25908 404
25909 200
25910 200
25911 200
25912 200
25913 404
25914 404
25915 200
25916 200
25917 200
25918 200
25919 200
25920 200
25921 404
25922 200
25923 404
25924 200
25925 200
25926 200
25927 200
25928 200
25929 200
25930 200
25931 200
25932 200
25933 200
25934 200
25935 200
25936 200
25937 200
25938 200
25939 200
25940 200
25941 200
25942 200
25943 200
25944 200
25945 200
25946 200
25947 200
25948 200
25949 200
25950 200
25951 200
25952 200
25953 200
25954 200
25955 200
25956 200
25957 200
25958 200
25959 200
25960 200
25961 404
25962 404
25963 200
25964 200
25965 200
25966 404
25967 200
25968 403
25969 200
25970 200
25971 200
25972 200
25973 200
25974 403
25975 200
25976 200
25977 200
25978 200
25979 200
25980 404
25981 200
25982 200
25983 200
25984 200
25985 200
25986 200
25987 404
25988 404
25989 200
25990 200
25991 200
25992 200
25993 404
25994 200
25995 200
25996 200
25997 200
25998 200
25999 200
26000 404
26001 200
26002 200
26003 200
26004 200
26005 200
26006 200
26007 200
26008 200
26009 200
26010 200
26011 200
26012 404
26013 404
26014 200
26015 200
26016 200
26017 200
26018 200
26019 200
26020 200
26021 200
26022 200
26023 200
26024 200
26025 404
26026 200
26027 200
26028 200
26029 200
26030 200
26031 200
26032 200
26033 200
26034 200
26035 200
26036 404
26037 200
26038 200
26039 200
26040 200
26041 200
26042 200
26043 200
26044 404
26045 200
26046 200
26047 200
26048 200
26049 404
26050 200
26051 200
26052 200
26053 200
26054 200
26055 200
26056 200
26057 200
26058 200
26059 200
26060 200
26061 200
26062 200
26063 200
26064 200
26065 200
26066 200
26067 200
26068 200
26069 200
26070 404
26071 200
26072 200
26073 404
26074 200
26075 200
26076 200
26077 200
26078 200
26079 200
26080 200
26081 200
26082 200
26083 404
26084 200
26085 200
26086 200
26087 200
26088 200
26089 200
26090 200
26091 200
26092 200
26093 200
26094 404
26095 200
26096 404
26097 200
26098 200
26099 200
26100 200
26101 200
26102 200
26103 200
26104 403
26105 200
26106 200
26107 404
26108 200
26109 200
26110 404
26111 200
26112 200
26113 200
26114 200
26115 404
26116 200
26117 200
26118 200
26119 200
26120 404
26121 200
26122 200
26123 404
26124 200
26125 200
26126 200
26127 200
26128 200
26129 200
26130 200
26131 200
26132 200
26133 200
26134 200
26135 200
26136 200
26137 200
26138 200
26139 200
26140 200
26141 200
26142 200
26143 200
26144 200
26145 200
26146 200
26147 200
26148 200
26149 200
26150 200
26151 200
26152 404
26153 200
26154 200
26155 200
26156 200
26157 200
26158 200
26159 403
26160 200
26161 200
26162 200
26163 200
26164 404
26165 200
26166 200
26167 200
26168 200
26169 403
26170 200
26171 200
26172 200
26173 200
26174 200
26175 200
26176 200
26177 200
26178 200
26179 200
26180 404
26181 404
26182 200
26183 200
26184 200
26185 404
26186 200
26187 200
26188 200
26189 200
26190 200
26191 404
26192 200
26193 200
26194 200
26195 200
26196 200
26197 200
26198 200
26199 200
26200 200
26201 404
26202 200
26203 200
26204 200
26205 200
26206 200
26207 200
26208 200
26209 404
26210 200
26211 403
26212 200
26213 200
26214 404
26215 200
26216 200
26217 404
26218 404
26219 200
26220 403
26221 200
26222 200
26223 200
26224 200
26225 200
26226 200
26227 404
26228 200
26229 200
26230 404
26231 200
26232 200
26233 200
26234 200
26235 200
26236 200
26237 200
26238 200
26239 200
26240 200
26241 404
26242 200
26243 404
26244 404
26245 200
26246 200
26247 200
26248 200
26249 200
26250 200
26251 200
26252 200
26253 200
26254 200
26255 200
26256 200
26257 200
26258 200
26259 200
26260 200
26261 200
26262 200
26263 200
26264 200
26265 404
26266 200
26267 200
26268 200
26269 404
26270 200
26271 404
26272 200
26273 200
26274 200
26275 200
26276 200
26277 200
26278 200
26279 200
26280 200
26281 200
26282 200
26283 200
26284 200
26285 404
26286 404
26287 200
26288 200
26289 200
26290 200
26291 200
26292 404
26293 404
26294 404
26295 200
26296 200
26297 200
26298 200
26299 404
26300 404
26301 200
26302 200
26303 200
26304 200
26305 200
26306 200
26307 200
26308 200
26309 200
26310 200
26311 200
26312 404
26313 200
26314 200
26315 200
26316 200
26317 200
26318 200
26319 200
26320 200
26321 200
26322 200
26323 200
26324 404
26325 200
26326 200
26327 200
26328 200
26329 200
26330 200
26331 200
26332 404
26333 200
26334 200
26335 404
26336 200
26337 200
26338 200
26339 200
26340 200
26341 200
26342 200
26343 200
26344 200
26345 200
26346 200
26347 404
26348 200
26349 200
26350 200
26351 200
26352 404
26353 200
26354 404
26355 200
26356 200
26357 200
26358 200
26359 200
26360 200
26361 200
26362 200
26363 200
26364 200
26365 200
26366 200
26367 200
26368 404
26369 200
26370 200
26371 200
26372 403
26373 200
26374 404
26375 200
26376 200
26377 200
26378 200
26379 404
26380 200
26381 200
26382 200
26383 200
26384 200
26385 200
26386 200
26387 200
26388 403
26389 403
26390 404
26391 200
26392 200
26393 404
26394 200
26395 200
26396 200
26397 200
26398 200
26399 200
26400 200
26401 200
26402 200
26403 200
26404 200
26405 200
26406 200
26407 200
26408 200
26409 200
26410 200
26411 200
26412 200
26413 403
26414 200
26415 200
26416 200
26417 200
26418 200
26419 404
26420 404
26421 200
26422 200
26423 200
26424 200
26425 403
26426 200
26427 200
26428 200
26429 200
26430 404
26431 200
26432 200
26433 200
26434 200
26435 200
26436 200
26437 404
26438 404
26439 200
26440 200
26441 200
26442 200
26443 200
26444 200
26445 200
26446 200
26447 200
26448 200
26449 404
26450 200
26451 200
26452 200
26453 404
26454 200
26455 200
26456 200
26457 200
26458 200
26459 200
26460 200
26461 200
26462 200
26463 200
26464 200
26465 200
26466 200
26467 200
26468 404
26469 403
26470 200
26471 404
26472 200
26473 404
26474 200
26475 200
26476 200
26477 200
26478 200
26479 200
26480 200
26481 200
26482 200
26483 200
26484 404
26485 200
26486 200
26487 404
26488 200
26489 200
26490 200
26491 200
26492 200
26493 404
26494 403
26495 200
26496 403
26497 200
26498 200
26499 200
26500 200
26501 404
26502 200
26503 200
26504 404
26505 200
26506 200
26507 200
26508 200
26509 200
26510 200
26511 200
26512 200
26513 200
26514 200
26515 403
26516 200
26517 200
26518 200
26519 200
26520 200
26521 200
26522 200
26523 200
26524 200
26525 200
26526 200
26527 200
26528 200
26529 200
26530 200
26531 200
26532 200
26533 200
26534 200
26535 404
26536 200
26537 200
26538 200
26539 200
26540 200
26541 200
26542 200
26543 403
26544 200
26545 200
26546 404
26547 200
26548 200
26549 200
26550 200
26551 200
26552 200
26553 200
26554 200
26555 200
26556 200
26557 404
26558 200
26559 200
26560 200
26561 200
26562 200
26563 200
26564 200
26565 200
26566 200
26567 200
26568 200
26569 404
26570 200
26571 200
26572 200
26573 200
26574 403
26575 200
26576 200
26577 200
26578 200
26579 200
26580 404
26581 404
26582 200
26583 404
26584 200
26585 404
26586 200
26587 200
26588 200
26589 200
26590 403
26591 200
26592 404
26593 200
26594 200
26595 200
26596 200
26597 200
26598 200
26599 200
26600 200
26601 200
26602 200
26603 404
26604 403
26605 200
26606 200
26607 200
26608 404
26609 200
26610 200
26611 200
26612 404
26613 200
26614 200
26615 200
26616 200
26617 200
26618 200
26619 200
26620 200
26621 200
26622 200
26623 200
26624 404
26625 200
26626 200
26627 200
26628 404
26629 200
26630 200
26631 200
26632 200
26633 404
26634 200
26635 200
26636 200
26637 200
26638 200
26639 404
26640 200
26641 200
26642 404
26643 200
26644 200
26645 200
26646 200
26647 200
26648 200
26649 200
26650 200
26651 200
26652 200
26653 200
26654 200
26655 200
26656 200
26657 200
26658 200
26659 200
26660 200
26661 404
26662 404
26663 200
26664 200
26665 404
26666 200
26667 200
26668 200
26669 200
26670 200
26671 200
26672 200
26673 200
26674 403
26675 404
26676 200
26677 200
26678 403
26679 200
26680 200
26681 200
26682 200
26683 200
26684 200
26685 200
26686 200
26687 200
26688 200
26689 200
26690 404
26691 200
26692 404
26693 200
26694 200
26695 200
26696 404
26697 200
26698 404
26699 404
26700 200
26701 404
26702 404
26703 200
26704 404
26705 200
26706 200
26707 200
26708 200
26709 200
26710 200
26711 200
26712 200
26713 200
26714 200
26715 200
26716 200
26717 200
26718 200
26719 200
26720 200
26721 200
26722 200
26723 200
26724 404
26725 200
26726 200
26727 403
26728 404
26729 200
26730 200
26731 404
26732 200
26733 200
26734 200
26735 200
26736 404
26737 200
26738 200
26739 200
26740 404
26741 200
26742 200
26743 200
26744 200
26745 200
26746 404
26747 200
26748 200
26749 404
26750 200
26751 200
26752 200
26753 200
26754 200
26755 200
26756 200
26757 200
26758 200
26759 200
26760 200
26761 200
26762 200
26763 200
26764 200
26765 200
26766 200
26767 200
26768 200
26769 200
26770 404
26771 200
26772 404
26773 200
26774 200
26775 404
26776 403
26777 200
26778 200
26779 200
26780 200
26781 200
26782 200
26783 200
26784 200
26785 200
26786 200
26787 200
26788 200
26789 200
26790 404
26791 200
26792 200
26793 200
26794 200
26795 200
26796 200
26797 200
26798 200
26799 200
26800 200
26801 403
26802 200
26803 200
26804 404
26805 200
26806 200
26807 200
26808 200
26809 200
26810 200
26811 200
26812 200
26813 200
26814 403
26815 404
26816 200
26817 200
26818 404
26819 200
26820 403
26821 403
26822 200
26823 404
26824 200
26825 200
26826 200
26827 200
26828 404
26829 200
26830 200
26831 200
26832 200
26833 200
26834 200
26835 200
26836 200
26837 200
26838 200
26839 200
26840 200
26841 200
26842 200
26843 200
26844 404
26845 200
26846 200
26847 200
26848 200
26849 404
26850 404
26851 403
26852 200
26853 200
26854 200
26855 200
26856 200
26857 200
26858 200
26859 404
26860 200
26861 200
26862 403
26863 200
26864 200
26865 200
26866 200
26867 200
26868 200
26869 200
26870 200
26871 200
26872 404
26873 200
26874 404
26875 200
26876 200
26877 200
26878 200
26879 200
26880 200
26881 200
26882 200
26883 200
26884 200
26885 200
26886 200
26887 200
26888 200
26889 200
26890 200
26891 200
26892 200
26893 404
26894 200
26895 200
26896 200
26897 200
26898 200
26899 200
26900 200
26901 200
26902 404
26903 200
26904 200
26905 200
26906 200
26907 200
26908 200
26909 200
26910 200
26911 200
26912 200
26913 200
26914 200
26915 200
26916 200
26917 200
26918 200
26919 200
26920 200
26921 200
26922 200
26923 200
26924 200
26925 200
26926 404
26927 200
26928 200
26929 200
26930 200
26931 200
26932 403
26933 200
26934 403
26935 200
26936 200
26937 200
26938 200
26939 200
26940 403
26941 200
26942 200
26943 200
26944 200
26945 404
26946 200
26947 200
26948 404
26949 200
26950 200
26951 200
26952 404
26953 200
26954 200
26955 200
26956 403
26957 200
26958 200
26959 200
26960 200
26961 200
26962 200
26963 200
26964 200
26965 200
26966 200
26967 200
26968 200
26969 200
26970 200
26971 200
26972 200
26973 200
26974 200
26975 200
26976 200
26977 200
26978 200
26979 200
26980 200
26981 200
26982 200
26983 200
26984 403
26985 200
26986 403
26987 404
26988 200
26989 200
26990 200
26991 200
26992 200
26993 200
26994 200
26995 200
26996 200
26997 200
26998 200
26999 200
27000 200
27001 200
27002 200
27003 200
27004 200
27005 200
27006 200
27007 200
27008 403
27009 200
27010 200
27011 200
27012 200
27013 200
27014 200
27015 200
27016 200
27017 404
27018 404
27019 200
27020 200
27021 403
27022 200
27023 200
27024 404
27025 200
27026 200
27027 200
27028 200
27029 200
27030 200
27031 200
27032 200
27033 200
27034 200
27035 200
27036 200
27037 200
27038 200
27039 200
27040 200
27041 200
27042 200
27043 200
27044 200
27045 200
27046 200
27047 200
27048 200
27049 200
27050 200
27051 200
27052 200
27053 200
27054 200
27055 200
27056 200
27057 200
27058 403
27059 404
27060 200
27061 200
27062 200
27063 200
27064 404
27065 404
27066 200
27067 200
27068 200
27069 200
27070 200
27071 404
27072 200
27073 200
27074 403
27075 200
27076 200
27077 200
27078 200
27079 200
27080 404
27081 200
27082 200
27083 200
27084 404
27085 404
27086 200
27087 200
27088 200
27089 200
27090 200
27091 200
27092 200
27093 404
27094 200
27095 200
27096 200
27097 200
27098 404
27099 200
27100 200
27101 404
27102 200
27103 200
27104 200
27105 404
27106 404
27107 200
27108 200
27109 200
27110 200
27111 200
27112 200
27113 200
27114 200
27115 200
27116 200
27117 200
27118 200
27119 200
27120 200
27121 200
27122 200
27123 200
27124 200
27125 200
27126 200
27127 200
27128 200
27129 404
27130 200
27131 404
27132 404
27133 200
27134 404
27135 404
27136 404
27137 200
27138 200
27139 200
27140 200
27141 200
27142 200
27143 200
27144 200
27145 404
27146 403
27147 403
27148 200
27149 200
27150 200
27151 200
27152 200
27153 200
27154 200
27155 200
27156 200
27157 200
27158 404
27159 200
27160 200
27161 200
27162 200
27163 200
27164 200
27165 200
27166 200
27167 200
27168 200
27169 200
27170 200
27171 200
27172 200
27173 200
27174 200
27175 200
27176 404
27177 200
27178 200
27179 200
27180 200
27181 404
27182 200
27183 200
27184 200
27185 200
27186 200
27187 403
27188 200
27189 404
27190 200
27191 200
27192 200
27193 200
27194 200
27195 200
27196 200
27197 200
27198 404
27199 200
27200 200
27201 200
27202 200
27203 200
27204 200
27205 200
27206 200
27207 200
27208 200
27209 200
27210 200
27211 404
27212 404
27213 200
27214 200
27215 200
27216 200
27217 200
27218 404
27219 200
27220 200
27221 200
27222 200
27223 200
27224 200
27225 200
27226 200
27227 200
27228 200
27229 200
27230 200
27231 404
27232 403
27233 200
27234 200
27235 200
27236 404
27237 200
27238 200
27239 200
27240 404
27241 200
27242 200
27243 200
27244 200
27245 200
27246 200
27247 200
27248 200
27249 200
27250 200
27251 200
27252 200
27253 200
27254 404
27255 200
27256 200
27257 404
27258 200
27259 403
27260 200
27261 200
27262 404
27263 200
27264 200
27265 404
27266 200
27267 200
27268 200
27269 200
27270 200
27271 200
27272 200
27273 200
27274 200
27275 200
27276 200
27277 200
27278 200
27279 200
27280 404
27281 200
27282 404
27283 200
27284 200
27285 200
27286 200
27287 200
27288 200
27289 200
27290 404
27291 404
27292 200
27293 404
27294 200
27295 200
27296 200
27297 200
27298 200
27299 200
27300 200
27301 200
27302 200
27303 200
27304 200
27305 403
27306 404
27307 404
27308 200
27309 200
27310 200
27311 200
27312 200
27313 200
27314 404
27315 200
27316 200
27317 200
27318 200
27319 200
27320 200
27321 200
27322 200
27323 200
27324 404
27325 200
27326 200
27327 404
27328 200
27329 200
27330 200
27331 200
27332 200
27333 200
27334 404
27335 404
27336 200
27337 200
27338 404
27339 200
27340 404
27341 200
27342 200
27343 200
27344 200
27345 200
27346 200
27347 200
27348 200
27349 200
27350 404
27351 404
27352 200
27353 200
27354 404
27355 200
27356 200
27357 200
27358 200
27359 403
27360 404
27361 200
27362 200
27363 200
27364 200
27365 200
27366 200
27367 200
27368 404
27369 200
27370 200
27371 200
27372 200
27373 200
27374 200
27375 404
27376 404
27377 200
27378 404
27379 200
27380 200
27381 200
27382 200
27383 200
27384 404
27385 200
27386 200
27387 403
27388 200
27389 200
27390 200
27391 404
27392 404
27393 403
27394 200
27395 200
27396 200
27397 200
27398 404
27399 200
27400 200
27401 200
27402 200
27403 200
27404 200
27405 200
27406 403
27407 404
27408 200
27409 200
27410 200
27411 200
27412 200
27413 200
27414 200
27415 200
27416 200
27417 200
27418 200
27419 200
27420 200
27421 200
27422 200
27423 200
27424 200
27425 404
27426 200
27427 200
27428 200
27429 403
27430 200
27431 404
27432 200
27433 200
27434 403
27435 200
27436 404
27437 200
27438 200
27439 200
27440 200
27441 200
27442 200
27443 200
27444 200
27445 200
27446 404
27447 200
27448 200
27449 200
27450 200
27451 200
27452 200
27453 200
27454 200
27455 404
27456 200
27457 200
27458 200
27459 200
27460 200
27461 200
27462 200
27463 403
27464 403
27465 200
27466 200
27467 200
27468 200
27469 404
27470 200
27471 200
27472 200
27473 404
27474 200
27475 200
27476 200
27477 403
27478 200
27479 404
27480 200
27481 200
27482 403
27483 200
27484 200
27485 200
27486 404
27487 200
27488 200
27489 200
27490 200
27491 200
27492 200
27493 404
27494 404
27495 200
27496 200
27497 200
27498 200
27499 200
27500 200
27501 200
27502 404
27503 200
27504 404
27505 200
27506 200
27507 200
27508 200
27509 404
27510 200
27511 200
27512 200
27513 200
27514 200
27515 200
27516 200
27517 200
27518 404
27519 200
27520 200
27521 200
27522 200
27523 404
27524 404
27525 200
27526 200
27527 200
27528 404
27529 200
27530 200
27531 200
27532 200
27533 200
27534 200
27535 404
27536 200
27537 200
27538 200
27539 200
27540 404
27541 404
27542 200
27543 200
27544 200
27545 200
27546 200
27547 200
27548 200
27549 200
27550 200
27551 200
27552 200
27553 200
27554 404
27555 404
27556 200
27557 200
27558 200
27559 200
27560 200
27561 200
27562 200
27563 200
27564 200
27565 404
27566 200
27567 200
27568 404
27569 200
27570 200
27571 200
27572 200
27573 200
27574 200
27575 200
27576 200
27577 200
27578 200
27579 404
27580 200
27581 200
27582 404
27583 200
27584 404
27585 200
27586 200
27587 404
27588 404
27589 200
27590 200
27591 404
27592 200
27593 200
27594 200
27595 200
27596 404
27597 200
27598 200
27599 200
27600 200
27601 200
27602 404
27603 200
27604 200
27605 200
27606 200
27607 200
27608 200
27609 404
27610 200
27611 200
27612 200
27613 200
27614 200
27615 200
27616 200
27617 200
27618 200
27619 200
27620 200
27621 200
27622 200
27623 200
27624 200
27625 403
27626 404
27627 200
27628 404
27629 200
27630 200
27631 200
27632 200
27633 200
27634 200
27635 403
27636 200
27637 404
27638 200
27639 200
27640 200
27641 200
27642 404
27643 200
27644 200
27645 404
27646 200
27647 200
27648 200
27649 200
27650 403
27651 200
27652 200
27653 200
27654 404
27655 200
27656 200
27657 200
27658 200
27659 200
27660 404
27661 200
27662 200
27663 200
27664 200
27665 404
27666 200
27667 200
27668 200
27669 200
27670 404
27671 200
27672 200
27673 200
27674 200
27675 404
27676 200
27677 200
27678 200
27679 200
27680 404
27681 200
27682 200
27683 200
27684 200
27685 200
27686 200
27687 200
27688 200
27689 200
27690 200
27691 200
27692 200
27693 200
27694 200
27695 200
27696 200
27697 403
27698 403
27699 200
27700 200
27701 200
27702 200
27703 403
27704 200
27705 200
27706 200
27707 200
27708 404
27709 404
27710 200
27711 200
27712 200
27713 200
27714 200
27715 200
27716 200
27717 200
27718 200
27719 200
27720 200
27721 200
27722 200
27723 200
27724 200
27725 200
27726 200
27727 200
27728 200
27729 200
27730 404
27731 200
27732 200
27733 200
27734 404
27735 200
27736 200
27737 200
27738 200
27739 200
27740 200
27741 200
27742 200
27743 200
27744 404
27745 200
27746 200
27747 200
27748 200
27749 200
27750 200
27751 404
27752 404
27753 200
27754 200
27755 200
27756 200
27757 200
27758 200
27759 200
27760 200
27761 200
27762 200
27763 200
27764 200
27765 200
27766 200
27767 200
27768 200
27769 404
27770 200
27771 404
27772 200
27773 200
27774 200
27775 200
27776 200
27777 200
27778 200
27779 404
27780 200
27781 200
27782 200
27783 404
27784 200
27785 200
27786 200
27787 200
27788 404
27789 200
27790 404
27791 200
27792 200
27793 200
27794 200
27795 200
27796 200
27797 200
27798 200
27799 200
27800 404
27801 200
27802 200
27803 200
27804 200
27805 200
27806 200
27807 200
27808 200
27809 200
27810 200
27811 404
27812 200
27813 200
27814 200
27815 200
27816 200
27817 200
27818 200
27819 200
27820 200
27821 200
27822 403
27823 403
27824 200
27825 200
27826 404
27827 200
27828 200
27829 200
27830 200
27831 200
27832 200
27833 200
27834 200
27835 200
27836 200
27837 200
27838 200
27839 200
27840 200
27841 200
27842 200
27843 200
27844 200
27845 403
27846 200
27847 200
27848 200
27849 200
27850 404
27851 200
27852 200
27853 200
27854 200
27855 200
27856 200
27857 200
27858 200
27859 200
27860 200
27861 200
27862 200
27863 200
27864 200
27865 200
27866 200
27867 403
27868 200
27869 200
27870 200
27871 404
27872 200
27873 200
27874 200
27875 200
27876 200
27877 200
27878 200
27879 200
27880 200
27881 200
27882 200
27883 200
27884 200
27885 200
27886 200
27887 200
27888 200
27889 200
27890 200
27891 200
27892 200
27893 200
27894 200
27895 200
27896 200
27897 200
27898 200
27899 200
27900 200
27901 404
27902 200
27903 200
27904 200
27905 200
27906 200
27907 200
27908 200
27909 200
27910 404
27911 200
27912 404
27913 200
27914 200
27915 200
27916 404
27917 200
27918 200
27919 200
27920 200
27921 200
27922 200
27923 200
27924 404
27925 200
27926 200
27927 403
27928 404
27929 200
27930 200
27931 404
27932 404
27933 200
27934 404
27935 200
27936 200
27937 200
27938 404
27939 200
27940 200
27941 404
27942 200
27943 200
27944 200
27945 200
27946 403
27947 200
27948 200
27949 200
27950 200
27951 200
27952 200
27953 200
27954 200
27955 200
27956 404
27957 200
27958 200
27959 200
27960 200
27961 404
27962 200
27963 200
27964 200
27965 200
27966 200
27967 200
27968 404
27969 200
27970 200
27971 200
27972 200
27973 200
27974 200
27975 200
27976 200
27977 200
27978 404
27979 200
27980 403
27981 200
27982 404
27983 200
27984 200
27985 200
27986 200
27987 200
27988 200
27989 200
27990 200
27991 200
27992 200
27993 200
27994 404
27995 200
27996 200
27997 200
27998 200
27999 200
28000 200
28001 404
28002 200
28003 404
28004 200
28005 200
28006 200
28007 404
28008 200
28009 404
28010 200
28011 200
28012 200
28013 200
28014 200
28015 200
28016 200
28017 200
28018 200
28019 200
28020 404
28021 200
28022 403
28023 404
28024 200
28025 404
28026 200
28027 404
28028 200
28029 200
28030 404
28031 200
28032 200
28033 200
28034 200
28035 404
28036 200
28037 200
28038 200
28039 200
28040 404
28041 200
28042 200
28043 200
28044 200
28045 200
28046 200
28047 404
28048 200
28049 200
28050 200
28051 200
28052 404
28053 200
28054 404
28055 200
28056 200
28057 404
28058 200
28059 200
28060 200
28061 200
28062 200
28063 200
28064 200
28065 200
28066 200
28067 200
28068 200
28069 200
28070 200
28071 200
28072 200
28073 200
28074 404
28075 200
28076 200
28077 200
28078 200
28079 200
28080 200
28081 200
28082 200
28083 200
28084 404
28085 200
28086 200
28087 200
28088 200
28089 200
28090 200
28091 200
28092 200
28093 200
28094 404
28095 200
28096 404
28097 200
28098 200
28099 200
28100 200
28101 200
28102 404
28103 404
28104 200
28105 200
28106 200
28107 200
28108 200
28109 404
28110 200
28111 403
28112 404
28113 200
28114 200
28115 200
28116 200
28117 403
28118 200
28119 200
28120 404
28121 200
28122 404
28123 404
28124 200
28125 200
28126 404
28127 404
28128 200
28129 200
28130 200
28131 200
28132 200
28133 200
28134 200
28135 200
28136 200
28137 200
28138 200
28139 200
28140 200
28141 404
28142 200
28143 403
28144 200
28145 404
28146 403
28147 200
28148 404
28149 200
28150 200
28151 200
28152 404
28153 404
28154 200
28155 404
28156 200
28157 200
28158 200
28159 200
28160 404
28161 200
28162 200
28163 200
28164 200
28165 200
28166 200
28167 200
28168 200
28169 200
28170 200
28171 200
28172 200
28173 200
28174 403
28175 200
28176 200
28177 200
28178 200
28179 200
28180 200
28181 200
28182 200
28183 200
28184 200
28185 200
28186 404
28187 404
28188 200
28189 404
28190 200
28191 200
28192 200
28193 200
28194 200
28195 200
28196 200
28197 200
28198 200
28199 200
28200 200
28201 404
28202 200
28203 200
28204 200
28205 200
28206 404
28207 200
28208 200
28209 200
28210 403
28211 200
28212 200
28213 200
28214 200
28215 200
28216 200
28217 200
28218 200
28219 200
28220 200
28221 200
28222 200
28223 404
28224 404
28225 200
28226 404
28227 200
28228 200
28229 200
28230 200
28231 200
28232 200
28233 200
28234 404
28235 200
28236 200
28237 404
28238 200
28239 200
28240 200
28241 200
28242 200
28243 200
28244 200
28245 403
28246 404
28247 200
28248 200
28249 200
28250 200
28251 200
28252 200
28253 200
28254 404
28255 200
28256 200
28257 200
28258 200
28259 404
28260 200
28261 200
28262 200
28263 200
28264 200
28265 200
28266 200
28267 200
28268 200
28269 200
28270 200
28271 200
28272 200
28273 200
28274 403
28275 200
28276 200
28277 200
28278 200
28279 200
28280 404
28281 200
28282 200
28283 200
28284 200
28285 200
28286 404
28287 200
28288 404
28289 404
28290 200
28291 200
28292 200
28293 200
28294 200
28295 200
28296 200
28297 200
28298 200
28299 200
28300 200
28301 200
28302 200
28303 200
28304 200
28305 200
28306 200
28307 404
28308 200
28309 200
28310 200
28311 200
28312 200
28313 404
28314 200
28315 200
28316 200
28317 200
28318 200
28319 200
28320 404
28321 200
28322 200
28323 200
28324 200
28325 200
28326 404
28327 200
28328 200
28329 200
28330 404
28331 200
28332 403
28333 200
28334 200
28335 200
28336 404
28337 403
28338 200
28339 200
28340 200
28341 200
28342 200
28343 200
28344 200
28345 200
28346 200
28347 200
28348 200
28349 404
28350 200
28351 200
28352 200
28353 200
28354 200
28355 200
28356 200
28357 200
28358 200
28359 403
28360 200
28361 200
28362 200
28363 200
28364 404
28365 404
28366 200
28367 200
28368 200
28369 200
28370 200
28371 200
28372 404
28373 200
28374 200
28375 200
28376 200
28377 200
28378 200
28379 200
28380 200
28381 200
28382 200
28383 404
28384 404
28385 200
28386 200
28387 200
28388 200
28389 200
28390 200
28391 200
28392 200
28393 200
28394 403
28395 200
28396 200
28397 403
28398 404
28399 200
28400 200
28401 200
28402 200
28403 200
28404 404
28405 200
28406 200
28407 404
28408 200
28409 200
28410 200
28411 200
28412 404
28413 200
28414 200
28415 200
28416 200
28417 200
28418 200
28419 200
28420 200
28421 404
28422 200
28423 200
28424 200
28425 200
28426 200
28427 200
28428 200
28429 404
28430 404
28431 200
28432 200
28433 200
28434 200
28435 200
28436 404
28437 200
28438 200
28439 200
28440 200
28441 200
28442 200
28443 404
28444 200
28445 200
28446 200
28447 404
28448 404
28449 200
28450 404
28451 200
28452 404
28453 200
28454 404
28455 200
28456 200
28457 200
28458 200
28459 404
28460 200
28461 200
28462 200
28463 200
28464 403
28465 200
28466 200
28467 200
28468 404
28469 404
28470 200
28471 200
28472 200
28473 404
28474 200
28475 200
28476 200
28477 200
28478 404
28479 200
28480 200
28481 200
28482 200
28483 200
28484 200
28485 200
28486 403
28487 200
28488 200
28489 200
28490 200
28491 200
28492 200
28493 404
28494 200
28495 200
28496 200
28497 200
28498 200
28499 200
28500 200
28501 404
28502 200
28503 200
28504 200
28505 200
28506 200
28507 200
28508 200
28509 200
28510 200
28511 200
28512 404
28513 403
28514 200
28515 200
28516 200
28517 200
28518 200
28519 404
28520 200
28521 200
28522 200
28523 200
28524 200
28525 200
28526 200
28527 404
28528 200
28529 200
28530 200
28531 200
28532 200
28533 200
28534 200
28535 200
28536 200
28537 404
28538 200
28539 200
28540 404
28541 200
28542 200
28543 200
28544 200
28545 404
28546 200
28547 404
28548 200
28549 200
28550 200
28551 200
28552 200
28553 403
28554 200
28555 200
28556 200
28557 200
28558 200
28559 200
28560 404
28561 200
28562 200
28563 404
28564 200
28565 200
28566 200
28567 200
28568 404
28569 200
28570 404
28571 200
28572 404
28573 200
28574 200
28575 404
28576 404
28577 200
28578 200
28579 200
28580 404
28581 200
28582 200
28583 200
28584 200
28585 200
28586 404
28587 200
28588 200
28589 200
28590 200
28591 200
28592 200
28593 200
28594 404
28595 403
28596 200
28597 200
28598 200
28599 200
28600 200
28601 200
28602 200
28603 404
28604 404
28605 200
28606 200
28607 200
28608 200
28609 200
28610 200
28611 404
28612 200
28613 200
28614 404
28615 200
28616 200
28617 200
28618 200
28619 404
28620 200
28621 200
28622 200
28623 200
28624 200
28625 200
28626 200
28627 200
28628 404
28629 200
28630 200
28631 404
28632 404
28633 200
28634 404
28635 200
28636 200
28637 200
28638 200
28639 200
28640 200
28641 200
28642 200
28643 403
28644 200
28645 200
28646 200
28647 404
28648 404
28649 404
28650 200
28651 200
28652 200
28653 200
28654 200
28655 200
28656 200
28657 404
28658 200
28659 404
28660 200
28661 404
28662 200
28663 200
28664 200
28665 200
28666 200
28667 200
28668 200
28669 200
28670 403
28671 200
28672 200
28673 404
28674 200
28675 200
28676 200
28677 403
28678 404
28679 200
28680 200
28681 200
28682 200
28683 200
28684 200
28685 200
28686 403
28687 200
28688 200
28689 200
28690 404
28691 200
28692 403
28693 200
28694 404
28695 404
28696 200
28697 404
28698 200
28699 404
28700 403
28701 200
28702 200
28703 403
28704 200
28705 403
28706 200
28707 200
28708 200
28709 200
28710 404
28711 200
28712 404
28713 200
28714 200
28715 200
28716 200
28717 200
28718 404
28719 200
28720 404
28721 200
28722 200
28723 200
28724 200
28725 200
28726 200
28727 200
28728 200
28729 404
28730 404
28731 200
28732 200
28733 200
28734 200
28735 200
28736 200
28737 404
28738 200
28739 200
28740 200
28741 200
28742 200
28743 200
28744 200
28745 200
28746 200
28747 200
28748 200
28749 200
28750 200
28751 200
28752 200
28753 200
28754 200
28755 200
28756 200
28757 200
28758 404
28759 200
28760 404
28761 200
28762 404
28763 200
28764 200
28765 200
28766 200
28767 404
28768 200
28769 200
28770 200
28771 200
28772 200
28773 200
28774 200
28775 200
28776 200
28777 200
28778 200
28779 200
28780 200
28781 200
28782 200
28783 404
28784 200
28785 200
28786 200
28787 200
28788 404
28789 200
28790 200
28791 200
28792 404
28793 200
28794 200
28795 403
28796 200
28797 200
28798 404
28799 200
28800 200
28801 200
28802 200
28803 200
28804 403
28805 200
28806 200
28807 200
28808 200
28809 200
28810 200
28811 200
28812 200
28813 200
28814 404
28815 200
28816 200
28817 404
28818 403
28819 200
28820 200
28821 200
28822 200
28823 404
28824 200
28825 200
28826 200
28827 404
28828 200
28829 200
28830 200
28831 200
28832 200
28833 200
28834 200
28835 200
28836 200
28837 404
28838 404
28839 200
28840 404
28841 200
28842 200
28843 200
28844 200
28845 200
28846 200
28847 200
28848 200
28849 200
28850 404
28851 200
28852 200
28853 200
28854 200
28855 200
28856 200
28857 200
28858 200
28859 200
28860 200
28861 200
28862 200
28863 200
28864 200
28865 200
28866 200
28867 404
28868 200
28869 200
28870 200
28871 404
28872 200
28873 200
28874 200
28875 200
28876 200
28877 404
28878 200
28879 404
28880 200
28881 200
28882 200
28883 404
28884 200
28885 200
28886 200
28887 200
28888 200
28889 200
28890 200
28891 200
28892 200
28893 200
28894 200
28895 200
28896 200
28897 200
28898 404
28899 404
28900 200
28901 200
28902 200
28903 404
28904 404
28905 200
28906 200
28907 200
28908 200
28909 200
28910 200
28911 200
28912 200
28913 200
28914 200
28915 200
28916 403
28917 404
28918 200
28919 404
28920 404
28921 404
28922 200
28923 200
28924 200
28925 200
28926 404
28927 404
28928 200
28929 200
28930 200
28931 200
28932 200
28933 200
28934 200
28935 200
28936 200
28937 200
28938 200
28939 200
28940 404
28941 200
28942 200
28943 200
28944 403
28945 200
28946 404
28947 200
28948 404
28949 200
28950 200
28951 200
28952 403
28953 404
28954 404
28955 200
28956 200
28957 200
28958 200
28959 404
28960 200
28961 200
28962 200
28963 200
28964 404
28965 200
28966 404
28967 200
28968 200
28969 200
28970 404
28971 403
28972 200
28973 200
28974 200
28975 200
28976 200
28977 200
28978 200
28979 200
28980 403
28981 404
28982 200
28983 200
28984 404
28985 200
28986 200
28987 200
28988 200
28989 200
28990 200
28991 404
28992 200
28993 200
28994 200
28995 200
28996 200
28997 404
28998 403
28999 200
29000 200
29001 200
29002 200
29003 403
29004 200
29005 200
29006 404
29007 200
29008 200
29009 404
29010 200
29011 200
29012 200
29013 200
29014 200
29015 200
29016 200
29017 200
29018 200
29019 200
29020 200
29021 404
29022 404
29023 404
29024 200
29025 200
29026 200
29027 404
29028 200
29029 200
29030 200
29031 200
29032 200
29033 200
29034 200
29035 200
29036 200
29037 200
29038 404
29039 200
29040 200
29041 200
29042 200
29043 200
29044 200
29045 404
29046 200
29047 404
29048 200
29049 200
29050 200
29051 200
29052 200
29053 200
29054 404
29055 200
29056 200
29057 200
29058 403
29059 200
29060 200
29061 200
29062 200
29063 200
29064 200
29065 404
29066 403
29067 200
29068 200
29069 200
29070 200
29071 200
29072 200
29073 200
29074 200
29075 403
29076 200
29077 200
29078 200
29079 200
29080 200
29081 200
29082 200
29083 404
29084 200
29085 200
29086 200
29087 200
29088 200
29089 200
29090 200
29091 404
29092 200
29093 200
29094 200
29095 404
29096 200
29097 200
29098 404
29099 200
29100 200
29101 403
29102 404
29103 200
29104 200
29105 200
29106 200
29107 200
29108 200
29109 200
29110 200
29111 403
29112 403
29113 200
29114 200
29115 200
29116 200
29117 200
29118 200
29119 200
29120 200
29121 200
29122 200
29123 200
29124 404
29125 403
29126 200
29127 200
29128 404
29129 200
29130 200
29131 200
29132 404
29133 200
29134 200
29135 200
29136 403
29137 200
29138 404
29139 200
29140 200
29141 200
29142 200
29143 200
29144 404
29145 200
29146 200
29147 200
29148 200
29149 200
29150 200
29151 200
29152 200
29153 200
29154 404
29155 200
29156 200
29157 200
29158 200
29159 404
29160 404
29161 403
29162 200
29163 404
29164 200
29165 200
29166 200
29167 200
29168 200
29169 403
29170 200
29171 200
29172 200
29173 200
29174 403
29175 200
29176 200
29177 404
29178 200
29179 200
29180 200
29181 200
29182 404
29183 200
29184 200
29185 200
29186 200
29187 200
29188 403
29189 200
29190 200
29191 200
29192 200
29193 403
29194 200
29195 403
29196 200
29197 200
29198 200
29199 200
29200 200
29201 200
29202 200
29203 200
29204 200
29205 200
29206 404
29207 200
29208 404
29209 200
29210 404
29211 404
29212 200
29213 200
29214 404
29215 200
29216 200
29217 200
29218 200
29219 200
29220 200
29221 404
29222 200
29223 200
29224 200
29225 200
29226 200
29227 200
29228 200
29229 200
29230 200
29231 200
29232 200
29233 200
29234 200
29235 200
29236 200
29237 404
29238 200
29239 200
29240 200
29241 200
29242 404
29243 200
29244 200
29245 200
29246 200
29247 200
29248 200
29249 404
29250 200
29251 200
29252 200
29253 200
29254 200
29255 200
29256 200
29257 200
29258 200
29259 200
29260 200
29261 404
29262 200
29263 200
29264 200
29265 200
29266 200
29267 200
29268 200
29269 404
29270 200
29271 404
29272 200
29273 200
29274 200
29275 200
29276 200
29277 200
29278 404
29279 403
29280 200
29281 200
29282 403
29283 200
29284 200
29285 200
29286 403
29287 200
29288 200
29289 403
29290 404
29291 200
29292 404
29293 200
29294 200
29295 200
29296 403
29297 200
29298 200
29299 200
29300 200
29301 404
29302 200
29303 404
29304 200
29305 200
29306 200
29307 200
29308 200
29309 200
29310 200
29311 200
29312 200
29313 200
29314 200
29315 200
29316 200
29317 200
29318 403
29319 200
29320 200
29321 200
29322 200
29323 200
29324 200
29325 404
29326 200
29327 200
29328 404
29329 200
29330 200
29331 200
29332 200
29333 404
29334 200
29335 200
29336 200
29337 200
29338 200
29339 200
29340 200
29341 200
29342 200
29343 200
29344 200
29345 200
29346 200
29347 200
29348 200
29349 403
29350 200
29351 200
29352 200
29353 404
29354 200
29355 200
29356 200
29357 200
29358 200
29359 403
29360 200
29361 200
29362 200
29363 404
29364 404
29365 200
29366 200
29367 200
29368 200
29369 200
29370 200
29371 403
29372 200
29373 404
29374 200
29375 200
29376 403
29377 404
29378 200
29379 200
29380 200
29381 200
29382 200
29383 200
29384 200
29385 200
29386 200
29387 200
29388 200
29389 200
29390 200
29391 200
29392 404
29393 200
29394 200
29395 404
29396 403
29397 200
29398 200
29399 200
29400 200
29401 404
29402 200
29403 200
29404 404
29405 200
29406 200
29407 403
29408 200
29409 200
29410 200
29411 200
29412 200
29413 200
29414 200
29415 200
29416 200
29417 200
29418 200
29419 200
29420 200
29421 200
29422 200
29423 200
29424 404
29425 200
29426 200
29427 200
29428 200
29429 403
29430 200
29431 200
29432 200
29433 200
29434 200
29435 200
29436 200
29437 200
29438 200
29439 406
29440 200
29441 200
29442 200
29443 200
29444 200
29445 200
29446 200
29447 200
29448 200
29449 200
29450 200
29451 200
29452 200
29453 200
29454 200
29455 200
29456 200
29457 200
29458 404
29459 200
29460 200
29461 200
29462 404
29463 404
29464 200
29465 200
29466 200
29467 200
29468 200
29469 200
29470 200
29471 200
29472 200
29473 200
29474 200
29475 200
29476 200
29477 200
29478 404
29479 200
29480 404
29481 403
29482 200
29483 200
29484 200
29485 200
29486 200
29487 404
29488 200
29489 200
29490 200
29491 200
29492 200
29493 200
29494 200
29495 200
29496 200
29497 200
29498 200
29499 200
29500 200
29501 200
29502 200
29503 200
29504 200
29505 200
29506 200
29507 200
29508 200
29509 404
29510 200
29511 200
29512 200
29513 200
29514 200
29515 200
29516 200
29517 200
29518 200
29519 200
29520 200
29521 200
29522 200
29523 200
29524 200
29525 200
29526 200
29527 404
29528 404
29529 200
29530 200
29531 200
29532 200
29533 404
29534 200
29535 200
29536 200
29537 200
29538 404
29539 200
29540 200
29541 404
29542 200
29543 200
29544 200
29545 200
29546 200
29547 200
29548 200
29549 200
29550 200
29551 404
29552 404
29553 200
29554 200
29555 200
29556 200
29557 404
29558 200
29559 200
29560 200
29561 200
29562 200
29563 200
29564 200
29565 200
29566 200
29567 200
29568 404
29569 200
29570 200
29571 200
29572 200
29573 200
29574 200
29575 404
29576 200
29577 200
29578 200
29579 200
29580 200
29581 200
29582 200
29583 200
29584 200
29585 200
29586 200
29587 200
29588 200
29589 200
29590 200
29591 200
29592 200
29593 200
29594 403
29595 200
29596 200
29597 404
29598 200
29599 200
29600 200
29601 200
29602 200
29603 403
29604 404
29605 200
29606 404
29607 404
29608 200
29609 403
29610 200
29611 200
29612 200
29613 200
29614 200
29615 200
29616 200
29617 200
29618 404
29619 200
29620 404
29621 200
29622 200
29623 200
29624 200
29625 200
29626 200
29627 404
29628 404
29629 403
29630 200
29631 200
29632 200
29633 200
29634 403
29635 200
29636 404
29637 404
29638 404
29639 200
29640 200
29641 200
29642 200
29643 404
29644 404
29645 200
29646 200
29647 200
29648 200
29649 404
29650 200
29651 200
29652 404
29653 200
29654 404
29655 200
29656 200
29657 200
29658 200
29659 200
29660 200
29661 404
29662 200
29663 200
29664 200
29665 200
29666 200
29667 200
29668 200
29669 200
29670 200
29671 200
29672 200
29673 200
29674 404
29675 200
29676 200
29677 200
29678 200
29679 200
29680 200
29681 200
29682 404
29683 200
29684 200
29685 200
29686 200
29687 200
29688 404
29689 200
29690 200
29691 404
29692 200
29693 200
29694 200
29695 200
29696 200
29697 200
29698 200
29699 404
29700 200
29701 200
29702 200
29703 200
29704 200
29705 200
29706 403
29707 200
29708 200
29709 200
29710 200
29711 200
29712 200
29713 404
29714 200
29715 404
29716 200
29717 200
29718 200
29719 200
29720 200
29721 200
29722 404
29723 200
29724 200
29725 200
29726 404
29727 200
29728 200
29729 200
29730 200
29731 404
29732 200
29733 200
29734 200
29735 200
29736 200
29737 200
29738 200
29739 200
29740 200
29741 200
29742 200
29743 200
29744 200
29745 200
29746 404
29747 404
29748 404
29749 200
29750 200
29751 200
29752 200
29753 200
29754 200
29755 200
29756 200
29757 200
29758 200
29759 404
29760 200
29761 404
29762 200
29763 200
29764 200
29765 200
29766 200
29767 200
29768 404
29769 200
29770 200
29771 200
29772 200
29773 200
29774 200
29775 200
29776 404
29777 200
29778 200
29779 200
29780 200
29781 200
29782 200
29783 200
29784 200
29785 200
29786 200
29787 200
29788 404
29789 200
29790 200
29791 200
29792 200
29793 200
29794 200
29795 404
29796 200
29797 200
29798 200
29799 200
29800 200
29801 200
29802 200
29803 200
29804 403
29805 200
29806 200
29807 404
29808 200
29809 200
29810 200
29811 200
29812 200
29813 200
29814 200
29815 200
29816 200
29817 403
29818 404
29819 404
29820 404
29821 200
29822 200
29823 200
29824 200
29825 200
29826 200
29827 200
29828 200
29829 200
29830 200
29831 404
29832 200
29833 200
29834 200
29835 200
29836 200
29837 200
29838 200
29839 200
29840 200
29841 200
29842 200
29843 200
29844 200
29845 200
29846 200
29847 200
29848 200
29849 200
29850 200
29851 200
29852 200
29853 200
29854 404
29855 200
29856 200
29857 200
29858 200
29859 404
29860 200
29861 200
29862 200
29863 200
29864 403
29865 200
29866 200
29867 404
29868 404
29869 200
29870 200
29871 200
29872 200
29873 200
29874 200
29875 200
29876 200
29877 200
29878 200
29879 200
29880 200
29881 404
29882 200
29883 403
29884 200
29885 404
29886 200
29887 200
29888 200
29889 200
29890 200
29891 200
29892 200
29893 200
29894 200
29895 200
29896 200
29897 404
29898 200
29899 200
29900 404
29901 200
29902 200
29903 200
29904 200
29905 200
29906 200
29907 200
29908 200
29909 200
29910 200
29911 200
29912 200
29913 200
29914 200
29915 200
29916 200
29917 200
29918 200
29919 200
29920 200
29921 200
29922 200
29923 200
29924 200
29925 403
29926 200
29927 200
29928 200
29929 200
29930 404
29931 200
29932 403
29933 200
29934 200
29935 200
29936 403
29937 200
29938 200
29939 200
29940 200
29941 200
29942 404
29943 403
29944 200
29945 200
29946 200
29947 403
29948 200
29949 403
29950 404
29951 200
29952 200
29953 404
29954 200
29955 200
29956 200
29957 200
29958 200
29959 200
29960 200
29961 404
29962 200
29963 200
29964 200
29965 200
29966 200
29967 200
29968 200
29969 200
29970 200
29971 200
29972 200
29973 200
29974 404
29975 200
29976 200
29977 200
29978 404
29979 200
29980 200
29981 200
29982 200
29983 200
29984 200
29985 200
29986 200
29987 403
29988 200
29989 200
29990 200
29991 404
29992 200
29993 404
29994 200
29995 200
29996 200
29997 200
29998 200
29999 200
30000 200
30001 403
30002 200
30003 200
30004 200
30005 200
30006 200
30007 404
30008 200
30009 200
30010 200
30011 200
30012 200
30013 200
30014 200
30015 403
30016 200
30017 200
30018 200
30019 403
30020 200
30021 200
30022 200
30023 200
30024 404
30025 200
30026 200
30027 200
30028 200
30029 200
30030 200
30031 200
30032 200
30033 200
30034 200
30035 404
30036 404
30037 200
30038 200
30039 200
30040 404
30041 200
30042 404
30043 200
30044 200
30045 200
30046 403
30047 200
30048 200
30049 200
30050 404
30051 200
30052 404
30053 403
30054 200
30055 200
30056 200
30057 200
30058 200
30059 200
30060 200
30061 200
30062 200
30063 200
30064 200
30065 200
30066 404
30067 200
30068 404
30069 404
30070 404
30071 200
30072 200
30073 200
30074 200
30075 200
30076 200
30077 200
30078 200
30079 200
30080 200
30081 200
30082 200
30083 404
30084 404
30085 200
30086 200
30087 200
30088 200
30089 200
30090 404
30091 200
30092 200
30093 200
30094 404
30095 200
30096 200
30097 200
30098 200
30099 200
30100 200
30101 200
30102 403
30103 200
30104 200
30105 200
30106 200
30107 200
30108 404
30109 403
30110 200
30111 200
30112 200
30113 403
30114 200
30115 200
30116 200
30117 404
30118 200
30119 200
30120 200
30121 200
30122 200
30123 200
30124 404
30125 200
30126 403
30127 200
30128 200
30129 404
30130 200
30131 200
30132 200
30133 200
30134 200
30135 200
30136 200
30137 200
30138 200
30139 200
30140 200
30141 200
30142 200
30143 404
30144 200
30145 200
30146 200
30147 200
30148 404
30149 200
30150 404
30151 200
30152 200
30153 200
30154 200
30155 200
30156 200
30157 404
30158 200
30159 200
30160 200
30161 200
30162 404
30163 200
30164 404
30165 200
30166 200
30167 200
30168 200
30169 404
30170 200
30171 200
30172 200
30173 200
30174 200
30175 200
30176 200
30177 200
30178 200
30179 200
30180 200
30181 200
30182 403
30183 200
30184 200
30185 404
30186 404
30187 200
30188 404
30189 200
30190 200
30191 200
30192 200
30193 200
30194 200
30195 200
30196 200
30197 200
30198 200
30199 200
30200 200
30201 200
30202 200
30203 200
30204 403
30205 200
30206 200
30207 200
30208 200
30209 200
30210 200
30211 200
30212 200
30213 200
30214 200
30215 200
30216 200
30217 200
30218 200
30219 200
30220 200
30221 200
30222 200
30223 200
30224 404
30225 404
30226 200
30227 200
30228 200
30229 200
30230 200
30231 200
30232 404
30233 200
30234 404
30235 404
30236 403
30237 403
30238 200
30239 200
30240 200
30241 200
30242 200
30243 403
30244 200
30245 404
30246 200
30247 200
30248 200
30249 200
30250 200
30251 200
30252 200
30253 200
30254 200
30255 200
30256 200
30257 404
30258 200
30259 200
30260 200
30261 200
30262 200
30263 200
30264 200
30265 200
30266 200
30267 200
30268 200
30269 404
30270 200
30271 200
30272 200
30273 200
30274 200
30275 200
30276 200
30277 200
30278 200
30279 200
30280 200
30281 200
30282 200
30283 200
30284 403
30285 200
30286 200
30287 404
30288 200
30289 200
30290 404
30291 200
30292 200
30293 200
30294 200
30295 200
30296 404
30297 200
30298 200
30299 200
30300 200
30301 200
30302 200
30303 200
30304 200
30305 200
30306 200
30307 200
30308 200
30309 200
30310 200
30311 200
30312 200
30313 404
30314 200
30315 200
30316 403
30317 200
30318 200
30319 200
30320 200
30321 200
30322 200
30323 404
30324 200
30325 404
30326 200
30327 404
30328 404
30329 200
30330 200
30331 200
30332 200
30333 200
30334 200
30335 404
30336 200
30337 200
30338 200
30339 200
30340 200
30341 200
30342 200
30343 200
30344 200
30345 200
30346 200
30347 200
30348 200
30349 200
30350 200
30351 200
30352 200
30353 200
30354 404
30355 200
30356 200
30357 200
30358 404
30359 200
30360 200
30361 404
30362 403
30363 403
30364 200
30365 404
30366 200
30367 200
30368 200
30369 200
30370 200
30371 200
30372 200
30373 200
30374 404
30375 404
30376 200
30377 404
30378 404
30379 200
30380 404
30381 200
30382 200
30383 200
30384 404
30385 200
30386 200
30387 200
30388 200
30389 200
30390 404
30391 403
30392 200
30393 200
30394 200
30395 404
30396 200
30397 200
30398 200
30399 404
30400 404
30401 200
30402 200
30403 200
30404 200
30405 200
30406 403
30407 200
30408 200
30409 404
30410 200
30411 200
30412 200
30413 200
30414 200
30415 200
30416 200
30417 200
30418 200
30419 200
30420 200
30421 200
30422 200
30423 200
30424 200
30425 200
30426 200
30427 200
30428 404
30429 200
30430 200
30431 404
30432 403
30433 200
30434 200
30435 200
30436 200
30437 200
30438 200
30439 403
30440 200
30441 200
30442 200
30443 403
30444 200
30445 200
30446 200
30447 404
30448 200
30449 200
30450 200
30451 200
30452 200
30453 404
30454 403
30455 200
30456 200
30457 200
30458 404
30459 200
30460 200
30461 200
30462 200
30463 200
30464 200
30465 200
30466 200
30467 200
30468 200
30469 200
30470 403
30471 200
30472 200
30473 200
30474 200
30475 200
30476 200
30477 200
30478 404
30479 200
30480 200
30481 200
30482 200
30483 404
30484 200
30485 200
30486 403
30487 200
30488 200
30489 404
30490 200
30491 200
30492 200
30493 200
30494 200
30495 200
30496 404
30497 200
30498 403
30499 404
30500 200
30501 404
30502 200
30503 200
30504 200
30505 200
30506 200
30507 200
30508 200
30509 200
30510 404
30511 403
30512 200
30513 200
30514 200
30515 200
30516 404
30517 200
30518 200
30519 404
30520 200
30521 200
30522 200
30523 200
30524 200
30525 200
30526 404
30527 200
30528 404
30529 404
30530 200
30531 200
30532 200
30533 200
30534 200
30535 200
30536 200
30537 200
30538 200
30539 200
30540 200
30541 200
30542 404
30543 200
30544 200
30545 200
30546 200
30547 200
30548 200
30549 403
30550 200
30551 200
30552 200
30553 200
30554 200
30555 200
30556 200
30557 404
30558 200
30559 200
30560 200
30561 200
30562 200
30563 200
30564 403
30565 404
30566 200
30567 404
30568 403
30569 200
30570 200
30571 200
30572 200
30573 404
30574 200
30575 404
30576 200
30577 200
30578 200
30579 200
30580 200
30581 200
30582 200
30583 200
30584 200
30585 200
30586 200
30587 200
30588 200
30589 200
30590 404
30591 200
30592 200
30593 200
30594 200
30595 200
30596 200
30597 200
30598 200
30599 200
30600 200
30601 200
30602 404
30603 403
30604 200
30605 404
30606 200
30607 404
30608 404
30609 200
30610 200
30611 200
30612 200
30613 200
30614 404
30615 200
30616 200
30617 200
30618 200
30619 200
30620 200
30621 200
30622 200
30623 404
30624 200
30625 200
30626 404
30627 404
30628 200
30629 200
30630 200
30631 200
30632 200
30633 200
30634 200
30635 200
30636 200
30637 200
30638 200
30639 200
30640 200
30641 404
30642 404
30643 200
30644 200
30645 200
30646 200
30647 404
30648 404
30649 200
30650 404
30651 200
30652 200
30653 200
30654 403
30655 200
30656 200
30657 200
30658 200
30659 200
30660 200
30661 404
30662 200
30663 200
30664 200
30665 404
30666 200
30667 200
30668 200
30669 200
30670 200
30671 404
30672 200
30673 200
30674 200
30675 200
30676 200
30677 200
30678 200
30679 200
30680 200
30681 200
30682 200
30683 404
30684 200
30685 200
30686 200
30687 200
30688 200
30689 200
30690 200
30691 200
30692 200
30693 200
30694 200
30695 200
30696 200
30697 200
30698 200
30699 200
30700 200
30701 200
30702 200
30703 200
30704 200
30705 404
30706 200
30707 200
30708 200
30709 200
30710 404
30711 200
30712 200
30713 404
30714 200
30715 200
30716 200
30717 404
30718 200
30719 200
30720 200
30721 200
30722 200
30723 200
30724 403
30725 200
30726 404
30727 200
30728 200
30729 200
30730 200
30731 200
30732 200
30733 200
30734 200
30735 200
30736 200
30737 200
30738 404
30739 200
30740 403
30741 200
30742 200
30743 403
30744 200
30745 200
30746 200
30747 200
30748 200
30749 200
30750 200
30751 200
30752 200
30753 200
30754 200
30755 200
30756 200
30757 200
30758 200
30759 200
30760 200
30761 200
30762 404
30763 404
30764 200
30765 200
30766 200
30767 200
30768 200
30769 200
30770 404
30771 200
30772 200
30773 200
30774 200
30775 200
30776 200
30777 200
30778 200
30779 200
30780 200
30781 200
30782 200
30783 404
30784 200
30785 200
30786 200
30787 200
30788 200
30789 404
30790 200
30791 404
30792 200
30793 200
30794 200
30795 200
30796 200
30797 200
30798 404
30799 403
30800 200
30801 404
30802 200
30803 200
30804 404
30805 200
30806 200
30807 200
30808 403
30809 200
30810 403
30811 200
30812 200
30813 200
30814 200
30815 200
30816 200
30817 404
30818 404
30819 404
30820 200
30821 200
30822 200
30823 200
30824 404
30825 404
30826 200
30827 200
30828 200
30829 404
30830 200
30831 200
30832 200
30833 200
30834 200
30835 404
30836 200
30837 200
30838 404
30839 403
30840 200
30841 200
30842 404
30843 200
30844 200
30845 200
30846 404
30847 200
30848 200
30849 200
30850 200
30851 200
30852 200
30853 200
30854 200
30855 200
30856 200
30857 200
30858 200
30859 200
30860 200
30861 200
30862 403
30863 200
30864 200
30865 200
30866 200
30867 404
30868 404
30869 200
30870 200
30871 200
30872 200
30873 200
30874 404
30875 200
30876 200
30877 200
30878 200
30879 404
30880 200
30881 200
30882 200
30883 200
30884 200
30885 200
30886 200
30887 404
30888 403
30889 200
30890 200
30891 404
30892 200
30893 200
30894 200
30895 200
30896 200
30897 200
30898 200
30899 200
30900 200
30901 200
30902 200
30903 200
30904 200
30905 200
30906 200
30907 200
30908 200
30909 200
30910 200
30911 200
30912 200
30913 404
30914 200
30915 200
30916 200
30917 403
30918 200
30919 200
30920 200
30921 200
30922 200
30923 200
30924 200
30925 200
30926 200
30927 200
30928 200
30929 200
30930 200
30931 404
30932 404
30933 200
30934 200
30935 403
30936 200
30937 404
30938 200
30939 200
30940 200
30941 200
30942 200
30943 200
30944 200
30945 200
30946 200
30947 200
30948 200
30949 200
30950 200
30951 200
30952 200
30953 200
30954 200
30955 200
30956 404
30957 200
30958 200
30959 404
30960 200
30961 200
30962 200
30963 200
30964 200
30965 200
30966 200
30967 200
30968 200
30969 200
30970 200
30971 200
30972 404
30973 200
30974 200
30975 200
30976 200
30977 200
30978 200
30979 404
30980 200
30981 200
30982 200
30983 200
30984 200
30985 200
30986 200
30987 404
30988 404
30989 200
30990 403
30991 404
30992 200
30993 200
30994 200
30995 200
30996 200
30997 404
30998 200
30999 200
31000 200
31001 200
31002 403
31003 200
31004 200
31005 200
31006 200
31007 404
31008 404
31009 200
31010 200
31011 200
31012 200
31013 404
31014 200
31015 200
31016 200
31017 200
31018 200
31019 200
31020 200
31021 200
31022 404
31023 404
31024 404
31025 200
31026 404
31027 403
31028 200
31029 200
31030 200
31031 404
31032 200
31033 200
31034 200
31035 200
31036 200
31037 200
31038 200
31039 200
31040 200
31041 200
31042 200
31043 200
31044 200
31045 200
31046 404
31047 200
31048 200
31049 404
31050 404
31051 200
31052 200
31053 200
31054 200
31055 200
31056 404
31057 200
31058 200
31059 200
31060 200
31061 404
31062 200
31063 200
31064 200
31065 200
31066 200
31067 200
31068 200
31069 200
31070 200
31071 200
31072 200
31073 403
31074 200
31075 403
31076 200
31077 200
31078 200
31079 200
31080 200
31081 200
31082 200
31083 200
31084 200
31085 200
31086 404
31087 200
31088 404
31089 200
31090 200
31091 200
31092 200
31093 200
31094 200
31095 200
31096 200
31097 403
31098 200
31099 200
31100 200
31101 200
31102 200
31103 200
31104 200
31105 200
31106 200
31107 200
31108 200
31109 200
31110 404
31111 200
31112 200
31113 200
31114 403
31115 200
31116 200
31117 200
31118 404
31119 200
31120 200
31121 200
31122 200
31123 404
31124 200
31125 200
31126 200
31127 200
31128 404
31129 404
31130 200
31131 200
31132 200
31133 200
31134 200
31135 200
31136 200
31137 200
31138 200
31139 200
31140 403
31141 404
31142 200
31143 200
31144 403
31145 404
31146 200
31147 200
31148 200
31149 200
31150 404
31151 200
31152 200
31153 200
31154 200
31155 200
31156 404
31157 200
31158 200
31159 200
31160 200
31161 200
31162 200
31163 200
31164 200
31165 200
31166 200
31167 200
31168 200
31169 200
31170 403
31171 200
31172 200
31173 200
31174 200
31175 200
31176 200
31177 200
31178 200
31179 200
31180 200
31181 404
31182 200
31183 200
31184 200
31185 200
31186 200
31187 200
31188 200
31189 200
31190 200
31191 200
31192 200
31193 404
31194 200
31195 200
31196 200
31197 200
31198 200
31199 200
31200 200
31201 200
31202 200
31203 200
31204 200
31205 200
31206 200
31207 200
31208 200
31209 404
31210 200
31211 200
31212 200
31213 200
31214 200
31215 200
31216 200
31217 404
31218 403
31219 200
31220 200
31221 200
31222 404
31223 200
31224 404
31225 200
31226 200
31227 200
31228 200
31229 200
31230 403
31231 404
31232 404
31233 200
31234 404
31235 200
31236 200
31237 200
31238 200
31239 404
31240 200
31241 200
31242 200
31243 200
31244 200
31245 200
31246 200
31247 404
31248 200
31249 200
31250 404
31251 200
31252 200
31253 200
31254 200
31255 404
31256 200
31257 404
31258 200
31259 200
31260 200
31261 200
31262 200
31263 200
31264 404
31265 200
31266 200
31267 404
31268 200
31269 404
31270 200
31271 200
31272 200
31273 200
31274 200
31275 200
31276 200
31277 404
31278 200
31279 200
31280 404
31281 200
31282 403
31283 200
31284 200
31285 200
31286 200
31287 200
31288 200
31289 200
31290 200
31291 200
31292 200
31293 200
31294 200
31295 200
31296 200
31297 200
31298 200
31299 200
31300 200
31301 200
31302 200
31303 200
31304 200
31305 200
31306 200
31307 200
31308 200
31309 200
31310 200
31311 200
31312 404
31313 200
31314 200
31315 200
31316 404
31317 200
31318 200
31319 200
31320 200
31321 200
31322 200
31323 200
31324 200
31325 200
31326 200
31327 200
31328 403
31329 404
31330 200
31331 200
31332 200
31333 403
31334 200
31335 200
31336 200
31337 200
31338 404
31339 200
31340 200
31341 200
31342 403
31343 200
31344 200
31345 404
31346 200
31347 200
31348 200
31349 200
31350 404
31351 200
31352 200
31353 200
31354 200
31355 200
31356 200
31357 404
31358 200
31359 200
31360 200
31361 200
31362 200
31363 200
31364 200
31365 200
31366 404
31367 403
31368 200
31369 200
31370 200
31371 200
31372 200
31373 200
31374 200
31375 403
31376 200
31377 404
31378 403
31379 200
31380 200
31381 200
31382 200
31383 200
31384 200
31385 404
31386 403
31387 200
31388 200
31389 404
31390 200
31391 404
31392 200
31393 200
31394 200
31395 200
31396 200
31397 200
31398 200
31399 200
31400 200
31401 200
31402 200
31403 200
31404 200
31405 200
31406 200
31407 404
31408 200
31409 200
31410 200
31411 404
31412 200
31413 200
31414 200
31415 404
31416 200
31417 404
31418 200
31419 200
31420 200
31421 403
31422 404
31423 200
31424 200
31425 200
31426 403
31427 404
31428 200
31429 200
31430 200
31431 200
31432 200
31433 404
31434 200
31435 200
31436 403
31437 404
31438 200
31439 404
31440 200
31441 200
31442 200
31443 200
31444 200
31445 200
31446 200
31447 404
31448 200
31449 403
31450 200
31451 404
31452 200
31453 200
31454 404
31455 200
31456 200
31457 200
31458 403
31459 403
31460 200
31461 200
31462 200
31463 404
31464 200
31465 200
31466 404
31467 200
31468 200
31469 404
31470 200
31471 200
31472 200
31473 404
31474 200
31475 200
31476 200
31477 200
31478 200
31479 200
31480 200
31481 200
31482 200
31483 200
31484 200
31485 200
31486 200
31487 200
31488 200
31489 200
31490 200
31491 200
31492 200
31493 200
31494 200
31495 200
31496 200
31497 200
31498 200
31499 200
31500 200
31501 200
31502 404
31503 200
31504 404
31505 200
31506 200
31507 200
31508 200
31509 404
31510 200
31511 200
31512 200
31513 200
31514 200
31515 200
31516 200
31517 200
31518 200
31519 200
31520 200
31521 200
31522 200
31523 200
31524 200
31525 200
31526 200
31527 200
31528 200
31529 200
31530 404
31531 200
31532 200
31533 200
31534 200
31535 200
31536 200
31537 200
31538 200
31539 200
31540 200
31541 200
31542 200
31543 200
31544 200
31545 200
31546 200
31547 200
31548 200
31549 200
31550 200
31551 404
31552 200
31553 200
31554 200
31555 200
31556 200
31557 200
31558 403
31559 200
31560 200
31561 200
31562 200
31563 200
31564 200
31565 200
31566 200
31567 403
31568 200
31569 403
31570 404
31571 200
31572 200
31573 200
31574 200
31575 200
31576 200
31577 200
31578 200
31579 200
31580 200
31581 200
31582 200
31583 200
31584 200
31585 200
31586 200
31587 200
31588 404
31589 200
31590 200
31591 200
31592 200
31593 200
31594 200
31595 403
31596 404
31597 404
31598 200
31599 200
31600 200
31601 404
31602 200
31603 200
31604 200
31605 200
31606 200
31607 403
31608 200
31609 404
31610 404
31611 200
31612 200
31613 200
31614 200
31615 200
31616 200
31617 200
31618 200
31619 200
31620 200
31621 200
31622 200
31623 200
31624 403
31625 200
31626 200
31627 200
31628 404
31629 200
31630 200
31631 200
31632 200
31633 200
31634 200
31635 200
31636 200
31637 404
31638 200
31639 404
31640 200
31641 200
31642 404
31643 200
31644 200
31645 200
31646 404
31647 200
31648 200
31649 200
31650 200
31651 200
31652 403
31653 200
31654 200
31655 404
31656 200
31657 200
31658 200
31659 200
31660 200
31661 200
31662 404
31663 200
31664 200
31665 200
31666 200
31667 404
31668 200
31669 404
31670 404
31671 200
31672 200
31673 200
31674 403
31675 200
31676 200
31677 200
31678 200
31679 200
31680 403
31681 200
31682 200
31683 404
31684 200
31685 403
31686 404
31687 404
31688 404
31689 200
31690 200
31691 200
31692 403
31693 200
31694 200
31695 404
31696 200
31697 200
31698 200
31699 404
31700 404
31701 200
31702 404
31703 200
31704 404
31705 200
31706 404
31707 200
31708 200
31709 200
31710 200
31711 200
31712 200
31713 200
31714 200
31715 200
31716 200
31717 200
31718 200
31719 404
31720 200
31721 200
31722 200
31723 200
31724 200
31725 200
31726 403
31727 200
31728 404
31729 200
31730 200
31731 200
31732 200
31733 404
31734 404
31735 200
31736 200
31737 200
31738 200
31739 200
31740 200
31741 404
31742 404
31743 200
31744 404
31745 200
31746 200
31747 200
31748 200
31749 200
31750 200
31751 200
31752 200
31753 200
31754 200
31755 200
31756 200
31757 200
31758 200
31759 200
31760 200
31761 200
31762 200
31763 200
31764 200
31765 200
31766 404
31767 200
31768 200
31769 200
31770 200
31771 200
31772 200
31773 200
31774 200
31775 404
31776 403
31777 200
31778 200
31779 200
31780 200
31781 200
31782 200
31783 404
31784 200
31785 200
31786 200
31787 200
31788 200
31789 404
31790 200
31791 200
31792 200
31793 200
31794 403
31795 200
31796 200
31797 403
31798 200
31799 200
31800 200
31801 200
31802 200
31803 200
31804 200
31805 200
31806 200
31807 200
31808 200
31809 403
31810 200
31811 200
31812 200
31813 200
31814 403
31815 200
31816 200
31817 200
31818 200
31819 200
31820 200
31821 200
31822 200
31823 200
31824 200
31825 200
31826 403
31827 404
31828 200
31829 200
31830 200
31831 404
31832 200
31833 200
31834 200
31835 200
31836 200
31837 200
31838 404
31839 200
31840 404
31841 200
31842 200
31843 404
31844 200
31845 200
31846 404
31847 200
31848 200
31849 200
31850 200
31851 200
31852 200
31853 200
31854 200
31855 200
31856 404
31857 200
31858 200
31859 200
31860 200
31861 200
31862 200
31863 200
31864 200
31865 200
31866 200
31867 200
31868 200
31869 200
31870 200
31871 200
31872 200
31873 200
31874 200
31875 200
31876 200
31877 200
31878 200
31879 200
31880 404
31881 200
31882 200
31883 404
31884 200
31885 200
31886 200
31887 200
31888 200
31889 404
31890 200
31891 200
31892 200
31893 200
31894 200
31895 200
31896 200
31897 200
31898 200
31899 404
31900 200
31901 200
31902 404
31903 200
31904 200
31905 200
31906 404
31907 200
31908 200
31909 404
31910 200
31911 200
31912 200
31913 200
31914 200
31915 200
31916 404
31917 200
31918 200
31919 200
31920 404
31921 200
31922 404
31923 200
31924 200
31925 404
31926 200
31927 200
31928 200
31929 200
31930 200
31931 200
31932 404
31933 200
31934 200
31935 404
31936 200
31937 200
31938 200
31939 200
31940 200
31941 200
31942 404
31943 200
31944 200
31945 200
31946 200
31947 200
31948 200
31949 200
31950 200
31951 200
31952 200
31953 200
31954 200
31955 200
31956 404
31957 200
31958 200
31959 200
31960 200
31961 200
31962 200
31963 404
31964 200
31965 403
31966 200
31967 200
31968 200
31969 200
31970 200
31971 200
31972 200
31973 200
31974 200
31975 404
31976 200
31977 404
31978 200
31979 200
31980 200
31981 200
31982 200
31983 404
31984 200
31985 200
31986 200
31987 404
31988 200
31989 200
31990 200
31991 200
31992 200
31993 200
31994 200
31995 404
31996 200
31997 200
31998 404
31999 403
32000 200
32001 200
32002 404
32003 200
32004 200
32005 404
32006 200
32007 403
32008 200
32009 200
32010 200
32011 200
32012 200
32013 200
32014 200
32015 200
32016 200
32017 200
32018 404
32019 404
32020 404
32021 404
32022 200
32023 200
32024 404
32025 200
32026 200
32027 200
32028 200
32029 404
32030 200
32031 200
32032 200
32033 200
32034 200
32035 200
32036 200
32037 200
32038 200
32039 404
32040 200
32041 200
32042 200
32043 200
32044 200
32045 200
32046 200
32047 404
32048 200
32049 200
32050 200
32051 200
32052 200
32053 200
32054 200
32055 200
32056 200
32057 404
32058 200
32059 200
32060 200
32061 200
32062 200
32063 200
32064 200
32065 200
32066 200
32067 200
32068 200
32069 200
32070 200
32071 200
32072 200
32073 200
32074 200
32075 200
32076 200
32077 200
32078 200
32079 404
32080 200
32081 404
32082 404
32083 200
32084 403
32085 404
32086 403
32087 200
32088 404
32089 200
32090 200
32091 200
32092 404
32093 200
32094 200
32095 200
32096 200
32097 200
32098 403
32099 404
32100 200
32101 200
32102 200
32103 200
32104 200
32105 404
32106 404
32107 200
32108 200
32109 200
32110 200
32111 200
32112 200
32113 200
32114 200
32115 200
32116 200
32117 200
32118 200
32119 200
32120 200
32121 200
32122 200
32123 200
32124 200
32125 404
32126 200
32127 200
32128 200
32129 200
32130 200
32131 200
32132 200
32133 200
32134 200
32135 200
32136 200
32137 200
32138 200
32139 200
32140 200
32141 200
32142 200
32143 200
32144 200
32145 200
32146 200
32147 200
32148 200
32149 200
32150 404
32151 200
32152 200
32153 200
32154 200
32155 200
32156 200
32157 200
32158 200
32159 200
32160 200
32161 200
32162 200
32163 200
32164 404
32165 200
32166 200
32167 200
32168 200
32169 200
32170 200
32171 200
32172 403
32173 200
32174 200
32175 200
32176 406
32177 200
32178 200
32179 200
32180 404
32181 200
32182 200
32183 404
32184 200
32185 200
32186 404
32187 200
32188 200
32189 200
32190 200
32191 200
32192 200
32193 200
32194 200
32195 200
32196 200
32197 404
32198 200
32199 200
32200 200
32201 200
32202 200
32203 200
32204 200
32205 404
32206 404
32207 200
32208 403
32209 200
32210 200
32211 200
32212 200
32213 404
32214 200
32215 200
32216 404
32217 200
32218 200
32219 403
32220 200
32221 404
32222 404
32223 200
32224 200
32225 200
32226 404
32227 200
32228 200
32229 200
32230 200
32231 403
32232 403
32233 200
32234 200
32235 200
32236 404
32237 200
32238 200
32239 200
32240 404
32241 404
32242 200
32243 404
32244 404
32245 200
32246 404
32247 403
32248 200
32249 200
32250 200
32251 200
32252 200
32253 200
32254 200
32255 200
32256 404
32257 200
32258 200
32259 200
32260 200
32261 200
32262 403
32263 200
32264 200
32265 200
32266 200
32267 404
32268 200
32269 200
32270 200
32271 200
32272 200
32273 200
32274 403
32275 200
32276 200
32277 200
32278 200
32279 404
32280 200
32281 200
32282 200
32283 200
32284 200
32285 200
32286 200
32287 200
32288 200
32289 200
32290 200
32291 200
32292 200
32293 200
32294 404
32295 200
32296 404
32297 200
32298 200
32299 200
32300 200
32301 200
32302 200
32303 200
32304 200
32305 200
32306 200
32307 200
32308 404
32309 200
32310 404
32311 200
32312 200
32313 200
32314 200
32315 200
32316 404
32317 200
32318 200
32319 200
32320 200
32321 403
32322 200
32323 200
32324 200
32325 404
32326 200
32327 200
32328 200
32329 200
32330 200
32331 200
32332 404
32333 200
32334 200
32335 200
32336 200
32337 404
32338 200
32339 200
32340 200
32341 200
32342 200
32343 200
32344 403
32345 200
32346 200
32347 200
32348 200
32349 200
32350 403
32351 200
32352 200
32353 200
32354 404
32355 200
32356 200
32357 200
32358 200
32359 200
32360 200
32361 404
32362 200
32363 404
32364 404
32365 200
32366 200
32367 200
32368 200
32369 200
32370 200
32371 200
32372 200
32373 404
32374 200
32375 200
32376 200
32377 200
32378 200
32379 404
32380 200
32381 404
32382 200
32383 200
32384 200
32385 403
32386 200
32387 200
32388 200
32389 404
32390 200
32391 200
32392 200
32393 200
32394 200
32395 200
32396 200
32397 404
32398 200
32399 200
32400 200
32401 200
32402 200
32403 200
32404 404
32405 404
32406 200
32407 200
32408 200
32409 404
32410 200
32411 200
32412 200
32413 404
32414 200
32415 200
32416 200
32417 200
32418 200
32419 404
32420 200
32421 200
32422 200
32423 200
32424 200
32425 200
32426 200
32427 200
32428 404
32429 200
32430 200
32431 200
32432 200
32433 200
32434 200
32435 200
32436 200
32437 200
32438 200
32439 200
32440 200
32441 200
32442 200
32443 200
32444 200
32445 404
32446 200
32447 200
32448 200
32449 200
32450 200
32451 200
32452 200
32453 200
32454 200
32455 200
32456 200
32457 200
32458 200
32459 200
32460 200
32461 200
32462 200
32463 200
32464 200
32465 200
32466 200
32467 200
32468 403
32469 403
32470 200
32471 403
32472 200
32473 200
32474 200
32475 404
32476 200
32477 200
32478 200
32479 200
32480 200
32481 404
32482 200
32483 200
32484 403
32485 200
32486 200
32487 403
32488 200
32489 200
32490 404
32491 200
32492 200
32493 200
32494 404
32495 200
32496 200
32497 200
32498 200
32499 200
32500 404
32501 200
32502 200
32503 200
32504 200
32505 200
32506 200
32507 404
32508 200
32509 200
32510 200
32511 200
32512 200
32513 200
32514 200
32515 200
32516 200
32517 200
32518 200
32519 200
32520 200
32521 200
32522 200
32523 200
32524 200
32525 403
32526 200
32527 200
32528 200
32529 200
32530 404
32531 200
32532 200
32533 404
32534 200
32535 200
32536 200
32537 200
32538 200
32539 200
32540 200
32541 200
32542 200
32543 404
32544 200
32545 200
32546 404
32547 200
32548 200
32549 200
32550 200
32551 403
32552 200
32553 200
32554 200
32555 404
32556 404
32557 200
32558 200
32559 200
32560 200
32561 200
32562 200
32563 200
32564 200
32565 200
32566 200
32567 200
32568 200
32569 200
32570 200
32571 200
32572 200
32573 200
32574 200
32575 404
32576 200
32577 404
32578 404
32579 200
32580 200
32581 200
32582 200
32583 200
32584 200
32585 200
32586 200
32587 200
32588 200
32589 200
32590 200
32591 200
32592 200
32593 200
32594 200
32595 200
32596 200
32597 200
32598 404
32599 200
32600 200
32601 200
32602 200
32603 403
32604 404
32605 200
32606 200
32607 200
32608 200
32609 200
32610 200
32611 200
32612 403
32613 200
32614 200
32615 200
32616 200
32617 200
32618 200
32619 200
32620 403
32621 200
32622 200
32623 200
32624 200
32625 200
32626 200
32627 200
32628 200
32629 404
32630 404
32631 200
32632 200
32633 200
32634 200
32635 200
32636 200
32637 200
32638 200
32639 200
32640 200
32641 200
32642 200
32643 200
32644 200
32645 200
32646 200
32647 200
32648 200
32649 200
32650 404
32651 200
32652 200
32653 200
32654 404
32655 200
32656 200
32657 404
32658 404
32659 200
32660 200
32661 200
32662 200
32663 200
32664 200
32665 200
32666 404
32667 200
32668 200
32669 404
32670 404
32671 200
32672 200
32673 200
32674 200
32675 403
32676 200
32677 200
32678 404
32679 200
32680 200
32681 200
32682 403
32683 200
32684 200
32685 200
32686 200
32687 200
32688 404
32689 200
32690 200
32691 403
32692 404
32693 200
32694 200
32695 200
32696 403
32697 403
32698 403
32699 200
32700 200
32701 200
32702 404
32703 200
32704 200
32705 200
32706 200
32707 404
32708 200
32709 404
32710 200
32711 404
32712 404
32713 200
32714 404
32715 200
32716 200
32717 200
32718 200
32719 200
32720 200
32721 200
32722 200
32723 403
32724 200
32725 404
32726 200
32727 200
32728 200
32729 200
32730 200
32731 200
32732 200
32733 200
32734 200
32735 200
32736 200
32737 403
32738 404
32739 200
32740 200
32741 200
32742 404
32743 404
32744 200
32745 200
32746 200
32747 200
32748 200
32749 200
32750 404
32751 200
32752 200
32753 200
32754 200
32755 404
32756 200
32757 200
32758 200
32759 200
32760 200
32761 200
32762 200
32763 200
32764 404
32765 200
32766 200
32767 404
32768 200
32769 200
32770 200
32771 200
32772 200
32773 404
32774 200
32775 200
32776 200
32777 200
32778 200
32779 200
32780 200
32781 200
32782 200
32783 200
32784 200
32785 200
32786 200
32787 404
32788 200
32789 200
32790 200
32791 404
32792 200
32793 404
32794 200
32795 200
32796 200
32797 404
32798 200
32799 200
32800 200
32801 200
32802 200
32803 200
32804 404
32805 200
32806 200
32807 200
32808 200
32809 200
32810 200
32811 200
32812 200
32813 200
32814 404
32815 200
32816 200
32817 200
32818 200
32819 200
32820 200
32821 200
32822 200
32823 403
32824 200
32825 404
32826 200
32827 200
32828 200
32829 200
32830 404
32831 200
32832 403
32833 200
32834 200
32835 200
32836 200
32837 200
32838 200
32839 200
32840 200
32841 200
32842 200
32843 200
32844 200
32845 404
32846 200
32847 200
32848 200
32849 200
32850 200
32851 404
32852 200
32853 200
32854 200
32855 200
32856 404
32857 404
32858 200
32859 200
32860 200
32861 200
32862 200
32863 200
32864 200
32865 200
32866 403
32867 200
32868 200
32869 404
32870 200
32871 404
32872 200
32873 200
32874 200
32875 200
32876 404
32877 200
32878 200
32879 200
32880 403
32881 200
32882 200
32883 200
32884 200
32885 404
32886 403
32887 200
32888 200
32889 200
32890 404
32891 200
32892 200
32893 200
32894 200
32895 200
32896 200
32897 200
32898 404
32899 200
32900 200
32901 404
32902 200
32903 200
32904 200
32905 200
32906 200
32907 404
32908 200
32909 200
32910 200
32911 200
32912 200
32913 200
32914 404
32915 200
32916 200
32917 200
32918 200
32919 200
32920 200
32921 200
32922 200
32923 200
32924 200
32925 200
32926 200
32927 200
32928 404
32929 200
32930 200
32931 200
32932 200
32933 200
32934 200
32935 200
32936 200
32937 200
32938 404
32939 200
32940 200
32941 200
32942 200
32943 200
32944 200
32945 200
32946 200
32947 200
32948 200
32949 200
32950 200
32951 200
32952 200
32953 200
32954 404
32955 200
32956 200
32957 200
32958 403
32959 200
32960 200
32961 200
32962 200
32963 200
32964 200
32965 200
32966 200
32967 200
32968 200
32969 200
32970 200
32971 200
32972 200
32973 404
32974 200
32975 200
32976 200
32977 404
32978 200
32979 200
32980 200
32981 200
32982 200
32983 200
32984 404
32985 200
32986 200
32987 200
32988 200
32989 404
32990 200
32991 200
32992 200
32993 200
32994 200
32995 200
32996 200
32997 200
32998 404
32999 200
33000 404
33001 200
33002 200
33003 200
33004 200
33005 404
33006 200
33007 200
33008 200
33009 200
33010 200
33011 200
33012 200
33013 200
33014 200
33015 200
33016 200
33017 404
33018 200
33019 200
33020 200
33021 200
33022 200
33023 200
33024 404
33025 200
33026 404
33027 200
33028 200
33029 200
33030 200
33031 200
33032 200
33033 200
33034 200
33035 200
33036 200
33037 200
33038 200
33039 404
33040 200
33041 200
33042 200
33043 200
33044 200
33045 200
33046 200
33047 200
33048 200
33049 200
33050 200
33051 200
33052 200
33053 200
33054 200
33055 200
33056 200
33057 404
33058 200
33059 200
33060 200
33061 404
33062 200
33063 200
33064 404
33065 200
33066 200
33067 200
33068 200
33069 200
33070 200
33071 200
33072 200
33073 200
33074 200
33075 200
33076 200
33077 200
33078 200
33079 200
33080 200
33081 200
33082 200
33083 200
33084 200
33085 200
33086 404
33087 200
33088 200
33089 200
33090 200
33091 200
33092 404
33093 200
33094 403
33095 200
33096 200
33097 404
33098 200
33099 200
33100 200
33101 200
33102 200
33103 200
33104 200
33105 200
33106 200
33107 200
33108 200
33109 200
33110 200
33111 404
33112 200
33113 404
33114 200
33115 404
33116 200
33117 200
33118 200
33119 403
33120 200
33121 200
33122 200
33123 200
33124 404
33125 200
33126 200
33127 200
33128 200
33129 200
33130 200
33131 200
33132 200
33133 200
33134 403
33135 200
33136 200
33137 200
33138 403
33139 200
33140 200
33141 200
33142 200
33143 200
33144 200
33145 200
33146 200
33147 200
33148 403
33149 200
33150 200
33151 404
33152 200
33153 404
33154 404
33155 200
33156 404
33157 404
33158 200
33159 200
33160 200
33161 200
33162 200
33163 200
33164 200
33165 404
33166 200
33167 404
33168 200
33169 404
33170 200
33171 200
33172 200
33173 200
33174 200
33175 200
33176 403
33177 404
33178 200
33179 200
33180 200
33181 200
33182 200
33183 200
33184 200
33185 404
33186 200
33187 200
33188 200
33189 200
33190 200
33191 200
33192 200
33193 200
33194 200
33195 200
33196 200
33197 200
33198 200
33199 200
33200 200
33201 404
33202 200
33203 200
33204 200
33205 200
33206 200
33207 200
33208 200
33209 200
33210 200
33211 200
33212 200
33213 200
33214 200
33215 200
33216 200
33217 200
33218 404
33219 200
33220 200
33221 200
33222 200
33223 200
33224 200
33225 200
33226 200
33227 200
33228 200
33229 200
33230 200
33231 200
33232 200
33233 404
33234 200
33235 200
33236 200
33237 200
33238 200
33239 200
33240 200
33241 200
33242 200
33243 404
33244 200
33245 200
33246 200
33247 200
33248 200
33249 200
33250 200
33251 200
33252 200
33253 403
33254 200
33255 200
33256 200
33257 200
33258 200
33259 200
33260 200
33261 200
33262 200
33263 200
33264 200
33265 200
33266 200
33267 404
33268 200
33269 200
33270 200
33271 200
33272 200
33273 200
33274 403
33275 200
33276 200
33277 200
33278 404
33279 200
33280 200
33281 200
33282 200
33283 200
33284 404
33285 200
33286 200
33287 200
33288 200
33289 200
33290 200
33291 200
33292 200
33293 200
33294 200
33295 200
33296 404
33297 200
33298 200
33299 200
33300 200
33301 200
33302 404
33303 200
33304 200
33305 200
33306 404
33307 200
33308 200
33309 200
33310 403
33311 200
33312 200
33313 404
33314 404
33315 200
33316 200
33317 200
33318 200
33319 200
33320 200
33321 200
33322 403
33323 200
33324 200
33325 200
33326 200
33327 200
33328 200
33329 200
33330 404
33331 404
33332 200
33333 404
33334 200
33335 200
33336 200
33337 200
33338 404
33339 200
33340 200
33341 200
33342 200
33343 200
33344 200
33345 200
33346 200
33347 200
33348 200
33349 200
33350 200
33351 200
33352 200
33353 200
33354 200
33355 404
33356 404
33357 200
33358 200
33359 200
33360 200
33361 200
33362 200
33363 200
33364 200
33365 200
33366 200
33367 200
33368 200
33369 200
33370 200
33371 200
33372 200
33373 200
33374 200
33375 200
33376 200
33377 200
33378 404
33379 404
33380 200
33381 200
33382 200
33383 200
33384 200
33385 404
33386 200
33387 200
33388 200
33389 200
33390 200
33391 200
33392 200
33393 200
33394 404
33395 200
33396 200
33397 200
33398 403
33399 200
33400 404
33401 403
33402 200
33403 200
33404 200
33405 404
33406 200
33407 200
33408 200
33409 200
33410 200
33411 404
33412 200
33413 404
33414 200
33415 200
33416 200
33417 200
33418 200
33419 200
33420 200
33421 200
33422 200
33423 200
33424 200
33425 200
33426 404
33427 200
33428 200
33429 404
33430 404
33431 200
33432 404
33433 200
33434 200
33435 200
33436 404
33437 200
33438 200
33439 200
33440 200
33441 200
33442 200
33443 200
33444 404
33445 200
33446 200
33447 200
33448 200
33449 200
33450 200
33451 200
33452 200
33453 200
33454 200
33455 404
33456 200
33457 200
33458 200
33459 200
33460 404
33461 200
33462 200
33463 200
33464 200
33465 200
33466 200
33467 200
33468 200
33469 200
33470 200
33471 404
33472 200
33473 200
33474 200
33475 200
33476 404
33477 200
33478 404
33479 200
33480 200
33481 200
33482 200
33483 200
33484 404
33485 200
33486 200
33487 200
33488 200
33489 404
33490 200
33491 200
33492 200
33493 200
33494 200
33495 200
33496 200
33497 200
33498 200
33499 200
33500 404
33501 200
33502 200
33503 404
33504 200
33505 403
33506 200
33507 200
33508 200
33509 200
33510 200
33511 200
33512 200
33513 200
33514 200
33515 200
33516 404
33517 200
33518 200
33519 200
33520 200
33521 200
33522 200
33523 200
33524 200
33525 200
33526 404
33527 404
33528 200
33529 403
33530 404
33531 200
33532 200
33533 200
33534 200
33535 200
33536 200
33537 404
33538 200
33539 200
33540 200
33541 200
33542 404
33543 200
33544 200
33545 200
33546 200
33547 200
33548 200
33549 404
33550 200
33551 200
33552 200
33553 200
33554 200
33555 200
33556 200
33557 200
33558 200
33559 404
33560 404
33561 200
33562 200
33563 200
33564 200
33565 404
33566 200
33567 200
33568 200
33569 200
33570 200
33571 200
33572 200
33573 200
33574 404
33575 200
33576 200
33577 200
33578 200
33579 200
33580 200
33581 200
33582 200
33583 404
33584 200
33585 200
33586 200
33587 200
33588 404
33589 404
33590 200
33591 200
33592 404
33593 200
33594 403
33595 200
33596 200
33597 404
33598 200
33599 200
33600 200
33601 200
33602 200
33603 200
33604 200
33605 200
33606 200
33607 200
33608 200
33609 200
33610 404
33611 200
33612 404
33613 200
33614 200
33615 200
33616 200
33617 200
33618 200
33619 200
33620 200
33621 200
33622 200
33623 200
33624 200
33625 200
33626 200
33627 200
33628 403
33629 200
33630 200
33631 200
33632 404
33633 200
33634 200
33635 200
33636 200
33637 200
33638 200
33639 200
33640 200
33641 200
33642 200
33643 200
33644 200
33645 200
33646 200
33647 200
33648 200
33649 404
33650 200
33651 404
33652 200
33653 200
33654 200
33655 200
33656 200
33657 200
33658 200
33659 200
33660 404
33661 200
33662 200
33663 200
33664 404
33665 200
33666 200
33667 200
33668 200
33669 404
33670 200
33671 404
33672 200
33673 200
33674 200
33675 200
33676 200
33677 200
33678 200
33679 200
33680 200
33681 200
33682 200
33683 200
33684 200
33685 200
33686 200
33687 200
33688 200
33689 200
33690 200
33691 200
33692 403
33693 200
33694 200
33695 200
33696 200
33697 200
33698 200
33699 404
33700 200
33701 200
33702 404
33703 200
33704 200
33705 200
33706 200
33707 404
33708 200
33709 200
33710 200
33711 404
33712 404
33713 404
33714 200
33715 200
33716 200
33717 200
33718 404
33719 200
33720 403
33721 200
33722 200
33723 200
33724 200
33725 200
33726 200
33727 404
33728 404
33729 200
33730 200
33731 200
33732 200
33733 200
33734 200
33735 200
33736 200
33737 200
33738 200
33739 200
33740 200
33741 200
33742 200
33743 200
33744 404
33745 403
33746 403
33747 404
33748 200
33749 200
33750 200
33751 200
33752 200
33753 200
33754 200
33755 200
33756 200
33757 404
33758 404
33759 200
33760 404
33761 200
33762 404
33763 200
33764 200
33765 200
33766 200
33767 200
33768 403
33769 200
33770 200
33771 404
33772 403
33773 200
33774 200
33775 200
33776 200
33777 200
33778 200
33779 404
33780 200
33781 404
33782 200
33783 200
33784 200
33785 200
33786 200
33787 403
33788 200
33789 200
33790 200
33791 404
33792 200
33793 200
33794 200
33795 404
33796 200
33797 200
33798 403
33799 200
33800 200
33801 200
33802 200
33803 200
33804 200
33805 200
33806 200
33807 200
33808 200
33809 200
33810 200
33811 404
33812 200
33813 200
33814 403
33815 200
33816 200
33817 200
33818 200
33819 404
33820 200
33821 404
33822 200
33823 404
33824 200
33825 404
33826 200
33827 200
33828 200
33829 404
33830 200
33831 200
33832 404
33833 200
33834 404
33835 200
33836 404
33837 200
33838 200
33839 200
33840 200
33841 404
33842 200
33843 200
33844 200
33845 200
33846 200
33847 200
33848 200
33849 200
33850 404
33851 404
33852 200
33853 200
33854 200
33855 404
33856 200
33857 404
33858 404
33859 403
33860 200
33861 404
33862 200
33863 200
33864 200
33865 200
33866 200
33867 200
33868 200
33869 200
33870 200
33871 200
33872 200
33873 200
33874 404
33875 404
33876 200
33877 404
33878 200
33879 404
33880 200
33881 200
33882 200
33883 200
33884 200
33885 200
33886 200
33887 403
33888 200
33889 200
33890 403
33891 200
33892 200
33893 404
33894 404
33895 200
33896 200
33897 200
33898 404
33899 200
33900 200
33901 200
33902 200
33903 200
33904 404
33905 200
33906 200
33907 200
33908 200
33909 200
33910 200
33911 200
33912 200
33913 200
33914 404
33915 200
33916 200
33917 200
33918 200
33919 200
33920 200
33921 404
33922 200
33923 200
33924 404
33925 200
33926 200
33927 200
33928 200
33929 200
33930 200
33931 200
33932 404
33933 200
33934 200
33935 200
33936 200
33937 200
33938 200
33939 200
33940 200
33941 200
33942 404
33943 200
33944 200
33945 200
33946 200
33947 200
33948 200
33949 200
33950 200
33951 200
33952 404
33953 200
33954 200
33955 200
33956 200
33957 403
33958 200
33959 200
33960 200
33961 200
33962 200
33963 200
33964 200
33965 200
33966 200
33967 200
33968 200
33969 200
33970 200
33971 200
33972 200
33973 200
33974 200
33975 200
33976 200
33977 404
33978 200
33979 200
33980 403
33981 200
33982 200
33983 200
33984 200
33985 200
33986 200
33987 200
33988 200
33989 404
33990 200
33991 200
33992 200
33993 200
33994 200
33995 200
33996 403
33997 200
33998 200
33999 200
34000 200
34001 200
34002 200
34003 200
34004 200
34005 200
34006 200
34007 200
34008 200
34009 200
34010 200
34011 404
34012 200
34013 200
34014 404
34015 200
34016 200
34017 200
34018 200
34019 200
34020 200
34021 200
34022 200
34023 200
34024 200
34025 200
34026 200
34027 200
34028 200
34029 200
34030 200
34031 200
34032 200
34033 200
34034 200
34035 404
34036 200
34037 200
34038 403
34039 200
34040 200
34041 200
34042 200
34043 200
34044 404
34045 200
34046 200
34047 200
34048 200
34049 200
34050 404
34051 200
34052 200
34053 200
34054 200
34055 404
34056 200
34057 200
34058 200
34059 200
34060 200
34061 200
34062 200
34063 200
34064 404
34065 404
34066 200
34067 200
34068 200
34069 200
34070 200
34071 200
34072 404
34073 200
34074 200
34075 200
34076 403
34077 200
34078 200
34079 200
34080 404
34081 200
34082 200
34083 200
34084 200
34085 200
34086 200
34087 200
34088 200
34089 404
34090 200
34091 200
34092 200
34093 200
34094 200
34095 200
34096 200
34097 200
34098 200
34099 200
34100 200
34101 200
34102 404
34103 200
34104 200
34105 200
34106 404
34107 200
34108 200
34109 200
34110 200
34111 200
34112 200
34113 200
34114 200
34115 200
34116 200
34117 200
34118 200
34119 200
34120 200
34121 200
34122 200
34123 200
34124 404
34125 200
34126 200
34127 200
34128 200
34129 200
34130 403
34131 200
34132 404
34133 200
34134 200
34135 200
34136 200
34137 200
34138 200
34139 200
34140 403
34141 200
34142 404
34143 200
34144 200
34145 200
34146 200
34147 200
34148 200
34149 200
34150 403
34151 200
34152 200
34153 200
34154 200
34155 200
34156 200
34157 200
34158 200
34159 200
34160 200
34161 200
34162 200
34163 200
34164 404
34165 200
34166 200
34167 200
34168 200
34169 200
34170 200
34171 200
34172 200
34173 200
34174 200
34175 200
34176 200
34177 200
34178 404
34179 200
34180 200
34181 200
34182 200
34183 200
34184 200
34185 200
34186 200
34187 200
34188 200
34189 200
34190 200
34191 200
34192 200
34193 200
34194 200
34195 200
34196 200
34197 200
34198 200
34199 403
34200 200
34201 200
34202 200
34203 200
34204 200
34205 200
34206 200
34207 200
34208 200
34209 200
34210 200
34211 200
34212 200
34213 200
34214 200
34215 200
34216 200
34217 404
34218 404
34219 200
34220 200
34221 200
34222 200
34223 200
34224 200
34225 200
34226 200
34227 200
34228 200
34229 200
34230 200
34231 200
34232 200
34233 200
34234 200
34235 200
34236 200
34237 200
34238 404
34239 404
34240 403
34241 200
34242 404
34243 200
34244 404
34245 403
34246 200
34247 200
34248 200
34249 200
34250 200
34251 404
34252 200
34253 200
34254 200
34255 200
34256 200
34257 200
34258 200
34259 200
34260 200
34261 404
34262 200
34263 200
34264 200
34265 200
34266 200
34267 200
34268 200
34269 200
34270 200
34271 200
34272 200
34273 200
34274 404
34275 200
34276 403
34277 200
34278 200
34279 200
34280 200
34281 200
34282 200
34283 200
34284 200
34285 403
34286 404
34287 200
34288 200
34289 200
34290 404
34291 200
34292 200
34293 200
34294 200
34295 200
34296 404
34297 200
34298 404
34299 200
34300 200
34301 200
34302 404
34303 200
34304 404
34305 200
34306 200
34307 200
34308 200
34309 200
34310 200
34311 200
34312 200
34313 200
34314 200
34315 200
34316 403
34317 200
34318 200
34319 200
34320 200
34321 200
34322 200
34323 200
34324 404
34325 200
34326 200
34327 200
34328 200
34329 200
34330 200
34331 200
34332 200
34333 200
34334 200
34335 403
34336 200
34337 200
34338 200
34339 200
34340 200
34341 200
34342 200
34343 200
34344 200
34345 404
34346 200
34347 200
34348 200
34349 200
34350 200
34351 200
34352 200
34353 200
34354 200
34355 200
34356 200
34357 200
34358 403
34359 200
34360 200
34361 404
34362 200
34363 200
34364 200
34365 200
34366 200
34367 200
34368 200
34369 404
34370 200
34371 200
34372 200
34373 200
34374 200
34375 404
34376 200
34377 200
34378 404
34379 403
34380 200
34381 200
34382 200
34383 200
34384 404
34385 404
34386 403
34387 200
34388 200
34389 200
34390 200
34391 404
34392 404
34393 200
34394 200
34395 200
34396 200
34397 200
34398 404
34399 404
34400 200
34401 200
34402 200
34403 200
34404 200
34405 200
34406 200
34407 404
34408 200
34409 200
34410 200
34411 403
34412 200
34413 200
34414 404
34415 200
34416 200
34417 200
34418 200
34419 200
34420 200
34421 200
34422 200
34423 200
34424 200
34425 200
34426 200
34427 200
34428 200
34429 404
34430 200
34431 200
34432 404
34433 404
34434 200
34435 404
34436 200
34437 200
34438 200
34439 200
34440 200
34441 200
34442 200
34443 200
34444 403
34445 200
34446 200
34447 200
34448 404
34449 200
34450 200
34451 200
34452 200
34453 200
34454 200
34455 200
34456 404
34457 404
34458 200
34459 404
34460 200
34461 404
34462 200
34463 200
34464 200
34465 200
34466 200
34467 200
34468 200
34469 200
34470 404
34471 200
34472 200
34473 200
34474 403
34475 200
34476 200
34477 200
34478 404
34479 403
34480 200
34481 200
34482 403
34483 200
34484 200
34485 200
34486 200
34487 200
34488 404
34489 200
34490 200
34491 200
34492 200
34493 200
34494 200
34495 200
34496 200
34497 200
34498 200
34499 200
34500 200
34501 200
34502 403
34503 200
34504 200
34505 200
34506 404
34507 200
34508 403
34509 200
34510 200
34511 200
34512 200
34513 200
34514 200
34515 200
34516 200
34517 404
34518 200
34519 403
34520 200
34521 200
34522 404
34523 404
34524 200
34525 200
34526 200
34527 403
34528 200
34529 200
34530 200
34531 404
34532 200
34533 200
34534 404
34535 200
34536 200
34537 200
34538 200
34539 200
34540 404
34541 200
34542 200
34543 200
34544 403
34545 200
34546 200
34547 404
34548 200
34549 200
34550 200
34551 200
34552 200
34553 200
34554 404
34555 200
34556 200
34557 404
34558 200
34559 200
34560 200
34561 404
34562 403
34563 200
34564 200
34565 403
34566 200
34567 200
34568 200
34569 200
34570 200
34571 200
34572 200
34573 200
34574 200
34575 200
34576 200
34577 200
34578 200
34579 404
34580 200
34581 200
34582 200
34583 200
34584 200
34585 404
34586 200
34587 200
34588 200
34589 404
34590 200
34591 200
34592 200
34593 404
34594 404
34595 404
34596 200
34597 200
34598 200
34599 200
34600 200
34601 404
34602 200
34603 403
34604 200
34605 200
34606 200
34607 200
34608 200
34609 200
34610 200
34611 200
34612 200
34613 200
34614 404
34615 200
34616 404
34617 200
34618 200
34619 200
34620 200
34621 200
34622 404
34623 200
34624 200
34625 404
34626 404
34627 404
34628 200
34629 200
34630 200
34631 200
34632 200
34633 200
34634 200
34635 200
34636 200
34637 200
34638 200
34639 200
34640 404
34641 200
34642 200
34643 200
34644 200
34645 200
34646 200
34647 200
34648 404
34649 200
34650 200
34651 200
34652 200
34653 200
34654 200
34655 200
34656 200
34657 200
34658 200
34659 404
34660 200
34661 200
34662 200
34663 200
34664 200
34665 404
34666 200
34667 200
34668 200
34669 404
34670 200
34671 200
34672 404
34673 200
34674 200
34675 200
34676 404
34677 200
34678 200
34679 200
34680 200
34681 200
34682 200
34683 404
34684 200
34685 200
34686 404
34687 200
34688 404
34689 200
34690 200
34691 403
34692 200
34693 404
34694 200
34695 200
34696 200
34697 200
34698 200
34699 200
34700 200
34701 200
34702 200
34703 200
34704 200
34705 200
34706 404
34707 200
34708 200
34709 404
34710 200
34711 200
34712 200
34713 200
34714 404
34715 403
34716 200
34717 200
34718 403
34719 200
34720 404
34721 404
34722 200
34723 404
34724 200
34725 403
34726 200
34727 404
34728 200
34729 200
34730 200
34731 404
34732 200
34733 200
34734 200
34735 200
34736 200
34737 200
34738 404
34739 200
34740 200
34741 403
34742 200
34743 200
34744 200
34745 200
34746 200
34747 200
34748 200
34749 404
34750 200
34751 200
34752 200
34753 200
34754 200
34755 404
34756 200
34757 200
34758 200
34759 200
34760 200
34761 200
34762 200
34763 200
34764 200
34765 404
34766 200
34767 200
34768 200
34769 404
34770 200
34771 200
34772 404
34773 200
34774 200
34775 200
34776 200
34777 200
34778 200
34779 200
34780 404
34781 200
34782 200
34783 200
34784 200
34785 200
34786 200
34787 200
34788 200
34789 200
34790 200
34791 404
34792 200
34793 200
34794 200
34795 200
34796 200
34797 200
34798 404
34799 200
34800 200
34801 200
34802 404
34803 200
34804 200
34805 404
34806 200
34807 200
34808 200
34809 200
34810 200
34811 200
34812 404
34813 200
34814 200
34815 200
34816 200
34817 200
34818 404
34819 200
34820 200
34821 404
34822 200
34823 404
34824 200
34825 200
34826 200
34827 200
34828 200
34829 200
34830 403
34831 200
34832 200
34833 200
34834 403
34835 404
34836 404
34837 200
34838 200
34839 200
34840 200
34841 403
34842 403
34843 200
34844 200
34845 200
34846 200
34847 404
34848 200
34849 200
34850 200
34851 200
34852 200
34853 404
34854 200
34855 200
34856 200
34857 200
34858 200
34859 200
34860 404
34861 200
34862 200
34863 200
34864 200
34865 404
34866 200
34867 200
34868 200
34869 404
34870 200
34871 200
34872 200
34873 200
34874 403
34875 404
34876 200
34877 404
34878 200
34879 200
34880 200
34881 200
34882 404
34883 200
34884 200
34885 200
34886 200
34887 200
34888 404
34889 200
34890 200
34891 200
34892 404
34893 403
34894 200
34895 200
34896 200
34897 200
34898 200
34899 200
34900 200
34901 200
34902 200
34903 200
34904 404
34905 200
34906 200
34907 200
34908 404
34909 200
34910 403
34911 200
34912 200
34913 200
34914 200
34915 200
34916 200
34917 200
34918 200
34919 200
34920 200
34921 200
34922 200
34923 403
34924 404
34925 200
34926 200
34927 200
34928 200
34929 200
34930 200
34931 200
34932 200
34933 200
34934 200
34935 404
34936 200
34937 200
34938 200
34939 200
34940 403
34941 200
34942 200
34943 200
34944 200
34945 200
34946 200
34947 200
34948 200
34949 200
34950 200
34951 403
34952 404
34953 200
34954 200
34955 404
34956 200
34957 200
34958 200
34959 200
34960 200
34961 200
34962 200
34963 404
34964 403
34965 200
34966 200
34967 200
34968 200
34969 200
34970 200
34971 200
34972 200
34973 200
34974 200
34975 200
34976 200
34977 404
34978 200
34979 200
34980 200
34981 200
34982 404
34983 200
34984 200
34985 200
34986 200
34987 403
34988 200
34989 200
34990 404
34991 200
34992 404
34993 200
34994 200
34995 200
34996 200
34997 200
34998 403
34999 200
35000 404
35001 200
35002 200
35003 200
35004 200
35005 200
35006 404
35007 200
35008 200
35009 200
35010 200
35011 200
35012 404
35013 200
35014 200
35015 200
35016 200
35017 200
35018 200
35019 404
35020 403
35021 200
35022 200
35023 404
35024 200
35025 200
35026 200
35027 200
35028 200
35029 200
35030 404
35031 200
35032 200
35033 200
35034 200
35035 200
35036 200
35037 200
35038 200
35039 200
35040 200
35041 200
35042 200
35043 404
35044 200
35045 200
35046 200
35047 200
35048 200
35049 200
35050 200
35051 404
35052 200
35053 200
35054 200
35055 200
35056 200
35057 404
35058 200
35059 200
35060 200
35061 200
35062 200
35063 200
35064 404
35065 200
35066 200
35067 200
35068 200
35069 200
35070 404
35071 404
35072 200
35073 200
35074 200
35075 200
35076 200
35077 200
35078 200
35079 200
35080 200
35081 200
35082 200
35083 200
35084 200
35085 200
35086 200
35087 200
35088 404
35089 200
35090 404
35091 200
35092 200
35093 200
35094 200
35095 200
35096 404
35097 200
35098 200
35099 404
35100 200
35101 200
35102 200
35103 404
35104 200
35105 200
35106 200
35107 200
35108 200
35109 200
35110 200
35111 404
35112 200
35113 200
35114 200
35115 200
35116 200
35117 200
35118 404
35119 200
35120 404
35121 200
35122 200
35123 200
35124 200
35125 200
35126 200
35127 200
35128 200
35129 200
35130 200
35131 200
35132 404
35133 200
35134 200
35135 200
35136 200
35137 200
35138 200
35139 200
35140 200
35141 200
35142 200
35143 200
35144 200
35145 200
35146 200
35147 200
35148 200
35149 404
35150 200
35151 200
35152 200
35153 200
35154 403
35155 200
35156 200
35157 200
35158 200
35159 200
35160 200
35161 200
35162 200
35163 404
35164 200
35165 200
35166 200
35167 200
35168 200
35169 200
35170 404
35171 200
35172 200
35173 200
35174 200
35175 200
35176 200
35177 200
35178 200
35179 200
35180 404
35181 200
35182 200
35183 200
35184 200
35185 200
35186 200
35187 200
35188 200
35189 200
35190 200
35191 200
35192 200
35193 200
35194 404
35195 200
35196 200
35197 404
35198 200
35199 200
35200 200
35201 404
35202 200
35203 200
35204 200
35205 200
35206 200
35207 200
35208 200
35209 200
35210 404
35211 404
35212 404
35213 200
35214 200
35215 200
35216 200
35217 200
35218 200
35219 200
35220 200
35221 200
35222 200
35223 200
35224 200
35225 200
35226 200
35227 200
35228 404
35229 200
35230 200
35231 200
35232 200
35233 200
35234 200
35235 200
35236 404
35237 404
35238 200
35239 200
35240 404
35241 200
35242 200
35243 200
35244 200
35245 200
35246 200
35247 200
35248 200
35249 200
35250 200
35251 200
35252 200
35253 200
35254 200
35255 404
35256 404
35257 200
35258 200
35259 200
35260 200
35261 200
35262 200
35263 200
35264 200
35265 200
35266 200
35267 403
35268 200
35269 200
35270 200
35271 200
35272 200
35273 200
35274 200
35275 200
35276 200
35277 200
35278 200
35279 404
35280 200
35281 200
35282 200
35283 200
35284 200
35285 200
35286 200
35287 200
35288 200
35289 200
35290 200
35291 200
35292 200
35293 200
35294 200
35295 403
35296 200
35297 200
35298 200
35299 200
35300 200
35301 200
35302 200
35303 200
35304 200
35305 200
35306 200
35307 200
35308 404
35309 404
35310 200
35311 200
35312 404
35313 200
35314 200
35315 200
35316 200
35317 200
35318 404
35319 200
35320 200
35321 200
35322 403
35323 200
35324 200
35325 404
35326 200
35327 200
35328 200
35329 200
35330 200
35331 200
35332 200
35333 200
35334 200
35335 404
35336 200
35337 200
35338 200
35339 404
35340 200
35341 404
35342 200
35343 200
35344 200
35345 404
35346 403
35347 200
35348 200
35349 200
35350 200
35351 200
35352 200
35353 200
35354 200
35355 200
35356 200
35357 200
35358 200
35359 200
35360 200
35361 200
35362 200
35363 404
35364 200
35365 200
35366 403
35367 200
35368 200
35369 200
35370 200
35371 200
35372 404
35373 200
35374 200
35375 200
35376 200
35377 404
35378 200
35379 200
35380 403
35381 200
35382 200
35383 200
35384 200
35385 200
35386 404
35387 200
35388 200
35389 200
35390 200
35391 404
35392 200
35393 200
35394 200
35395 200
35396 200
35397 200
35398 404
35399 200
35400 200
35401 404
35402 200
35403 200
35404 403
35405 200
35406 200
35407 200
35408 200
35409 200
35410 403
35411 200
35412 404
35413 200
35414 200
35415 200
35416 200
35417 200
35418 200
35419 200
35420 200
35421 200
35422 200
35423 404
35424 200
35425 200
35426 200
35427 200
35428 200
35429 200
35430 200
35431 200
35432 200
35433 200
35434 404
35435 200
35436 200
35437 200
35438 200
35439 404
35440 200
35441 200
35442 200
35443 200
35444 200
35445 200
35446 200
35447 200
35448 200
35449 200
35450 200
35451 200
35452 200
35453 404
35454 200
35455 200
35456 403
35457 200
35458 404
35459 200
35460 200
35461 200
35462 200
35463 200
35464 200
35465 200
35466 200
35467 200
35468 404
35469 200
35470 200
35471 404
35472 404
35473 200
35474 200
35475 404
35476 200
35477 200
35478 200
35479 200
35480 404
35481 404
35482 200
35483 200
35484 200
35485 200
35486 200
35487 404
35488 200
35489 200
35490 200
35491 200
35492 200
35493 200
35494 404
35495 200
35496 200
35497 200
35498 200
35499 200
35500 200
35501 200
35502 200
35503 200
35504 200
35505 403
35506 200
35507 200
35508 404
35509 200
35510 200
35511 404
35512 404
35513 200
35514 200
35515 200
35516 200
35517 200
35518 200
35519 200
35520 200
35521 200
35522 404
35523 200
35524 200
35525 200
35526 200
35527 200
35528 200
35529 200
35530 404
35531 200
35532 200
35533 200
35534 200
35535 200
35536 200
35537 404
35538 404
35539 200
35540 200
35541 200
35542 200
35543 200
35544 200
35545 200
35546 200
35547 200
35548 200
35549 200
35550 200
35551 200
35552 200
35553 200
35554 200
35555 404
35556 200
35557 404
35558 200
35559 200
35560 200
35561 200
35562 200
35563 404
35564 200
35565 200
35566 200
35567 404
35568 200
35569 200
35570 200
35571 200
35572 200
35573 404
35574 200
35575 200
35576 200
35577 200
35578 404
35579 404
35580 200
35581 200
35582 200
35583 404
35584 200
35585 200
35586 200
35587 200
35588 200
35589 200
35590 200
35591 404
35592 404
35593 200
35594 200
35595 404
35596 200
35597 200
35598 404
35599 200
35600 200
35601 200
35602 200
35603 200
35604 403
35605 200
35606 404
35607 403
35608 404
35609 404
35610 200
35611 200
35612 200
35613 403
35614 200
35615 200
35616 200
35617 200
35618 200
35619 200
35620 200
35621 200
35622 200
35623 200
35624 200
35625 200
35626 200
35627 200
35628 200
35629 200
35630 200
35631 200
35632 403
35633 200
35634 200
35635 200
35636 200
35637 200
35638 200
35639 200
35640 200
35641 403
35642 404
35643 403
35644 404
35645 200
35646 200
35647 200
35648 200
35649 200
35650 200
35651 200
35652 200
35653 200
35654 404
35655 200
35656 200
35657 200
35658 200
35659 200
35660 200
35661 200
35662 404
35663 200
35664 200
35665 200
35666 200
35667 200
35668 200
35669 200
35670 200
35671 200
35672 404
35673 404
35674 200
35675 200
35676 200
35677 404
35678 200
35679 200
35680 200
35681 404
35682 403
35683 404
35684 200
35685 200
35686 200
35687 200
35688 200
35689 200
35690 404
35691 200
35692 200
35693 200
35694 200
35695 200
35696 200
35697 200
35698 404
35699 200
35700 200
35701 200
35702 200
35703 200
35704 200
35705 200
35706 200
35707 200
35708 404
35709 200
35710 200
35711 200
35712 404
35713 200
35714 200
35715 200
35716 200
35717 404
35718 200
35719 404
35720 200
35721 200
35722 404
35723 200
35724 200
35725 200
35726 200
35727 200
35728 200
35729 404
35730 404
35731 200
35732 200
35733 200
35734 200
35735 404
35736 200
35737 200
35738 200
35739 200
35740 200
35741 200
35742 200
35743 200
35744 200
35745 200
35746 200
35747 200
35748 200
35749 200
35750 200
35751 200
35752 200
35753 200
35754 200
35755 200
35756 404
35757 200
35758 200
35759 200
35760 200
35761 403
35762 200
35763 200
35764 200
35765 200
35766 200
35767 404
35768 200
35769 200
35770 200
35771 200
35772 200
35773 200
35774 200
35775 200
35776 200
35777 200
35778 403
35779 200
35780 200
35781 200
35782 200
35783 200
35784 200
35785 200
35786 200
35787 200
35788 200
35789 200
35790 200
35791 404
35792 200
35793 403
35794 403
35795 200
35796 200
35797 200
35798 200
35799 404
35800 200
35801 200
35802 200
35803 200
35804 200
35805 200
35806 404
35807 403
35808 404
35809 200
35810 200
35811 200
35812 200
35813 200
35814 200
35815 200
35816 200
35817 200
35818 404
35819 200
35820 200
35821 200
35822 200
35823 200
35824 200
35825 200
35826 200
35827 200
35828 200
35829 200
35830 200
35831 200
35832 200
35833 403
35834 200
35835 200
35836 200
35837 200
35838 200
35839 200
35840 200
35841 200
35842 200
35843 404
35844 200
35845 200
35846 200
35847 200
35848 200
35849 403
35850 200
35851 200
35852 200
35853 200
35854 404
35855 200
35856 200
35857 200
35858 404
35859 404
35860 200
35861 200
35862 200
35863 404
35864 200
35865 200
35866 404
35867 200
35868 200
35869 200
35870 200
35871 404
35872 200
35873 200
35874 200
35875 200
35876 200
35877 200
35878 403
35879 200
35880 200
35881 200
35882 200
35883 200
35884 200
35885 200
35886 200
35887 200
35888 200
35889 200
35890 200
35891 200
35892 200
35893 200
35894 200
35895 200
35896 404
35897 200
35898 200
35899 404
35900 200
35901 200
35902 200
35903 200
35904 200
35905 404
35906 200
35907 200
35908 200
35909 200
35910 404
35911 200
35912 200
35913 404
35914 200
35915 200
35916 404
35917 200
35918 200
35919 404
35920 200
35921 200
35922 200
35923 404
35924 200
35925 200
35926 200
35927 200
35928 200
35929 200
35930 200
35931 200
35932 200
35933 200
35934 404
35935 404
35936 200
35937 404
35938 404
35939 200
35940 200
35941 200
35942 200
35943 404
35944 200
35945 200
35946 200
35947 200
35948 200
35949 200
35950 404
35951 200
35952 200
35953 200
35954 200
35955 200
35956 200
35957 200
35958 200
35959 200
35960 404
35961 200
35962 200
35963 200
35964 200
35965 200
35966 200
35967 200
35968 200
35969 200
35970 200
35971 200
35972 200
35973 200
35974 200
35975 200
35976 200
35977 200
35978 200
35979 200
35980 200
35981 200
35982 200
35983 404
35984 200
35985 200
35986 200
35987 404
35988 200
35989 200
35990 200
35991 200
35992 404
35993 200
35994 404
35995 200
35996 404
35997 200
35998 200
35999 200
36000 200
36001 200
36002 200
36003 404
36004 200
36005 200
36006 404
36007 200
36008 404
36009 200
36010 200
36011 404
36012 200
36013 200
36014 200
36015 403
36016 200
36017 200
36018 200
36019 404
36020 200
36021 200
36022 200
36023 200
36024 200
36025 200
36026 200
36027 403
36028 200
36029 404
36030 200
36031 200
36032 200
36033 200
36034 404
36035 200
36036 200
36037 200
36038 200
36039 404
36040 200
36041 200
36042 404
36043 200
36044 200
36045 200
36046 200
36047 200
36048 200
36049 200
36050 404
36051 200
36052 200
36053 200
36054 404
36055 404
36056 200
36057 200
36058 200
36059 200
36060 200
36061 200
36062 200
36063 200
36064 200
36065 404
36066 200
36067 200
36068 404
36069 200
36070 200
36071 404
36072 200
36073 200
36074 200
36075 200
36076 200
36077 200
36078 200
36079 200
36080 200
36081 404
36082 200
36083 200
36084 200
36085 200
36086 200
36087 404
36088 200
36089 200
36090 200
36091 404
36092 200
36093 200
36094 200
36095 403
36096 200
36097 200
36098 200
36099 200
36100 200
36101 200
36102 200
36103 200
36104 200
36105 200
36106 200
36107 200
36108 200
36109 404
36110 404
36111 200
36112 200
36113 200
36114 200
36115 200
36116 200
36117 200
36118 200
36119 200
36120 200
36121 200
36122 200
36123 200
36124 404
36125 200
36126 200
36127 200
36128 200
36129 200
36130 200
36131 200
36132 200
36133 200
36134 200
36135 200
36136 200
36137 200
36138 200
36139 200
36140 200
36141 200
36142 200
36143 404
36144 200
36145 200
36146 404
36147 200
36148 200
36149 200
36150 200
36151 200
36152 200
36153 404
36154 404
36155 200
36156 404
36157 404
36158 200
36159 200
36160 200
36161 404
36162 200
36163 200
36164 200
36165 200
36166 404
36167 200
36168 200
36169 200
36170 200
36171 404
36172 200
36173 200
36174 200
36175 404
36176 200
36177 200
36178 200
36179 200
36180 200
36181 200
36182 200
36183 404
36184 404
36185 200
36186 200
36187 200
36188 200
36189 200
36190 200
36191 200
36192 200
36193 200
36194 200
36195 404
36196 200
36197 200
36198 200
36199 404
36200 200
36201 200
36202 404
36203 200
36204 200
36205 200
36206 200
36207 200
36208 200
36209 404
36210 200
36211 200
36212 404
36213 200
36214 200
36215 200
36216 404
36217 200
36218 404
36219 200
36220 404
36221 200
36222 200
36223 200
36224 404
36225 200
36226 200
36227 404
36228 200
36229 200
36230 200
36231 404
36232 200
36233 403
36234 200
36235 200
36236 200
36237 404
36238 404
36239 200
36240 200
36241 200
36242 200
36243 200
36244 200
36245 200
36246 200
36247 200
36248 200
36249 200
36250 200
36251 200
36252 404
36253 200
36254 200
36255 200
36256 200
36257 200
36258 200
36259 200
36260 200
36261 200
36262 200
36263 200
36264 404
36265 200
36266 200
36267 403
36268 200
36269 200
36270 404
36271 200
36272 200
36273 200
36274 200
36275 200
36276 404
36277 200
36278 200
36279 403
36280 200
36281 200
36282 404
36283 200
36284 404
36285 200
36286 200
36287 200
36288 200
36289 404
36290 200
36291 200
36292 404
36293 200
36294 404
36295 200
36296 200
36297 200
36298 200
36299 200
36300 200
36301 200
36302 200
36303 200
36304 200
36305 404
36306 200
36307 200
36308 200
36309 200
36310 200
36311 200
36312 404
36313 200
36314 200
36315 200
36316 200
36317 404
36318 200
36319 200
36320 200
36321 200
36322 200
36323 200
36324 200
36325 404
36326 200
36327 404
36328 200
36329 200
36330 200
36331 200
36332 200
36333 200
36334 200
36335 200
36336 404
36337 200
36338 200
36339 404
36340 200
36341 200
36342 200
36343 200
36344 200
36345 200
36346 200
36347 200
36348 200
36349 404
36350 200
36351 200
36352 200
36353 200
36354 403
36355 200
36356 200
36357 200
36358 404
36359 404
36360 200
36361 200
36362 200
36363 200
36364 200
36365 200
36366 404
36367 200
36368 200
36369 200
36370 200
36371 200
36372 404
36373 200
36374 200
36375 200
36376 404
36377 404
36378 200
36379 200
36380 200
36381 200
36382 200
36383 404
36384 200
36385 200
36386 200
36387 200
36388 200
36389 200
36390 200
36391 200
36392 200
36393 404
36394 404
36395 200
36396 200
36397 200
36398 200
36399 404
36400 200
36401 200
36402 200
36403 200
36404 200
36405 200
36406 200
36407 200
36408 404
36409 200
36410 200
36411 200
36412 200
36413 200
36414 200
36415 403
36416 404
36417 200
36418 200
36419 200
36420 200
36421 200
36422 200
36423 200
36424 200
36425 200
36426 200
36427 200
36428 200
36429 200
36430 200
36431 200
36432 200
36433 200
36434 200
36435 404
36436 200
36437 200
36438 200
36439 200
36440 403
36441 200
36442 200
36443 200
36444 200
36445 200
36446 404
36447 200
36448 200
36449 200
36450 403
36451 200
36452 200
36453 404
36454 200
36455 200
36456 200
36457 200
36458 200
36459 200
36460 200
36461 404
36462 200
36463 200
36464 200
36465 200
36466 200
36467 200
36468 200
36469 200
36470 403
36471 200
36472 200
36473 404
36474 200
36475 404
36476 200
36477 404
36478 200
36479 200
36480 200
36481 200
36482 200
36483 200
36484 404
36485 200
36486 404
36487 404
36488 403
36489 200
36490 200
36491 200
36492 200
36493 200
36494 403
36495 200
36496 200
36497 200
36498 200
36499 404
36500 200
36501 200
36502 200
36503 200
36504 200
36505 200
36506 200
36507 403
36508 200
36509 404
36510 404
36511 200
36512 200
36513 200
36514 200
36515 200
36516 200
36517 200
36518 200
36519 200
36520 200
36521 404
36522 200
36523 200
36524 200
36525 200
36526 200
36527 200
36528 200
36529 200
36530 404
36531 200
36532 200
36533 200
36534 200
36535 404
36536 200
36537 200
36538 200
36539 200
36540 200
36541 200
36542 200
36543 200
36544 200
36545 200
36546 200
36547 200
36548 200
36549 404
36550 200
36551 200
36552 200
36553 404
36554 200
36555 404
36556 200
36557 200
36558 200
36559 200
36560 200
36561 200
36562 200
36563 200
36564 200
36565 404
36566 200
36567 404
36568 200
36569 200
36570 200
36571 200
36572 200
36573 200
36574 404
36575 200
36576 200
36577 200
36578 200
36579 404
36580 200
36581 404
36582 200
36583 200
36584 200
36585 200
36586 200
36587 200
36588 200
36589 200
36590 404
36591 200
36592 200
36593 200
36594 200
36595 200
36596 200
36597 200
36598 200
36599 200
36600 403
36601 200
36602 200
36603 403
36604 200
36605 200
36606 200
36607 200
36608 200
36609 200
36610 404
36611 200
36612 200
36613 404
36614 200
36615 200
36616 200
36617 200
36618 404
36619 200
36620 200
36621 200
36622 200
36623 200
36624 404
36625 200
36626 200
36627 200
36628 200
36629 200
36630 200
36631 200
36632 200
36633 200
36634 200
36635 200
36636 200
36637 200
36638 200
36639 200
36640 200
36641 200
36642 200
36643 200
36644 200
36645 200
36646 200
36647 200
36648 200
36649 200
36650 404
36651 200
36652 200
36653 200
36654 404
36655 200
36656 200
36657 200
36658 200
36659 404
36660 200
36661 200
36662 200
36663 200
36664 200
36665 200
36666 200
36667 404
36668 200
36669 200
36670 200
36671 200
36672 200
36673 200
36674 200
36675 404
36676 200
36677 403
36678 404
36679 200
36680 200
36681 200
36682 200
36683 200
36684 200
36685 200
36686 404
36687 404
36688 404
36689 404
36690 200
36691 200
36692 200
36693 200
36694 200
36695 200
36696 200
36697 200
36698 404
36699 200
36700 200
36701 404
36702 200
36703 200
36704 404
36705 200
36706 200
36707 200
36708 200
36709 200
36710 200
36711 200
36712 200
36713 200
36714 200
36715 404
36716 200
36717 200
36718 200
36719 200
36720 403
36721 200
36722 200
36723 200
36724 200
36725 200
36726 200
36727 200
36728 404
36729 200
36730 200
36731 404
36732 200
36733 404
36734 200
36735 200
36736 404
36737 200
36738 200
36739 200
36740 200
36741 200
36742 200
36743 200
36744 200
36745 200
36746 200
36747 200
36748 200
36749 200
36750 200
36751 200
36752 200
36753 200
36754 404
36755 200
36756 403
36757 200
36758 404
36759 403
36760 200
36761 404
36762 200
36763 404
36764 200
36765 200
36766 200
36767 200
36768 403
36769 404
36770 200
36771 200
36772 200
36773 404
36774 200
36775 200
36776 200
36777 200
36778 200
36779 200
36780 200
36781 200
36782 404
36783 404
36784 404
36785 404
36786 404
36787 200
36788 200
36789 404
36790 404
36791 403
36792 200
36793 200
36794 200
36795 200
36796 200
36797 404
36798 200
36799 200
36800 200
36801 200
36802 200
36803 200
36804 200
36805 200
36806 200
36807 200
36808 200
36809 200
36810 200
36811 200
36812 200
36813 403
36814 200
36815 200
36816 200
36817 200
36818 200
36819 200
36820 404
36821 200
36822 200
36823 200
36824 200
36825 404
36826 200
36827 200
36828 403
36829 200
36830 200
36831 200
36832 404
36833 404
36834 200
36835 200
36836 200
36837 200
36838 404
36839 200
36840 200
36841 200
36842 200
36843 200
36844 404
36845 200
36846 404
36847 404
36848 404
36849 200
36850 200
36851 200
36852 200
36853 200
36854 200
36855 200
36856 200
36857 200
36858 404
36859 200
36860 200
36861 200
36862 403
36863 200
36864 200
36865 200
36866 200
36867 200
36868 200
36869 200
36870 200
36871 403
36872 200
36873 200
36874 404
36875 200
36876 200
36877 200
36878 200
36879 200
36880 404
36881 200
36882 200
36883 200
36884 200
36885 200
36886 200
36887 200
36888 200
36889 404
36890 200
36891 200
36892 200
36893 200
36894 200
36895 200
36896 200
36897 404
36898 200
36899 200
36900 200
36901 200
36902 200
36903 200
36904 200
36905 200
36906 403
36907 200
36908 200
36909 200
36910 200
36911 404
36912 200
36913 200
36914 200
36915 200
36916 200
36917 200
36918 404
36919 200
36920 200
36921 200
36922 404
36923 200
36924 200
36925 200
36926 200
36927 200
36928 404
36929 200
36930 200
36931 404
36932 404
36933 200
36934 200
36935 200
36936 200
36937 404
36938 200
36939 404
36940 200
36941 404
36942 200
36943 200
36944 200
36945 200
36946 200
36947 200
36948 200
36949 404
36950 404
36951 200
36952 200
36953 200
36954 403
36955 200
36956 200
36957 200
36958 200
36959 200
36960 200
36961 200
36962 200
36963 200
36964 200
36965 404
36966 200
36967 404
36968 200
36969 403
36970 404
36971 404
36972 200
36973 200
36974 200
36975 200
36976 200
36977 200
36978 404
36979 200
36980 404
36981 404
36982 200
36983 200
36984 200
36985 200
36986 200
36987 200
36988 200
36989 200
36990 403
36991 200
36992 200
36993 403
36994 200
36995 404
36996 200
36997 200
36998 200
36999 404
37000 200
37001 200
37002 200
37003 200
37004 200
37005 200
37006 200
37007 200
37008 200
37009 404
37010 200
37011 404
37012 200
37013 404
37014 200
37015 200
37016 200
37017 200
37018 404
37019 404
37020 200
37021 404
37022 200
37023 200
37024 200
37025 200
37026 404
37027 200
37028 200
37029 200
37030 200
37031 404
37032 200
37033 200
37034 200
37035 200
37036 200
37037 200
37038 404
37039 200
37040 404
37041 200
37042 200
37043 200
37044 200
37045 200
37046 200
37047 404
37048 200
37049 200
37050 200
37051 200
37052 200
37053 200
37054 403
37055 200
37056 200
37057 200
37058 200
37059 404
37060 200
37061 200
37062 200
37063 200
37064 200
37065 404
37066 200
37067 200
37068 200
37069 200
37070 200
37071 200
37072 403
37073 200
37074 200
37075 200
37076 200
37077 200
37078 404
37079 200
37080 200
37081 200
37082 404
37083 200
37084 200
37085 403
37086 200
37087 200
37088 200
37089 404
37090 200
37091 200
37092 200
37093 200
37094 200
37095 200
37096 200
37097 200
37098 200
37099 200
37100 200
37101 200
37102 200
37103 200
37104 200
37105 404
37106 200
37107 200
37108 404
37109 200
37110 404
37111 200
37112 200
37113 200
37114 200
37115 200
37116 200
37117 200
37118 404
37119 200
37120 404
37121 200
37122 200
37123 200
37124 404
37125 200
37126 404
37127 200
37128 404
37129 200
37130 200
37131 200
37132 200
37133 200
37134 200
37135 200
37136 403
37137 200
37138 200
37139 200
37140 200
37141 200
37142 200
37143 200
37144 200
37145 200
37146 200
37147 200
37148 200
37149 403
37150 200
37151 200
37152 200
37153 200
37154 200
37155 200
37156 200
37157 200
37158 404
37159 404
37160 200
37161 404
37162 200
37163 200
37164 200
37165 200
37166 200
37167 200
37168 200
37169 200
37170 403
37171 200
37172 200
37173 200
37174 200
37175 200
37176 200
37177 200
37178 200
37179 200
37180 200
37181 200
37182 200
37183 200
37184 200
37185 200
37186 200
37187 200
37188 200
37189 200
37190 200
37191 200
37192 200
37193 404
37194 200
37195 404
37196 200
37197 200
37198 200
37199 200
37200 404
37201 200
37202 200
37203 404
37204 200
37205 403
37206 200
37207 200
37208 200
37209 200
37210 404
37211 200
37212 200
37213 404
37214 404
37215 200
37216 403
37217 200
37218 200
37219 200
37220 200
37221 200
37222 200
37223 200
37224 200
37225 200
37226 200
37227 200
37228 404
37229 200
37230 200
37231 200
37232 200
37233 200
37234 404
37235 200
37236 404
37237 200
37238 200
37239 200
37240 403
37241 200
37242 403
37243 200
37244 200
37245 200
37246 200
37247 200
37248 200
37249 200
37250 200
37251 200
37252 200
37253 200
37254 200
37255 200
37256 200
37257 200
37258 200
37259 200
37260 200
37261 200
37262 200
37263 200
37264 200
37265 404
37266 200
37267 200
37268 200
37269 200
37270 200
37271 200
37272 200
37273 200
37274 200
37275 200
37276 200
37277 404
37278 200
37279 200
37280 404
37281 200
37282 200
37283 200
37284 200
37285 200
37286 200
37287 200
37288 200
37289 200
37290 200
37291 404
37292 200
37293 200
37294 200
37295 200
37296 404
37297 200
37298 403
37299 200
37300 200
37301 200
37302 200
37303 200
37304 404
37305 200
37306 200
37307 200
37308 404
37309 200
37310 200
37311 200
37312 200
37313 200
37314 200
37315 403
37316 200
37317 200
37318 200
37319 404
37320 200
37321 200
37322 200
37323 404
37324 200
37325 200
37326 200
37327 200
37328 200
37329 404
37330 200
37331 200
37332 200
37333 200
37334 200
37335 404
37336 200
37337 200
37338 200
37339 200
37340 200
37341 200
37342 200
37343 200
37344 200
37345 200
37346 200
37347 200
37348 200
37349 200
37350 200
37351 200
37352 200
37353 200
37354 200
37355 200
37356 200
37357 200
37358 200
37359 200
37360 403
37361 200
37362 403
37363 200
37364 200
37365 404
37366 200
37367 200
37368 200
37369 200
37370 200
37371 200
37372 200
37373 200
37374 200
37375 404
37376 200
37377 200
37378 404
37379 200
37380 200
37381 200
37382 200
37383 200
37384 200
37385 200
37386 200
37387 200
37388 404
37389 200
37390 200
37391 200
37392 200
37393 404
37394 200
37395 200
37396 200
37397 200
37398 200
37399 403
37400 200
37401 200
37402 404
37403 200
37404 200
37405 200
37406 200
37407 200
37408 404
37409 200
37410 404
37411 404
37412 200
37413 200
37414 200
37415 200
37416 200
37417 200
37418 200
37419 404
37420 200
37421 200
37422 200
37423 200
37424 404
37425 200
37426 200
37427 200
37428 200
37429 404
37430 404
37431 200
37432 200
37433 200
37434 200
37435 200
37436 200
37437 200
37438 200
37439 200
37440 200
37441 200
37442 200
37443 404
37444 404
37445 200
37446 200
37447 200
37448 404
37449 404
37450 200
37451 200
37452 200
37453 200
37454 200
37455 404
37456 200
37457 200
37458 200
37459 200
37460 200
37461 200
37462 200
37463 200
37464 200
37465 404
37466 200
37467 404
37468 404
37469 200
37470 200
37471 200
37472 404
37473 200
37474 200
37475 200
37476 200
37477 403
37478 200
37479 404
37480 200
37481 200
37482 200
37483 200
37484 404
37485 200
37486 200
37487 404
37488 200
37489 200
37490 200
37491 200
37492 200
37493 200
37494 200
37495 200
37496 200
37497 200
37498 200
37499 200
37500 200
37501 200
37502 200
37503 200
37504 200
37505 200
37506 200
37507 200
37508 404
37509 200
37510 404
37511 200
37512 200
37513 200
37514 200
37515 200
37516 404
37517 200
37518 200
37519 200
37520 200
37521 404
37522 200
37523 200
37524 200
37525 200
37526 200
37527 200
37528 404
37529 200
37530 200
37531 200
37532 200
37533 200
37534 200
37535 200
37536 404
37537 200
37538 200
37539 404
37540 404
37541 404
37542 200
37543 200
37544 200
37545 200
37546 200
37547 200
37548 404
37549 200
37550 200
37551 200
37552 404
37553 200
37554 200
37555 200
37556 200
37557 200
37558 200
37559 404
37560 200
37561 200
37562 200
37563 200
37564 200
37565 200
37566 404
37567 200
37568 404
37569 200
37570 200
37571 404
37572 200
37573 200
37574 403
37575 200
37576 200
37577 404
37578 200
37579 403
37580 200
37581 200
37582 200
37583 200
37584 200
37585 200
37586 200
37587 200
37588 404
37589 404
37590 404
37591 404
37592 404
37593 200
37594 403
37595 200
37596 200
37597 200
37598 200
37599 200
37600 404
37601 200
37602 200
37603 200
37604 200
37605 200
37606 200
37607 200
37608 200
37609 404
37610 200
37611 200
37612 200
37613 200
37614 200
37615 200
37616 200
37617 200
37618 200
37619 200
37620 200
37621 200
37622 200
37623 200
37624 200
37625 200
37626 200
37627 200
37628 200
37629 200
37630 200
37631 200
37632 200
37633 200
37634 200
37635 200
37636 200
37637 404
37638 404
37639 200
37640 200
37641 200
37642 404
37643 404
37644 200
37645 200
37646 200
37647 200
37648 200
37649 200
37650 200
37651 200
37652 200
37653 200
37654 200
37655 200
37656 200
37657 404
37658 200
37659 200
37660 200
37661 200
37662 200
37663 404
37664 200
37665 200
37666 200
37667 200
37668 200
37669 200
37670 200
37671 200
37672 200
37673 200
37674 404
37675 200
37676 404
37677 404
37678 200
37679 404
37680 404
37681 200
37682 200
37683 200
37684 200
37685 200
37686 200
37687 200
37688 200
37689 200
37690 200
37691 200
37692 200
37693 200
37694 404
37695 404
37696 200
37697 200
37698 404
37699 200
37700 200
37701 200
37702 404
37703 200
37704 200
37705 404
37706 200
37707 200
37708 200
37709 200
37710 200
37711 200
37712 200
37713 200
37714 200
37715 200
37716 404
37717 200
37718 404
37719 200
37720 200
37721 200
37722 200
37723 200
37724 200
37725 404
37726 200
37727 200
37728 200
37729 200
37730 200
37731 200
37732 200
37733 200
37734 200
37735 200
37736 404
37737 200
37738 200
37739 200
37740 200
37741 200
37742 200
37743 200
37744 404
37745 200
37746 200
37747 404
37748 200
37749 200
37750 404
37751 200
37752 200
37753 200
37754 200
37755 200
37756 200
37757 200
37758 200
37759 200
37760 200
37761 200
37762 200
37763 200
37764 200
37765 200
37766 200
37767 200
37768 200
37769 200
37770 200
37771 200
37772 200
37773 200
37774 200
37775 200
37776 200
37777 200
37778 200
37779 200
37780 200
37781 200
37782 200
37783 200
37784 200
37785 200
37786 200
37787 200
37788 200
37789 200
37790 404
37791 200
37792 200
37793 200
37794 200
37795 200
37796 200
37797 404
37798 403
37799 404
37800 200
37801 200
37802 200
37803 200
37804 404
37805 404
37806 200
37807 200
37808 200
37809 200
37810 200
37811 404
37812 200
37813 200
37814 200
37815 200
37816 200
37817 200
37818 200
37819 200
37820 200
37821 404
37822 403
37823 200
37824 200
37825 200
37826 200
37827 200
37828 200
37829 404
37830 200
37831 200
37832 200
37833 200
37834 200
37835 200
37836 200
37837 200
37838 200
37839 200
37840 200
37841 200
37842 200
37843 200
37844 200
37845 404
37846 404
37847 404
37848 200
37849 200
37850 200
37851 404
37852 200
37853 200
37854 200
37855 200
37856 200
37857 200
37858 200
37859 200
37860 200
37861 200
37862 200
37863 200
37864 200
37865 200
37866 404
37867 200
37868 404
37869 404
37870 200
37871 200
37872 200
37873 200
37874 200
37875 200
37876 403
37877 200
37878 200
37879 200
37880 200
37881 200
37882 200
37883 200
37884 200
37885 200
37886 200
37887 200
37888 200
37889 200
37890 200
37891 200
37892 200
37893 200
37894 200
37895 404
37896 200
37897 200
37898 200
37899 200
37900 200
37901 200
37902 200
37903 200
37904 200
37905 404
37906 200
37907 200
37908 404
37909 200
37910 404
37911 200
37912 200
37913 404
37914 200
37915 200
37916 200
37917 200
37918 200
37919 200
37920 200
37921 200
37922 200
37923 200
37924 200
37925 200
37926 200
37927 200
37928 200
37929 200
37930 200
37931 200
37932 200
37933 200
37934 200
37935 200
37936 200
37937 403
37938 200
37939 200
37940 404
37941 404
37942 200
37943 200
37944 200
37945 200
37946 200
37947 200
37948 404
37949 200
37950 403
37951 200
37952 200
37953 200
37954 200
37955 200
37956 200
37957 200
37958 200
37959 200
37960 200
37961 200
37962 404
37963 200
37964 200
37965 200
37966 404
37967 200
37968 200
37969 200
37970 200
37971 200
37972 200
37973 200
37974 200
37975 200
37976 200
37977 200
37978 200
37979 200
37980 200
37981 200
37982 200
37983 404
37984 200
37985 200
37986 200
37987 404
37988 200
37989 200
37990 200
37991 200
37992 200
37993 200
37994 200
37995 404
37996 200
37997 200
37998 200
37999 200
38000 200
38001 200
38002 403
38003 200
38004 200
38005 200
38006 200
38007 200
38008 403
38009 200
38010 200
38011 200
38012 200
38013 403
38014 404
38015 200
38016 200
38017 200
38018 404
38019 404
38020 200
38021 200
38022 200
38023 200
38024 200
38025 200
38026 200
38027 200
38028 403
38029 200
38030 200
38031 200
38032 200
38033 200
38034 200
38035 404
38036 200
38037 200
38038 200
38039 404
38040 200
38041 200
38042 200
38043 200
38044 200
38045 200
38046 200
38047 200
38048 200
38049 200
38050 200
38051 200
38052 404
38053 200
38054 200
38055 200
38056 200
38057 200
38058 200
38059 200
38060 200
38061 200
38062 200
38063 200
38064 200
38065 200
38066 200
38067 200
38068 200
38069 200
38070 404
38071 200
38072 200
38073 200
38074 200
38075 404
38076 200
38077 200
38078 404
38079 200
38080 403
38081 200
38082 200
38083 404
38084 200
38085 200
38086 200
38087 200
38088 404
38089 200
38090 200
38091 200
38092 200
38093 200
38094 200
38095 200
38096 200
38097 200
38098 200
38099 200
38100 200
38101 200
38102 200
38103 404
38104 200
38105 200
38106 200
38107 200
38108 200
38109 200
38110 200
38111 200
38112 200
38113 404
38114 200
38115 404
38116 404
38117 200
38118 200
38119 404
38120 404
38121 200
38122 200
38123 200
38124 200
38125 200
38126 200
38127 200
38128 200
38129 200
38130 403
38131 200
38132 200
38133 200
38134 200
38135 200
38136 200
38137 200
38138 200
38139 200
38140 200
38141 200
38142 404
38143 200
38144 200
38145 200
38146 200
38147 200
38148 200
38149 200
38150 200
38151 200
38152 200
38153 200
38154 200
38155 200
38156 200
38157 200
38158 200
38159 200
38160 200
38161 200
38162 200
38163 200
38164 200
38165 200
38166 200
38167 200
38168 200
38169 200
38170 200
38171 200
38172 200
38173 200
38174 200
38175 200
38176 200
38177 200
38178 200
38179 200
38180 200
38181 200
38182 200
38183 200
38184 200
38185 404
38186 200
38187 404
38188 200
38189 200
38190 200
38191 200
38192 200
38193 200
38194 200
38195 200
38196 200
38197 404
38198 200
38199 200
38200 404
38201 200
38202 403
38203 200
38204 200
38205 200
38206 200
38207 200
38208 200
38209 200
38210 200
38211 200
38212 200
38213 403
38214 404
38215 200
38216 200
38217 200
38218 404
38219 200
38220 200
38221 200
38222 200
38223 200
38224 200
38225 200
38226 200
38227 200
38228 403
38229 200
38230 200
38231 404
38232 403
38233 200
38234 404
38235 200
38236 404
38237 200
38238 200
38239 200
38240 200
38241 200
38242 200
38243 200
38244 200
38245 200
38246 200
38247 200
38248 200
38249 200
38250 200
38251 200
38252 200
38253 200
38254 200
38255 404
38256 200
38257 200
38258 200
38259 200
38260 404
38261 200
38262 200
38263 200
38264 403
38265 200
38266 404
38267 200
38268 404
38269 200
38270 403
38271 403
38272 200
38273 200
38274 200
38275 200
38276 404
38277 200
38278 200
38279 200
38280 200
38281 200
38282 200
38283 200
38284 200
38285 200
38286 200
38287 404
38288 200
38289 200
38290 200
38291 200
38292 200
38293 200
38294 200
38295 200
38296 200
38297 200
38298 200
38299 200
38300 200
38301 200
38302 200
38303 404
38304 404
38305 200
38306 403
38307 404
38308 200
38309 404
38310 200
38311 200
38312 200
38313 404
38314 200
38315 200
38316 404
38317 200
38318 200
38319 200
38320 404
38321 404
38322 200
38323 200
38324 200
38325 403
38326 200
38327 200
38328 200
38329 200
38330 200
38331 404
38332 200
38333 200
38334 404
38335 200
38336 403
38337 200
38338 200
38339 200
38340 404
38341 200
38342 200
38343 200
38344 200
38345 200
38346 200
38347 200
38348 200
38349 200
38350 200
38351 200
38352 200
38353 200
38354 200
38355 200
38356 200
38357 200
38358 200
38359 200
38360 200
38361 200
38362 200
38363 200
38364 200
38365 200
38366 200
38367 200
38368 200
38369 200
38370 200
38371 200
38372 200
38373 404
38374 200
38375 200
38376 200
38377 200
38378 200
38379 200
38380 200
38381 200
38382 200
38383 404
38384 200
38385 200
38386 404
38387 200
38388 200
38389 200
38390 200
38391 200
38392 200
38393 200
38394 200
38395 200
38396 200
38397 200
38398 200
38399 404
38400 404
38401 200
38402 200
38403 200
38404 200
38405 200
38406 200
38407 200
38408 200
38409 200
38410 200
38411 200
38412 200
38413 404
38414 200
38415 404
38416 403
38417 200
38418 200
38419 200
38420 200
38421 200
38422 200
38423 200
38424 200
38425 404
38426 404
38427 200
38428 200
38429 404
38430 200
38431 404
38432 200
38433 200
38434 200
38435 404
38436 404
38437 200
38438 200
38439 200
38440 200
38441 200
38442 404
38443 404
38444 200
38445 200
38446 200
38447 200
38448 200
38449 200
38450 200
38451 200
38452 200
38453 200
38454 200
38455 404
38456 200
38457 200
38458 404
38459 200
38460 200
38461 200
38462 200
38463 200
38464 200
38465 200
38466 404
38467 200
38468 200
38469 200
38470 200
38471 200
38472 200
38473 200
38474 404
38475 404
38476 200
38477 200
38478 200
38479 200
38480 200
38481 200
38482 200
38483 200
38484 200
38485 200
38486 404
38487 200
38488 200
38489 404
38490 200
38491 404
38492 404
38493 200
38494 200
38495 200
38496 200
38497 200
38498 404
38499 200
38500 200
38501 200
38502 200
38503 200
38504 200
38505 200
38506 200
38507 200
38508 200
38509 200
38510 200
38511 200
38512 200
38513 200
38514 403
38515 200
38516 200
38517 200
38518 403
38519 200
38520 404
38521 200
38522 200
38523 200
38524 200
38525 200
38526 200
38527 404
38528 404
38529 404
38530 200
38531 200
38532 404
38533 200
38534 200
38535 200
38536 200
38537 200
38538 200
38539 200
38540 200
38541 200
38542 200
38543 200
38544 200
38545 200
38546 200
38547 200
38548 200
38549 200
38550 200
38551 200
38552 200
38553 200
38554 200
38555 200
38556 200
38557 200
38558 200
38559 200
38560 404
38561 200
38562 404
38563 200
38564 200
38565 200
38566 200
38567 200
38568 200
38569 404
38570 200
38571 200
38572 404
38573 200
38574 404
38575 404
38576 200
38577 200
38578 200
38579 200
38580 200
38581 200
38582 200
38583 200
38584 200
38585 200
38586 200
38587 200
38588 200
38589 200
38590 200
38591 200
38592 200
38593 200
38594 200
38595 404
38596 200
38597 403
38598 200
38599 404
38600 404
38601 200
38602 200
38603 200
38604 200
38605 200
38606 404
38607 200
38608 200
38609 200
38610 200
38611 200
38612 200
38613 200
38614 200
38615 403
38616 404
38617 404
38618 200
38619 404
38620 200
38621 200
38622 200
38623 200
38624 200
38625 404
38626 200
38627 200
38628 200
38629 404
38630 200
38631 404
38632 404
38633 200
38634 200
38635 404
38636 200
38637 200
38638 200
38639 200
38640 200
38641 200
38642 200
38643 404
38644 200
38645 200
38646 200
38647 200
38648 200
38649 200
38650 200
38651 200
38652 200
38653 404
38654 200
38655 404
38656 403
38657 200
38658 200
38659 404
38660 200
38661 200
38662 200
38663 200
38664 404
38665 200
38666 403
38667 200
38668 200
38669 403
38670 200
38671 200
38672 200
38673 200
38674 200
38675 200
38676 200
38677 200
38678 200
38679 404
38680 200
38681 404
38682 200
38683 200
38684 200
38685 200
38686 200
38687 200
38688 200
38689 403
38690 200
38691 200
38692 404
38693 404
38694 200
38695 200
38696 200
38697 200
38698 200
38699 200
38700 200
38701 200
38702 403
38703 200
38704 200
38705 404
38706 404
38707 200
38708 200
38709 200
38710 200
38711 200
38712 200
38713 200
38714 404
38715 200
38716 200
38717 200
38718 200
38719 200
38720 200
38721 200
38722 200
38723 403
38724 200
38725 200
38726 200
38727 200
38728 200
38729 200
38730 200
38731 200
38732 200
38733 200
38734 200
38735 200
38736 200
38737 200
38738 200
38739 200
38740 200
38741 200
38742 200
38743 200
38744 200
38745 200
38746 200
38747 200
38748 200
38749 200
38750 200
38751 200
38752 200
38753 200
38754 404
38755 200
38756 200
38757 200
38758 200
38759 200
38760 200
38761 200
38762 200
38763 200
38764 200
38765 200
38766 200
38767 200
38768 200
38769 200
38770 200
38771 200
38772 404
38773 200
38774 404
38775 200
38776 200
38777 200
38778 200
38779 200
38780 200
38781 404
38782 200
38783 200
38784 200
38785 200
38786 200
38787 200
38788 200
38789 200
38790 200
38791 200
38792 200
38793 200
38794 403
38795 200
38796 200
38797 200
38798 200
38799 200
38800 404
38801 404
38802 200
38803 200
38804 200
38805 200
38806 200
38807 404
38808 404
38809 404
38810 200
38811 200
38812 200
38813 200
38814 403
38815 200
38816 200
38817 200
38818 200
38819 200
38820 403
38821 200
38822 200
38823 200
38824 200
38825 200
38826 404
38827 200
38828 200
38829 200
38830 200
38831 200
38832 200
38833 200
38834 200
38835 200
38836 200
38837 200
38838 200
38839 200
38840 200
38841 200
38842 404
38843 200
38844 200
38845 200
38846 200
38847 200
38848 200
38849 200
38850 200
38851 200
38852 200
38853 200
38854 200
38855 200
38856 200
38857 200
38858 200
38859 404
38860 200
38861 200
38862 200
38863 200
38864 200
38865 200
38866 200
38867 200
38868 200
38869 200
38870 200
38871 404
38872 200
38873 200
38874 200
38875 200
38876 200
38877 200
38878 200
38879 200
38880 200
38881 200
38882 200
38883 200
38884 404
38885 403
38886 200
38887 200
38888 200
38889 200
38890 200
38891 200
38892 200
38893 200
38894 200
38895 404
38896 200
38897 200
38898 200
38899 200
38900 200
38901 200
38902 200
38903 200
38904 200
38905 200
38906 200
38907 200
38908 200
38909 200
38910 200
38911 200
38912 200
38913 200
38914 200
38915 200
38916 200
38917 200
38918 200
38919 200
38920 200
38921 403
38922 200
38923 404
38924 200
38925 404
38926 200
38927 200
38928 200
38929 200
38930 404
38931 200
38932 200
38933 200
38934 200
38935 200
38936 200
38937 404
38938 200
38939 200
38940 200
38941 200
38942 404
38943 200
38944 404
38945 200
38946 200
38947 404
38948 200
38949 403
38950 200
38951 200
38952 200
38953 200
38954 200
38955 200
38956 200
38957 200
38958 404
38959 200
38960 200
38961 200
38962 404
38963 200
38964 200
38965 404
38966 404
38967 200
38968 200
38969 404
38970 200
38971 200
38972 404
38973 404
38974 200
38975 200
38976 200
38977 200
38978 200
38979 200
38980 200
38981 404
38982 200
38983 200
38984 404
38985 200
38986 200
38987 200
38988 200
38989 200
38990 200
38991 200
38992 200
38993 200
38994 200
38995 404
38996 200
38997 403
38998 200
38999 200
39000 200
39001 200
39002 200
39003 200
39004 200
39005 200
39006 200
39007 404
39008 200
39009 200
39010 200
39011 200
39012 200
39013 200
39014 200
39015 200
39016 200
39017 200
39018 200
39019 404
39020 404
39021 200
39022 200
39023 404
39024 200
39025 200
39026 200
39027 200
39028 200
39029 200
39030 200
39031 200
39032 200
39033 200
39034 200
39035 200
39036 200
39037 200
39038 404
39039 200
39040 404
39041 403
39042 200
39043 200
39044 200
39045 200
39046 200
39047 200
39048 403
39049 200
39050 200
39051 200
39052 200
39053 404
39054 200
39055 200
39056 200
39057 200
39058 200
39059 200
39060 404
39061 404
39062 200
39063 200
39064 403
39065 200
39066 200
39067 200
39068 200
39069 200
39070 200
39071 200
39072 200
39073 404
39074 200
39075 404
39076 200
39077 200
39078 200
39079 200
39080 200
39081 200
39082 200
39083 200
39084 200
39085 404
39086 404
39087 200
39088 200
39089 200
39090 200
39091 200
39092 200
39093 200
39094 200
39095 200
39096 200
39097 200
39098 200
39099 200
39100 200
39101 200
39102 200
39103 404
39104 200
39105 200
39106 200
39107 200
39108 200
39109 200
39110 200
39111 403
39112 404
39113 200
39114 200
39115 200
39116 403
39117 200
39118 200
39119 200
39120 200
39121 200
39122 404
39123 200
39124 403
39125 404
39126 200
39127 200
39128 200
39129 200
39130 200
39131 200
39132 200
39133 200
39134 200
39135 404
39136 200
39137 200
39138 200
39139 403
39140 200
39141 200
39142 200
39143 200
39144 200
39145 404
39146 200
39147 200
39148 200
39149 200
39150 200
39151 200
39152 200
39153 200
39154 200
39155 200
39156 200
39157 200
39158 200
39159 200
39160 200
39161 200
39162 403
39163 200
39164 200
39165 200
39166 200
39167 404
39168 200
39169 200
39170 200
39171 200
39172 200
39173 200
39174 200
39175 200
39176 200
39177 200
39178 404
39179 200
39180 200
39181 200
39182 200
39183 200
39184 200
39185 404
39186 200
39187 200
39188 200
39189 200
39190 404
39191 200
39192 200
39193 200
39194 200
39195 404
39196 200
39197 200
39198 200
39199 200
39200 200
39201 200
39202 404
39203 200
39204 200
39205 200
39206 403
39207 200
39208 200
39209 200
39210 200
39211 403
39212 200
39213 200
39214 200
39215 200
39216 200
39217 200
39218 200
39219 200
39220 200
39221 200
39222 200
39223 200
39224 200
39225 200
39226 403
39227 200
39228 200
39229 200
39230 200
39231 200
39232 200
39233 200
39234 200
39235 200
39236 200
39237 200
39238 200
39239 404
39240 200
39241 200
39242 404
39243 200
39244 200
39245 200
39246 200
39247 200
39248 200
39249 200
39250 200
39251 200
39252 403
39253 200
39254 404
39255 200
39256 200
39257 200
39258 200
39259 200
39260 200
39261 403
39262 200
39263 200
39264 404
39265 200
39266 200
39267 200
39268 200
39269 200
39270 200
39271 403
39272 404
39273 403
39274 200
39275 404
39276 200
39277 200
39278 200
39279 200
39280 200
39281 200
39282 200
39283 200
39284 200
39285 404
39286 200
39287 200
39288 200
39289 200
39290 200
39291 200
39292 404
39293 200
39294 200
39295 200
39296 200
39297 200
39298 200
39299 404
39300 200
39301 200
39302 200
39303 200
39304 200
39305 200
39306 200
39307 200
39308 200
39309 200
39310 200
39311 200
39312 200
39313 200
39314 200
39315 200
39316 403
39317 200
39318 200
39319 200
39320 200
39321 200
39322 200
39323 404
39324 403
39325 200
39326 200
39327 200
39328 200
39329 200
39330 200
39331 200
39332 404
39333 404
39334 200
39335 200
39336 200
39337 200
39338 200
39339 404
39340 404
39341 200
39342 403
39343 200
39344 200
39345 404
39346 200
39347 200
39348 200
39349 200
39350 200
39351 200
39352 200
39353 200
39354 200
39355 200
39356 200
39357 200
39358 200
39359 200
39360 200
39361 404
39362 404
39363 200
39364 200
39365 200
39366 200
39367 200
39368 200
39369 200
39370 404
39371 200
39372 200
39373 200
39374 200
39375 200
39376 200
39377 200
39378 200
39379 200
39380 404
39381 200
39382 200
39383 200
39384 200
39385 200
39386 200
39387 404
39388 200
39389 404
39390 200
39391 404
39392 200
39393 200
39394 200
39395 404
39396 403
39397 200
39398 404
39399 404
39400 200
39401 404
39402 404
39403 200
39404 200
39405 200
39406 200
39407 200
39408 200
39409 200
39410 200
39411 200
39412 200
39413 200
39414 200
39415 200
39416 404
39417 200
39418 200
39419 200
39420 200
39421 200
39422 200
39423 404
39424 200
39425 200
39426 404
39427 200
39428 200
39429 200
39430 200
39431 200
39432 200
39433 200
39434 200
39435 200
39436 200
39437 200
39438 200
39439 200
39440 200
39441 200
39442 404
39443 200
39444 200
39445 200
39446 200
39447 200
39448 200
39449 200
39450 200
39451 200
39452 404
39453 200
39454 200
39455 200
39456 200
39457 200
39458 200
39459 200
39460 404
39461 200
39462 200
39463 403
39464 200
39465 200
39466 200
39467 200
39468 404
39469 200
39470 404
39471 200
39472 404
39473 404
39474 404
39475 200
39476 200
39477 200
39478 200
39479 200
39480 200
39481 200
39482 200
39483 200
39484 200
39485 200
39486 200
39487 200
39488 200
39489 200
39490 200
39491 200
39492 200
39493 200
39494 200
39495 200
39496 200
39497 200
39498 200
39499 200
39500 200
39501 200
39502 200
39503 200
39504 200
39505 200
39506 200
39507 200
39508 200
39509 200
39510 200
39511 200
39512 404
39513 200
39514 200
39515 200
39516 200
39517 200
39518 200
39519 200
39520 200
39521 200
39522 200
39523 200
39524 200
39525 200
39526 200
39527 404
39528 200
39529 200
39530 404
39531 200
39532 200
39533 200
39534 200
39535 200
39536 200
39537 200
39538 404
39539 200
39540 200
39541 200
39542 200
39543 200
39544 200
39545 404
39546 200
39547 200
39548 200
39549 200
39550 200
39551 200
39552 404
39553 200
39554 200
39555 403
39556 404
39557 200
39558 200
39559 200
39560 200
39561 200
39562 200
39563 403
39564 200
39565 200
39566 200
39567 200
39568 200
39569 200
39570 200
39571 200
39572 404
39573 200
39574 200
39575 200
39576 404
39577 200
39578 200
39579 200
39580 404
39581 200
39582 200
39583 404
39584 200
39585 200
39586 200
39587 200
39588 404
39589 200
39590 200
39591 200
39592 200
39593 200
39594 200
39595 200
39596 200
39597 404
39598 200
39599 200
39600 200
39601 200
39602 200
39603 200
39604 200
39605 200
39606 403
39607 200
39608 200
39609 200
39610 200
39611 200
39612 200
39613 200
39614 404
39615 200
39616 404
39617 200
39618 200
39619 404
39620 404
39621 200
39622 200
39623 200
39624 200
39625 200
39626 403
39627 200
39628 403
39629 200
39630 200
39631 404
39632 404
39633 200
39634 200
39635 200
39636 200
39637 200
39638 200
39639 200
39640 200
39641 403
39642 200
39643 200
39644 200
39645 200
39646 200
39647 200
39648 200
39649 200
39650 200
39651 200
39652 200
39653 200
39654 200
39655 200
39656 200
39657 200
39658 404
39659 200
39660 200
39661 200
39662 200
39663 200
39664 200
39665 200
39666 200
39667 200
39668 200
39669 200
39670 200
39671 200
39672 200
39673 200
39674 404
39675 404
39676 404
39677 200
39678 404
39679 200
39680 404
39681 200
39682 200
39683 200
39684 200
39685 200
39686 403
39687 200
39688 200
39689 200
39690 200
39691 200
39692 200
39693 200
39694 200
39695 200
39696 200
39697 200
39698 200
39699 403
39700 404
39701 200
39702 200
39703 403
39704 200
39705 200
39706 200
39707 200
39708 200
39709 200
39710 200
39711 200
39712 200
39713 200
39714 200
39715 200
39716 200
39717 200
39718 404
39719 200
39720 200
39721 200
39722 200
39723 200
39724 200
39725 200
39726 200
39727 200
39728 200
39729 200
39730 200
39731 200
39732 200
39733 200
39734 200
39735 200
39736 200
39737 200
39738 200
39739 200
39740 200
39741 200
39742 200
39743 200
39744 200
39745 200
39746 200
39747 200
39748 200
39749 200
39750 404
39751 200
39752 200
39753 200
39754 200
39755 200
39756 200
39757 200
39758 200
39759 200
39760 404
39761 200
39762 200
39763 200
39764 200
39765 200
39766 404
39767 200
39768 200
39769 200
39770 200
39771 200
39772 200
39773 404
39774 200
39775 200
39776 200
39777 200
39778 200
39779 200
39780 200
39781 200
39782 200
39783 200
39784 200
39785 200
39786 200
39787 200
39788 200
39789 200
39790 200
39791 200
39792 200
39793 200
39794 200
39795 200
39796 404
39797 200
39798 200
39799 200
39800 200
39801 200
39802 200
39803 200
39804 404
39805 200
39806 200
39807 200
39808 200
39809 200
39810 200
39811 200
39812 200
39813 200
39814 200
39815 200
39816 200
39817 200
39818 200
39819 404
39820 200
39821 200
39822 404
39823 200
39824 200
39825 200
39826 200
39827 200
39828 200
39829 404
39830 200
39831 200
39832 200
39833 403
39834 200
39835 200
39836 404
39837 200
39838 200
39839 200
39840 200
39841 200
39842 200
39843 403
39844 200
39845 200
39846 200
39847 200
39848 200
39849 200
39850 200
39851 200
39852 404
39853 200
39854 200
39855 404
39856 404
39857 200
39858 200
39859 200
39860 200
39861 200
39862 200
39863 200
39864 200
39865 200
39866 200
39867 200
39868 200
39869 404
39870 200
39871 200
39872 200
39873 404
39874 200
39875 200
39876 200
39877 200
39878 404
39879 200
39880 200
39881 404
39882 200
39883 200
39884 200
39885 200
39886 200
39887 200
39888 200
39889 200
39890 200
39891 200
39892 404
39893 404
39894 200
39895 200
39896 200
39897 404
39898 200
39899 404
39900 200
39901 200
39902 403
39903 200
39904 200
39905 200
39906 404
39907 200
39908 200
39909 200
39910 404
39911 200
39912 200
39913 200
39914 200
39915 200
39916 200
39917 403
39918 200
39919 200
39920 200
39921 200
39922 404
39923 200
39924 200
39925 404
39926 200
39927 404
39928 200
39929 200
39930 200
39931 200
39932 404
39933 404
39934 200
39935 404
39936 404
39937 200
39938 200
39939 200
39940 200
39941 404
39942 200
39943 200
39944 200
39945 200
39946 404
39947 200
39948 200
39949 200
39950 200
39951 200
39952 404
39953 200
39954 200
39955 200
39956 200
39957 200
39958 200
39959 200
39960 404
39961 404
39962 200
39963 200
39964 404
39965 404
39966 200
39967 200
39968 200
39969 200
39970 200
39971 200
39972 200
39973 200
39974 200
39975 404
39976 200
39977 200
39978 200
39979 200
39980 200
39981 200
39982 200
39983 200
39984 404
39985 200
39986 404
39987 200
39988 200
39989 200
39990 200
39991 200
39992 200
39993 404
39994 200
39995 200
39996 200
39997 200
39998 200
39999 404
40000 200
40001 200
40002 404
40003 200
40004 200
40005 200
40006 200
40007 200
40008 200
40009 200
40010 200
40011 200
40012 404
40013 200
40014 200
40015 200
40016 404
40017 200
40018 200
40019 200
40020 200
40021 403
40022 200
40023 200
40024 200
40025 200
40026 200
40027 200
40028 404
40029 200
40030 404
40031 404
40032 200
40033 200
40034 200
40035 200
40036 200
40037 200
40038 200
40039 200
40040 200
40041 200
40042 200
40043 200
40044 200
40045 200
40046 200
40047 404
40048 200
40049 200
40050 200
40051 200
40052 200
40053 200
40054 200
40055 200
40056 200
40057 200
40058 200
40059 200
40060 403
40061 200
40062 200
40063 200
40064 200
40065 404
40066 200
40067 200
40068 200
40069 200
40070 200
40071 200
40072 200
40073 404
40074 200
40075 200
40076 404
40077 200
40078 403
40079 403
40080 200
40081 200
40082 200
40083 200
40084 200
40085 200
40086 200
40087 200
40088 200
40089 200
40090 200
40091 200
40092 404
40093 200
40094 200
40095 200
40096 200
40097 404
40098 200
40099 200
40100 404
40101 200
40102 200
40103 200
40104 200
40105 404
40106 200
40107 200
40108 200
40109 200
40110 200
40111 200
40112 200
40113 403
40114 404
40115 200
40116 404
40117 200
40118 200
40119 200
40120 403
40121 200
40122 200
40123 200
40124 200
40125 200
40126 200
40127 200
40128 200
40129 200
40130 200
40131 200
40132 200
40133 404
40134 200
40135 200
40136 200
40137 200
40138 200
40139 404
40140 200
40141 200
40142 200
40143 200
40144 200
40145 200
40146 200
40147 200
40148 200
40149 200
40150 200
40151 200
40152 200
40153 200
40154 200
40155 200
40156 200
40157 200
40158 200
40159 200
40160 200
40161 403
40162 200
40163 200
40164 200
40165 200
40166 404
40167 200
40168 200
40169 200
40170 200
40171 200
40172 200
40173 200
40174 200
40175 200
40176 200
40177 200
40178 200
40179 200
40180 200
40181 200
40182 404
40183 404
40184 200
40185 200
40186 404
40187 404
40188 403
40189 200
40190 200
40191 200
40192 200
40193 200
40194 200
40195 200
40196 200
40197 200
40198 403
40199 200
40200 403
40201 200
40202 200
40203 200
40204 200
40205 200
40206 404
40207 200
40208 200
40209 200
40210 200
40211 200
40212 404
40213 200
40214 200
40215 200
40216 200
40217 200
40218 404
40219 200
40220 200
40221 200
40222 404
40223 200
40224 200
40225 200
40226 404
40227 404
40228 200
40229 200
40230 200
40231 200
40232 200
40233 404
40234 404
40235 200
40236 200
40237 200
40238 200
40239 200
40240 200
40241 200
40242 200
40243 200
40244 200
40245 403
40246 200
40247 200
40248 200
40249 200
40250 200
40251 200
40252 200
40253 200
40254 200
40255 200
40256 200
40257 200
40258 200
40259 200
40260 200
40261 200
40262 200
40263 200
40264 404
40265 404
40266 404
40267 200
40268 404
40269 200
40270 403
40271 404
40272 404
40273 403
40274 200
40275 200
40276 403
40277 200
40278 404
40279 200
40280 200
40281 200
40282 200
40283 404
40284 200
40285 200
40286 200
40287 200
40288 200
40289 200
40290 200
40291 200
40292 404
40293 200
40294 200
40295 200
40296 200
40297 200
40298 403
40299 200
40300 200
40301 404
40302 200
40303 200
40304 404
40305 200
40306 200
40307 200
40308 200
40309 200
40310 200
40311 200
40312 403
40313 200
40314 200
40315 200
40316 403
40317 200
40318 200
40319 200
40320 200
40321 200
40322 200
40323 403
40324 200
40325 200
40326 200
40327 200
40328 200
40329 200
40330 404
40331 200
40332 200
40333 200
40334 200
40335 200
40336 200
40337 200
40338 200
40339 200
40340 200
40341 200
40342 403
40343 200
40344 404
40345 200
40346 200
40347 200
40348 200
40349 200
40350 404
40351 200
40352 200
40353 200
40354 200
40355 200
40356 200
40357 200
40358 404
40359 200
40360 404
40361 200
40362 200
40363 200
40364 200
40365 200
40366 200
40367 404
40368 200
40369 404
40370 404
40371 200
40372 200
40373 200
40374 404
40375 200
40376 200
40377 200
40378 404
40379 404
40380 200
40381 200
40382 200
40383 200
40384 200
40385 200
40386 200
40387 200
40388 200
40389 404
40390 200
40391 200
40392 200
40393 200
40394 200
40395 200
40396 200
40397 200
40398 200
40399 200
40400 200
40401 200
40402 200
40403 200
40404 200
40405 404
40406 200
40407 200
40408 404
40409 200
40410 200
40411 200
40412 200
40413 200
40414 200
40415 200
40416 404
40417 200
40418 200
40419 200
40420 200
40421 200
40422 200
40423 200
40424 404
40425 200
40426 200
40427 404
40428 200
40429 200
40430 404
40431 200
40432 200
40433 200
40434 200
40435 200
40436 200
40437 200
40438 200
40439 200
40440 200
40441 404
40442 200
40443 200
40444 200
40445 404
40446 403
40447 200
40448 200
40449 200
40450 200
40451 200
40452 200
40453 200
40454 200
40455 200
40456 403
40457 404
40458 200
40459 404
40460 200
40461 200
40462 404
40463 403
40464 200
40465 200
40466 200
40467 200
40468 200
40469 200
40470 200
40471 200
40472 200
40473 200
40474 404
40475 200
40476 200
40477 200
40478 404
40479 200
40480 200
40481 200
40482 200
40483 403
40484 200
40485 200
40486 200
40487 200
40488 200
40489 404
40490 200
40491 200
40492 200
40493 200
40494 200
40495 200
40496 404
40497 200
40498 200
40499 403
40500 200
40501 200
40502 200
40503 404
40504 200
40505 404
40506 200
40507 200
40508 404
40509 200
40510 200
40511 200
40512 200
40513 200
40514 200
40515 200
40516 200
40517 200
40518 200
40519 200
40520 200
40521 200
40522 200
40523 404
40524 200
40525 200
40526 200
40527 404
40528 200
40529 200
40530 403
40531 200
40532 200
40533 200
40534 200
40535 200
40536 200
40537 200
40538 200
40539 200
40540 200
40541 200
40542 200
40543 200
40544 200
40545 200
40546 200
40547 200
40548 200
40549 200
40550 200
40551 200
40552 200
40553 200
40554 200
40555 200
40556 403
40557 200
40558 200
40559 200
40560 403
40561 200
40562 200
40563 200
40564 200
40565 403
40566 200
40567 200
40568 404
40569 404
40570 200
40571 200
40572 200
40573 200
40574 200
40575 403
40576 200
40577 403
40578 404
40579 200
40580 404
40581 200
40582 200
40583 200
40584 200
40585 403
40586 200
40587 200
40588 200
40589 200
40590 404
40591 200
40592 200
40593 200
40594 200
40595 404
40596 200
40597 200
40598 200
40599 200
40600 404
40601 200
40602 200
40603 200
40604 200
40605 200
40606 200
40607 200
40608 200
40609 200
40610 200
40611 200
40612 404
40613 200
40614 404
40615 404
40616 200
40617 404
40618 200
40619 200
40620 200
40621 200
40622 200
40623 200
40624 200
40625 200
40626 404
40627 200
40628 200
40629 404
40630 200
40631 200
40632 200
40633 200
40634 404
40635 200
40636 200
40637 200
40638 200
40639 200
40640 200
40641 200
40642 200
40643 200
40644 200
40645 404
40646 200
40647 403
40648 200
40649 200
40650 200
40651 200
40652 200
40653 200
40654 200
40655 200
40656 200
40657 200
40658 200
40659 404
40660 200
40661 200
40662 200
40663 200
40664 200
40665 200
40666 404
40667 200
40668 200
40669 200
40670 200
40671 200
40672 200
40673 200
40674 200
40675 200
40676 200
40677 200
40678 200
40679 403
40680 200
40681 200
40682 200
40683 200
40684 200
40685 200
40686 404
40687 200
40688 200
40689 200
40690 404
40691 200
40692 200
40693 403
40694 200
40695 200
40696 200
40697 200
40698 200
40699 200
40700 200
40701 200
40702 200
40703 200
40704 200
40705 200
40706 200
40707 200
40708 200
40709 404
40710 200
40711 200
40712 200
40713 200
40714 404
40715 200
40716 200
40717 200
40718 404
40719 200
40720 404
40721 200
40722 200
40723 200
40724 404
40725 200
40726 200
40727 200
40728 404
40729 403
40730 404
40731 200
40732 200
40733 200
40734 200
40735 404
40736 200
40737 200
40738 200
40739 200
40740 404
40741 403
40742 200
40743 200
40744 403
40745 200
40746 200
40747 200
40748 200
40749 200
40750 200
40751 404
40752 200
40753 403
40754 200
40755 200
40756 404
40757 200
40758 200
40759 200
40760 200
40761 200
40762 200
40763 200
40764 403
40765 200
40766 200
40767 200
40768 200
40769 200
40770 404
40771 404
40772 200
40773 200
40774 200
40775 200
40776 200
40777 200
40778 200
40779 200
40780 200
40781 200
40782 200
40783 200
40784 200
40785 200
40786 200
40787 200
40788 200
40789 200
40790 200
40791 200
40792 200
40793 404
40794 200
40795 200
40796 200
40797 200
40798 200
40799 200
40800 200
40801 200
40802 200
40803 200
40804 403
40805 200
40806 200
40807 200
40808 200
40809 200
40810 200
40811 200
40812 200
40813 200
40814 200
40815 200
40816 200
40817 200
40818 200
40819 404
40820 200
40821 404
40822 404
40823 404
40824 200
40825 200
40826 200
40827 200
40828 404
40829 200
40830 200
40831 200
40832 404
40833 200
40834 200
40835 200
40836 200
40837 200
40838 200
40839 200
40840 200
40841 200
40842 200
40843 200
40844 404
40845 200
40846 200
40847 200
40848 200
40849 404
40850 404
40851 200
40852 200
40853 200
40854 200
40855 200
40856 404
40857 200
40858 200
40859 200
40860 200
40861 200
40862 200
40863 200
40864 200
40865 403
40866 404
40867 404
40868 404
40869 200
40870 200
40871 200
40872 200
40873 200
40874 200
40875 404
40876 404
40877 200
40878 200
40879 200
40880 404
40881 200
40882 200
40883 200
40884 404
40885 200
40886 200
40887 200
40888 200
40889 200
40890 200
40891 200
40892 200
40893 404
40894 200
40895 404
40896 404
40897 200
40898 403
40899 200
40900 200
40901 200
40902 200
40903 404
40904 200
40905 200
40906 200
40907 404
40908 200
40909 200
40910 403
40911 200
40912 200
40913 200
40914 200
40915 200
40916 200
40917 200
40918 200
40919 200
40920 200
40921 200
40922 200
40923 403
40924 200
40925 200
40926 200
40927 200
40928 200
40929 404
40930 200
40931 200
40932 200
40933 200
40934 200
40935 404
40936 404
40937 200
40938 200
40939 404
40940 404
40941 200
40942 200
40943 404
40944 200
40945 200
40946 200
40947 200
40948 200
40949 403
40950 404
40951 404
40952 200
40953 404
40954 404
40955 200
40956 200
40957 200
40958 200
40959 200
40960 200
40961 200
40962 200
40963 200
40964 404
40965 404
40966 200
40967 200
40968 200
40969 403
40970 404
40971 200
40972 200
40973 200
40974 200
40975 200
40976 200
40977 200
40978 200
40979 200
40980 200
40981 200
40982 200
40983 200
40984 404
40985 200
40986 200
40987 200
40988 200
40989 200
40990 200
40991 200
40992 200
40993 200
40994 200
40995 200
40996 200
40997 200
40998 200
40999 200
41000 404
41001 200
41002 404
41003 200
41004 200
41005 200
41006 404
41007 200
41008 200
41009 200
41010 200
41011 200
41012 200
41013 200
41014 200
41015 404
41016 200
41017 200
41018 200
41019 200
41020 200
41021 200
41022 200
41023 200
41024 200
41025 200
41026 403
41027 200
41028 200
41029 403
41030 200
41031 404
41032 200
41033 404
41034 200
41035 404
41036 200
41037 200
41038 200
41039 200
41040 200
41041 404
41042 404
41043 200
41044 200
41045 200
41046 200
41047 200
41048 200
41049 200
41050 200
41051 200
41052 404
41053 404
41054 200
41055 404
41056 200
41057 200
41058 200
41059 200
41060 404
41061 200
41062 200
41063 200
41064 200
41065 200
41066 200
41067 200
41068 200
41069 200
41070 200
41071 200
41072 404
41073 200
41074 200
41075 200
41076 403
41077 200
41078 200
41079 403
41080 404
41081 200
41082 200
41083 404
41084 200
41085 200
41086 200
41087 200
41088 200
41089 200
41090 200
41091 200
41092 200
41093 200
41094 404
41095 200
41096 200
41097 404
41098 404
41099 200
41100 200
41101 403
41102 200
41103 200
41104 200
41105 200
41106 404
41107 200
41108 200
41109 200
41110 404
41111 200
41112 200
41113 200
41114 200
41115 404
41116 200
41117 200
41118 200
41119 403
41120 200
41121 200
41122 200
41123 404
41124 200
41125 200
41126 200
41127 200
41128 200
41129 200
41130 200
41131 200
41132 200
41133 200
41134 200
41135 200
41136 200
41137 200
41138 200
41139 200
41140 200
41141 200
41142 404
41143 200
41144 403
41145 200
41146 200
41147 200
41148 200
41149 200
41150 404
41151 200
41152 200
41153 200
41154 200
41155 200
41156 200
41157 200
41158 403
41159 200
41160 200
41161 200
41162 200
41163 200
41164 200
41165 200
41166 200
41167 200
41168 200
41169 403
41170 200
41171 200
41172 200
41173 404
41174 200
41175 200
41176 200
41177 404
41178 200
41179 200
41180 200
41181 200
41182 200
41183 200
41184 200
41185 200
41186 403
41187 200
41188 404
41189 200
41190 404
41191 200
41192 200
41193 200
41194 200
41195 200
41196 200
41197 200
41198 200
41199 200
41200 200
41201 404
41202 200
41203 200
41204 200
41205 200
41206 200
41207 404
41208 200
41209 404
41210 404
41211 200
41212 200
41213 404
41214 404
41215 200
41216 200
41217 200
41218 200
41219 200
41220 200
41221 200
41222 200
41223 200
41224 200
41225 404
41226 200
41227 200
41228 200
41229 200
41230 404
41231 200
41232 200
41233 200
41234 200
41235 200
41236 200
41237 200
41238 200
41239 200
41240 200
41241 200
41242 200
41243 200
41244 200
41245 200
41246 200
41247 200
41248 404
41249 200
41250 200
41251 200
41252 404
41253 200
41254 404
41255 200
41256 200
41257 200
41258 200
41259 200
41260 200
41261 200
41262 200
41263 200
41264 200
41265 200
41266 200
41267 200
41268 200
41269 200
41270 200
41271 200
41272 200
41273 200
41274 200
41275 200
41276 200
41277 200
41278 200
41279 200
41280 200
41281 200
41282 403
41283 200
41284 200
41285 200
41286 403
41287 200
41288 403
41289 200
41290 404
41291 200
41292 200
41293 200
41294 200
41295 200
41296 200
41297 404
41298 200
41299 200
41300 200
41301 200
41302 200
41303 200
41304 200
41305 200
41306 200
41307 403
41308 200
41309 404
41310 200
41311 200
41312 200
41313 200
41314 200
41315 200
41316 200
41317 200
41318 200
41319 200
41320 200
41321 200
41322 200
41323 200
41324 200
41325 200
41326 200
41327 200
41328 200
41329 200
41330 200
41331 200
41332 200
41333 404
41334 200
41335 404
41336 200
41337 404
41338 200
41339 404
41340 200
41341 200
41342 200
41343 200
41344 200
41345 404
41346 200
41347 404
41348 200
41349 200
41350 200
41351 200
41352 404
41353 200
41354 200
41355 404
41356 200
41357 200
41358 200
41359 404
41360 200
41361 200
41362 200
41363 200
41364 200
41365 200
41366 200
41367 200
41368 200
41369 200
41370 200
41371 200
41372 403
41373 200
41374 200
41375 200
41376 404
41377 200
41378 200
41379 200
41380 404
41381 200
41382 200
41383 200
41384 200
41385 404
41386 200
41387 404
41388 200
41389 200
41390 200
41391 200
41392 200
41393 200
41394 200
41395 200
41396 200
41397 404
41398 200
41399 200
41400 404
41401 404
41402 404
41403 200
41404 200
41405 200
41406 200
41407 200
41408 200
41409 200
41410 404
41411 200
41412 200
41413 200
41414 200
41415 200
41416 200
41417 200
41418 200
41419 200
41420 200
41421 200
41422 200
41423 200
41424 200
41425 200
41426 200
41427 200
41428 200
41429 200
41430 200
41431 404
41432 404
41433 200
41434 200
41435 200
41436 200
41437 200
41438 200
41439 200
41440 200
41441 200
41442 200
41443 404
41444 200
41445 404
41446 200
41447 200
41448 200
41449 200
41450 200
41451 200
41452 200
41453 200
41454 200
41455 200
41456 200
41457 200
41458 200
41459 200
41460 200
41461 404
41462 200
41463 200
41464 200
41465 200
41466 200
41467 200
41468 200
41469 200
41470 200
41471 200
41472 200
41473 200
41474 200
41475 200
41476 404
41477 200
41478 200
41479 200
41480 200
41481 200
41482 200
41483 200
41484 200
41485 200
41486 200
41487 200
41488 200
41489 200
41490 200
41491 200
41492 200
41493 200
41494 200
41495 404
41496 404
41497 200
41498 404
41499 200
41500 200
41501 404
41502 200
41503 200
41504 200
41505 200
41506 200
41507 200
41508 200
41509 200
41510 200
41511 404
41512 200
41513 200
41514 403
41515 200
41516 200
41517 200
41518 404
41519 403
41520 200
41521 404
41522 200
41523 200
41524 200
41525 200
41526 200
41527 200
41528 403
41529 200
41530 404
41531 200
41532 404
41533 200
41534 404
41535 200
41536 404
41537 200
41538 200
41539 404
41540 200
41541 403
41542 404
41543 404
41544 403
41545 403
41546 200
41547 200
41548 200
41549 200
41550 200
41551 200
41552 200
41553 200
41554 200
41555 200
41556 200
41557 404
41558 200
41559 200
41560 200
41561 200
41562 200
41563 200
41564 404
41565 200
41566 200
41567 200
41568 200
41569 403
41570 200
41571 200
41572 200
41573 404
41574 200
41575 200
41576 404
41577 200
41578 404
41579 200
41580 404
41581 200
41582 200
41583 200
41584 200
41585 200
41586 200
41587 403
41588 200
41589 200
41590 404
41591 200
41592 404
41593 200
41594 200
41595 200
41596 200
41597 200
41598 200
41599 200
41600 200
41601 200
41602 200
41603 403
41604 200
41605 200
41606 200
41607 200
41608 200
41609 200
41610 200
41611 200
41612 200
41613 200
41614 200
41615 200
41616 200
41617 200
41618 200
41619 200
41620 404
41621 200
41622 200
41623 200
41624 200
41625 200
41626 404
41627 200
41628 200
41629 200
41630 200
41631 200
41632 200
41633 200
41634 200
41635 404
41636 200
41637 200
41638 404
41639 200
41640 200
41641 200
41642 200
41643 200
41644 200
41645 200
41646 200
41647 200
41648 200
41649 404
41650 200
41651 200
41652 200
41653 404
41654 404
41655 200
41656 200
41657 200
41658 200
41659 200
41660 200
41661 200
41662 200
41663 200
41664 200
41665 200
41666 200
41667 200
41668 200
41669 200
41670 200
41671 200
41672 200
41673 200
41674 200
41675 200
41676 200
41677 200
41678 404
41679 200
41680 200
41681 200
41682 200
41683 200
41684 200
41685 200
41686 200
41687 200
41688 404
41689 200
41690 403
41691 200
41692 404
41693 404
41694 200
41695 404
41696 200
41697 200
41698 200
41699 404
41700 200
41701 200
41702 200
41703 200
41704 404
41705 200
41706 200
41707 200
41708 200
41709 404
41710 200
41711 200
41712 404
41713 200
41714 404
41715 200
41716 200
41717 404
41718 404
41719 200
41720 404
41721 200
41722 200
41723 200
41724 200
41725 200
41726 200
41727 200
41728 200
41729 200
41730 404
41731 403
41732 200
41733 200
41734 200
41735 200
41736 200
41737 200
41738 200
41739 200
41740 200
41741 200
41742 200
41743 404
41744 200
41745 404
41746 200
41747 200
41748 200
41749 200
41750 200
41751 200
41752 200
41753 404
41754 200
41755 200
41756 200
41757 200
41758 200
41759 200
41760 200
41761 200
41762 200
41763 404
41764 200
41765 200
41766 200
41767 200
41768 200
41769 404
41770 200
41771 200
41772 404
41773 200
41774 200
41775 404
41776 200
41777 200
41778 200
41779 200
41780 200
41781 200
41782 200
41783 404
41784 200
41785 200
41786 200
41787 200
41788 200
41789 404
41790 200
41791 200
41792 200
41793 200
41794 200
41795 200
41796 200
41797 200
41798 200
41799 200
41800 200
41801 200
41802 200
41803 200
41804 200
41805 200
41806 200
41807 200
41808 404
41809 200
41810 200
41811 200
41812 200
41813 200
41814 403
41815 200
41816 200
41817 200
41818 200
41819 200
41820 404
41821 200
41822 200
41823 404
41824 200
41825 404
41826 200
41827 200
41828 200
41829 200
41830 200
41831 200
41832 200
41833 200
41834 200
41835 200
41836 200
41837 200
41838 200
41839 200
41840 404
41841 403
41842 404
41843 403
41844 200
41845 200
41846 200
41847 200
41848 200
41849 200
41850 200
41851 200
41852 200
41853 200
41854 200
41855 200
41856 200
41857 200
41858 404
41859 200
41860 200
41861 200
41862 200
41863 404
41864 200
41865 200
41866 200
41867 200
41868 200
41869 404
41870 200
41871 200
41872 200
41873 200
41874 200
41875 200
41876 200
41877 200
41878 200
41879 200
41880 200
41881 200
41882 404
41883 200
41884 200
41885 200
41886 200
41887 404
41888 200
41889 200
41890 200
41891 200
41892 200
41893 200
41894 200
41895 200
41896 200
41897 200
41898 403
41899 200
41900 200
41901 200
41902 404
41903 200
41904 200
41905 200
41906 200
41907 200
41908 200
41909 200
41910 404
41911 200
41912 200
41913 200
41914 200
41915 200
41916 200
41917 200
41918 200
41919 404
41920 200
41921 404
41922 200
41923 200
41924 200
41925 200
41926 200
41927 200
41928 200
41929 404
41930 404
41931 200
41932 200
41933 200
41934 200
41935 200
41936 200
41937 200
41938 200
41939 200
41940 200
41941 200
41942 200
41943 200
41944 200
41945 200
41946 200
41947 200
41948 200
41949 200
41950 200
41951 200
41952 200
41953 200
41954 200
41955 200
41956 200
41957 200
41958 200
41959 200
41960 200
41961 200
41962 200
41963 200
41964 200
41965 404
41966 200
41967 200
41968 200
41969 404
41970 404
41971 200
41972 200
41973 200
41974 200
41975 200
41976 200
41977 200
41978 200
41979 200
41980 403
41981 200
41982 200
41983 200
41984 200
41985 200
41986 200
41987 200
41988 200
41989 200
41990 200
41991 200
41992 200
41993 200
41994 200
41995 200
41996 200
41997 200
41998 200
41999 200
42000 200
42001 200
42002 200
42003 200
42004 404
42005 200
42006 200
42007 200
42008 200
42009 200
42010 200
42011 200
42012 404
42013 403
42014 200
42015 200
42016 200
42017 200
42018 404
42019 200
42020 200
42021 200
42022 200
42023 404
42024 200
42025 200
42026 200
42027 200
42028 200
42029 200
42030 200
42031 200
42032 200
42033 200
42034 200
42035 200
42036 200
42037 200
42038 200
42039 404
42040 200
42041 200
42042 200
42043 200
42044 200
42045 404
42046 200
42047 200
42048 200
42049 404
42050 200
42051 200
42052 200
42053 200
42054 403
42055 404
42056 403
42057 200
42058 200
42059 200
42060 200
42061 200
42062 200
42063 200
42064 200
42065 200
42066 404
42067 200
42068 200
42069 200
42070 200
42071 403
42072 200
42073 200
42074 404
42075 404
42076 200
42077 200
42078 200
42079 200
42080 200
42081 200
42082 200
42083 200
42084 404
42085 404
42086 404
42087 200
42088 404
42089 200
42090 200
42091 200
42092 200
42093 200
42094 404
42095 200
42096 200
42097 200
42098 200
42099 200
42100 200
42101 200
42102 200
42103 200
42104 200
42105 200
42106 404
42107 200
42108 200
42109 200
42110 200
42111 200
42112 200
42113 200
42114 404
42115 200
42116 404
42117 200
42118 200
42119 200
42120 200
42121 200
42122 404
42123 200
42124 200
42125 200
42126 200
42127 200
42128 200
42129 200
42130 200
42131 200
42132 200
42133 200
42134 404
42135 200
42136 200
42137 200
42138 200
42139 404
42140 200
42141 403
42142 200
42143 404
42144 200
42145 200
42146 200
42147 200
42148 200
42149 404
42150 404
42151 403
42152 200
42153 200
42154 200
42155 200
42156 403
42157 200
42158 404
42159 404
42160 200
42161 200
42162 200
42163 403
42164 404
42165 404
42166 200
42167 403
42168 200
42169 404
42170 200
42171 200
42172 200
42173 200
42174 200
42175 200
42176 200
42177 200
42178 200
42179 200
42180 404
42181 200
42182 404
42183 200
42184 200
42185 200
42186 200
42187 404
42188 404
42189 404
42190 200
42191 404
42192 200
42193 404
42194 404
42195 200
42196 200
42197 404
42198 200
42199 200
42200 404
42201 200
42202 200
42203 200
42204 200
42205 404
42206 200
42207 200
42208 200
42209 200
42210 200
42211 200
42212 404
42213 200
42214 200
42215 200
42216 200
42217 200
42218 403
42219 404
42220 200
42221 200
42222 200
42223 200
42224 200
42225 200
42226 200
42227 200
42228 200
42229 200
42230 200
42231 200
42232 200
42233 200
42234 200
42235 200
42236 200
42237 200
42238 200
42239 200
42240 200
42241 200
42242 200
42243 200
42244 200
42245 200
42246 200
42247 200
42248 200
42249 200
42250 200
42251 200
42252 200
42253 200
42254 200
42255 200
42256 200
42257 200
42258 200
42259 200
42260 200
42261 200
42262 200
42263 200
42264 200
42265 200
42266 403
42267 200
42268 200
42269 404
42270 200
42271 200
42272 200
42273 200
42274 200
42275 200
42276 403
42277 404
42278 200
42279 200
42280 200
42281 200
42282 404
42283 200
42284 200
42285 200
42286 200
42287 200
42288 200
42289 200
42290 200
42291 200
42292 200
42293 200
42294 200
42295 404
42296 404
42297 404
42298 200
42299 200
42300 200
42301 200
42302 200
42303 403
42304 404
42305 200
42306 200
42307 200
42308 200
42309 200
42310 200
42311 200
42312 403
42313 200
42314 200
42315 200
42316 200
42317 200
42318 200
42319 200
42320 200
42321 200
42322 200
42323 404
42324 404
42325 200
42326 404
42327 200
42328 200
42329 200
42330 200
42331 200
42332 200
42333 404
42334 200
42335 200
42336 200
42337 200
42338 200
42339 200
42340 404
42341 200
42342 404
42343 200
42344 200
42345 404
42346 200
42347 200
42348 200
42349 200
42350 200
42351 200
42352 404
42353 200
42354 200
42355 200
42356 200
42357 200
42358 200
42359 404
42360 200
42361 200
42362 200
42363 404
42364 200
42365 200
42366 404
42367 200
42368 200
42369 404
42370 200
42371 200
42372 200
42373 200
42374 200
42375 200
42376 200
42377 200
42378 200
42379 404
42380 200
42381 200
42382 404
42383 200
42384 200
42385 200
42386 200
42387 200
42388 403
42389 200
42390 200
42391 403
42392 404
42393 200
42394 200
42395 200
42396 200
42397 200
42398 200
42399 200
42400 403
42401 200
42402 200
42403 200
42404 200
42405 404
42406 404
42407 404
42408 404
42409 200
42410 200
42411 403
42412 200
42413 404
42414 200
42415 200
42416 200
42417 403
42418 200
42419 200
42420 403
42421 200
42422 404
42423 200
42424 200
42425 200
42426 200
42427 404
42428 200
42429 200
42430 200
42431 200
42432 404
42433 200
42434 200
42435 200
42436 404
42437 200
42438 200
42439 200
42440 200
42441 200
42442 200
42443 200
42444 200
42445 200
42446 200
42447 200
42448 200
42449 200
42450 200
42451 200
42452 200
42453 200
42454 200
42455 200
42456 200
42457 200
42458 403
42459 200
42460 404
42461 404
42462 200
42463 200
42464 200
42465 200
42466 200
42467 200
42468 200
42469 404
42470 404
42471 200
42472 200
42473 200
42474 200
42475 404
42476 200
42477 200
42478 200
42479 200
42480 404
42481 200
42482 200
42483 200
42484 200
42485 200
42486 200
42487 200
42488 404
42489 200
42490 200
42491 200
42492 200
42493 200
42494 200
42495 404
42496 200
42497 200
42498 403
42499 200
42500 200
42501 200
42502 404
42503 200
42504 200
42505 200
42506 404
42507 200
42508 404
42509 200
42510 200
42511 200
42512 200
42513 200
42514 200
42515 200
42516 200
42517 200
42518 200
42519 200
42520 200
42521 200
42522 200
42523 200
42524 200
42525 200
42526 404
42527 200
42528 200
42529 200
42530 200
42531 404
42532 200
42533 404
42534 200
42535 200
42536 200
42537 200
42538 200
42539 200
42540 200
42541 404
42542 200
42543 200
42544 200
42545 200
42546 404
42547 200
42548 200
42549 404
42550 200
42551 403
42552 200
42553 200
42554 200
42555 200
42556 200
42557 200
42558 404
42559 404
42560 200
42561 404
42562 200
42563 200
42564 200
42565 200
42566 200
42567 200
42568 404
42569 200
42570 200
42571 200
42572 200
42573 200
42574 200
42575 200
42576 200
42577 200
42578 200
42579 404
42580 200
42581 200
42582 200
42583 200
42584 200
42585 200
42586 200
42587 200
42588 200
42589 200
42590 200
42591 200
42592 200
42593 200
42594 200
42595 200
42596 200
42597 200
42598 200
42599 200
42600 200
42601 200
42602 200
42603 200
42604 200
42605 200
42606 404
42607 200
42608 200
42609 200
42610 200
42611 200
42612 200
42613 200
42614 200
42615 200
42616 200
42617 200
42618 200
42619 200
42620 200
42621 404
42622 200
42623 200
42624 404
42625 200
42626 404
42627 200
42628 200
42629 403
42630 200
42631 200
42632 200
42633 404
42634 200
42635 200
42636 200
42637 200
42638 200
42639 200
42640 200
42641 200
42642 200
42643 200
42644 200
42645 200
42646 200
42647 200
42648 200
42649 200
42650 200
42651 200
42652 200
42653 200
42654 200
42655 200
42656 200
42657 404
42658 404
42659 200
42660 200
42661 200
42662 200
42663 200
42664 200
42665 200
42666 200
42667 200
42668 200
42669 200
42670 200
42671 200
42672 200
42673 200
42674 200
42675 200
42676 403
42677 200
42678 200
42679 200
42680 200
42681 200
42682 200
42683 404
42684 200
42685 200
42686 404
42687 404
42688 200
42689 404
42690 404
42691 200
42692 200
42693 200
42694 200
42695 403
42696 200
42697 404
42698 200
42699 200
42700 200
42701 200
42702 200
42703 200
42704 200
42705 200
42706 200
42707 200
42708 200
42709 200
42710 404
42711 200
42712 200
42713 200
42714 200
42715 200
42716 200
42717 403
42718 200
42719 200
42720 200
42721 200
42722 200
42723 200
42724 200
42725 404
42726 404
42727 403
42728 200
42729 200
42730 200
42731 200
42732 200
42733 404
42734 200
42735 404
42736 200
42737 200
42738 200
42739 200
42740 200
42741 404
42742 200
42743 200
42744 200
42745 404
42746 200
42747 200
42748 200
42749 200
42750 200
42751 200
42752 200
42753 200
42754 200
42755 200
42756 200
42757 200
42758 200
42759 200
42760 200
42761 200
42762 200
42763 200
42764 200
42765 403
42766 200
42767 404
42768 200
42769 403
42770 200
42771 200
42772 200
42773 404
42774 200
42775 200
42776 200
42777 200
42778 404
42779 200
42780 200
42781 200
42782 200
42783 404
42784 404
42785 200
42786 200
42787 404
42788 200
42789 200
42790 200
42791 200
42792 200
42793 404
42794 200
42795 200
42796 200
42797 200
42798 200
42799 200
42800 200
42801 200
42802 200
42803 200
42804 200
42805 200
42806 200
42807 200
42808 403
42809 200
42810 200
42811 200
42812 200
42813 404
42814 200
42815 200
42816 200
42817 200
42818 200
42819 200
42820 200
42821 200
42822 200
42823 200
42824 200
42825 200
42826 200
42827 200
42828 404
42829 200
42830 200
42831 200
42832 404
42833 200
42834 200
42835 404
42836 200
42837 200
42838 200
42839 200
42840 404
42841 404
42842 200
42843 200
42844 200
42845 200
42846 200
42847 200
42848 200
42849 404
42850 200
42851 200
42852 404
42853 200
42854 200
42855 200
42856 200
42857 200
42858 200
42859 200
42860 200
42861 200
42862 200
42863 200
42864 200
42865 200
42866 200
42867 200
42868 200
42869 200
42870 200
42871 404
42872 200
42873 200
42874 404
42875 200
42876 200
42877 200
42878 404
42879 200
42880 200
42881 403
42882 200
42883 200
42884 200
42885 200
42886 200
42887 403
42888 200
42889 404
42890 404
42891 200
42892 200
42893 200
42894 200
42895 200
42896 200
42897 200
42898 200
42899 200
42900 200
42901 403
42902 404
42903 200
42904 200
42905 200
42906 404
42907 200
42908 404
42909 404
42910 200
42911 200
42912 404
42913 403
42914 404
42915 200
42916 200
42917 200
42918 404
42919 200
42920 404
42921 200
42922 200
42923 200
42924 200
42925 200
42926 200
42927 200
42928 200
42929 200
42930 404
42931 200
42932 404
42933 200
42934 200
42935 404
42936 200
42937 200
42938 200
42939 404
42940 200
42941 404
42942 200
42943 200
42944 200
42945 404
42946 404
42947 404
42948 200
42949 404
42950 200
42951 200
42952 200
42953 404
42954 200
42955 200
42956 200
42957 200
42958 200
42959 200
42960 200
42961 200
42962 200
42963 200
42964 200
42965 200
42966 200
42967 200
42968 200
42969 200
42970 200
42971 200
42972 200
42973 200
42974 200
42975 200
42976 200
42977 200
42978 200
42979 200
42980 200
42981 404
42982 200
42983 200
42984 200
42985 200
42986 200
42987 404
42988 200
42989 200
42990 200
42991 200
42992 403
42993 200
42994 200
42995 200
42996 200
42997 200
42998 200
42999 200
43000 404
43001 200
43002 200
43003 200
43004 200
43005 200
43006 200
43007 200
43008 404
43009 200
43010 200
43011 404
43012 200
43013 200
43014 200
43015 404
43016 404
43017 200
43018 404
43019 200
43020 200
43021 200
43022 200
43023 200
43024 200
43025 200
43026 404
43027 200
43028 403
43029 200
43030 200
43031 403
43032 200
43033 200
43034 404
43035 404
43036 200
43037 200
43038 403
43039 200
43040 200
43041 200
43042 200
43043 200
43044 200
43045 404
43046 404
43047 200
43048 200
43049 404
43050 200
43051 200
43052 200
43053 200
43054 403
43055 200
43056 200
43057 404
43058 200
43059 200
43060 200
43061 200
43062 200
43063 200
43064 200
43065 200
43066 200
43067 200
43068 200
43069 404
43070 200
43071 200
43072 200
43073 403
43074 200
43075 200
43076 200
43077 200
43078 404
43079 200
43080 200
43081 200
43082 200
43083 200
43084 200
43085 200
43086 200
43087 404
43088 200
43089 200
43090 404
43091 404
43092 200
43093 404
43094 200
43095 200
43096 200
43097 404
43098 200
43099 404
43100 200
43101 200
43102 200
43103 404
43104 200
43105 200
43106 403
43107 200
43108 200
43109 200
43110 404
43111 200
43112 404
43113 200
43114 200
43115 200
43116 200
43117 200
43118 404
43119 200
43120 200
43121 200
43122 404
43123 200
43124 200
43125 200
43126 200
43127 200
43128 200
43129 404
43130 200
43131 200
43132 200
43133 200
43134 404
43135 200
43136 404
43137 200
43138 200
43139 200
43140 200
43141 200
43142 403
43143 200
43144 200
43145 200
43146 404
43147 200
43148 200
43149 200
43150 200
43151 200
43152 200
43153 200
43154 200
43155 200
43156 404
43157 200
43158 200
43159 200
43160 404
43161 200
43162 200
43163 200
43164 404
43165 200
43166 200
43167 200
43168 200
43169 200
43170 403
43171 200
43172 200
43173 200
43174 200
43175 200
43176 200
43177 200
43178 200
43179 404
43180 200
43181 200
43182 200
43183 200
43184 200
43185 200
43186 404
43187 404
43188 200
43189 200
43190 404
43191 200
43192 404
43193 200
43194 200
43195 200
43196 404
43197 200
43198 200
43199 200
43200 200
43201 403
43202 200
43203 200
43204 200
43205 200
43206 404
43207 200
43208 200
43209 200
43210 200
43211 200
43212 403
43213 200
43214 403
43215 200
43216 200
43217 200
43218 200
43219 200
43220 200
43221 200
43222 200
43223 200
43224 200
43225 404
43226 200
43227 404
43228 200
43229 404
43230 200
43231 200
43232 200
43233 200
43234 200
43235 200
43236 200
43237 200
43238 200
43239 200
43240 200
43241 200
43242 200
43243 200
43244 200
43245 200
43246 200
43247 404
43248 404
43249 404
43250 200
43251 200
43252 404
43253 200
43254 200
43255 200
43256 200
43257 200
43258 200
43259 200
43260 200
43261 200
43262 404
43263 200
43264 403
43265 200
43266 200
43267 200
43268 404
43269 200
43270 200
43271 200
43272 200
43273 200
43274 200
43275 200
43276 200
43277 403
43278 200
43279 200
43280 200
43281 200
43282 200
43283 404
43284 200
43285 200
43286 200
43287 200
43288 404
43289 200
43290 200
43291 200
43292 404
43293 200
43294 200
43295 200
43296 200
43297 200
43298 200
43299 200
43300 200
43301 200
43302 200
43303 200
43304 200
43305 200
43306 404
43307 200
43308 200
43309 200
43310 200
43311 200
43312 200
43313 200
43314 200
43315 200
43316 200
43317 200
43318 200
43319 200
43320 200
43321 200
43322 200
43323 404
43324 200
43325 404
43326 200
43327 404
43328 404
43329 200
43330 200
43331 200
43332 200
43333 200
43334 200
43335 200
43336 200
43337 200
43338 200
43339 404
43340 200
43341 200
43342 200
43343 403
43344 200
43345 200
43346 200
43347 200
43348 200
43349 200
43350 200
43351 200
43352 200
43353 200
43354 403
43355 200
43356 200
43357 404
43358 200
43359 200
43360 200
43361 200
43362 200
43363 200
43364 200
43365 200
43366 200
43367 200
43368 200
43369 200
43370 404
43371 200
43372 200
43373 200
43374 404
43375 200
43376 200
43377 200
43378 200
43379 200
43380 200
43381 200
43382 200
43383 404
43384 403
43385 200
43386 200
43387 200
43388 200
43389 200
43390 200
43391 200
43392 200
43393 200
43394 404
43395 200
43396 200
43397 200
43398 200
43399 200
43400 200
43401 200
43402 200
43403 200
43404 200
43405 200
43406 200
43407 200
43408 200
43409 404
43410 200
43411 200
43412 200
43413 200
43414 200
43415 200
43416 200
43417 200
43418 404
43419 200
43420 200
43421 200
43422 200
43423 404
43424 404
43425 200
43426 200
43427 200
43428 200
43429 200
43430 404
43431 403
43432 200
43433 403
43434 200
43435 200
43436 404
43437 404
43438 200
43439 200
43440 200
43441 200
43442 200
43443 403
43444 404
43445 200
43446 200
43447 403
43448 200
43449 200
43450 200
43451 200
43452 200
43453 403
43454 200
43455 200
43456 200
43457 200
43458 200
43459 200
43460 404
43461 200
43462 200
43463 200
43464 200
43465 200
43466 403
43467 200
43468 200
43469 200
43470 200
43471 200
43472 200
43473 404
43474 404
43475 200
43476 200
43477 404
43478 200
43479 200
43480 200
43481 200
43482 404
43483 200
43484 200
43485 200
43486 404
43487 200
43488 200
43489 200
43490 200
43491 200
43492 404
43493 200
43494 200
43495 200
43496 200
43497 404
43498 200
43499 200
43500 200
43501 200
43502 200
43503 200
43504 200
43505 200
43506 200
43507 404
43508 200
43509 200
43510 404
43511 200
43512 200
43513 200
43514 200
43515 200
43516 200
43517 200
43518 200
43519 200
43520 200
43521 200
43522 200
43523 200
43524 200
43525 200
43526 200
43527 200
43528 200
43529 404
43530 404
43531 200
43532 403
43533 200
43534 200
43535 200
43536 200
43537 200
43538 404
43539 200
43540 200
43541 200
43542 403
43543 200
43544 200
43545 200
43546 200
43547 404
43548 200
43549 200
43550 200
43551 200
43552 200
43553 200
43554 403
43555 404
43556 200
43557 200
43558 200
43559 200
43560 200
43561 404
43562 200
43563 200
43564 200
43565 200
43566 200
43567 200
43568 200
43569 200
43570 404
43571 200
43572 200
43573 200
43574 404
43575 404
43576 200
43577 200
43578 200
43579 200
43580 200
43581 200
43582 200
43583 200
43584 404
43585 200
43586 200
43587 200
43588 200
43589 200
43590 200
43591 403
43592 200
43593 200
43594 200
43595 200
43596 200
43597 200
43598 200
43599 404
43600 200
43601 200
43602 404
43603 200
43604 404
43605 200
43606 200
43607 200
43608 200
43609 404
43610 404
43611 200
43612 404
43613 200
43614 404
43615 200
43616 200
43617 200
43618 403
43619 403
43620 200
43621 200
43622 200
43623 200
43624 200
43625 200
43626 200
43627 404
43628 200
43629 200
43630 200
43631 200
43632 200
43633 200
43634 200
43635 200
43636 200
43637 200
43638 200
43639 200
43640 200
43641 200
43642 200
43643 200
43644 200
43645 200
43646 200
43647 200
43648 200
43649 200
43650 200
43651 200
43652 200
43653 200
43654 404
43655 200
43656 200
43657 200
43658 200
43659 200
43660 200
43661 200
43662 200
43663 200
43664 200
43665 200
43666 200
43667 200
43668 200
43669 200
43670 200
43671 200
43672 200
43673 200
43674 200
43675 200
43676 200
43677 200
43678 200
43679 200
43680 200
43681 200
43682 200
43683 200
43684 200
43685 200
43686 200
43687 404
43688 404
43689 404
43690 200
43691 200
43692 404
43693 200
43694 200
43695 200
43696 200
43697 200
43698 200
43699 200
43700 200
43701 200
43702 200
43703 404
43704 200
43705 200
43706 200
43707 200
43708 200
43709 200
43710 200
43711 200
43712 200
43713 404
43714 200
43715 404
43716 403
43717 200
43718 200
43719 200
43720 200
43721 200
43722 200
43723 200
43724 200
43725 200
43726 200
43727 200
43728 200
43729 200
43730 200
43731 200
43732 200
43733 200
43734 200
43735 200
43736 200
43737 404
43738 200
43739 200
43740 404
43741 200
43742 200
43743 200
43744 404
43745 200
43746 200
43747 200
43748 404
43749 200
43750 200
43751 200
43752 200
43753 200
43754 200
43755 403
43756 200
43757 200
43758 200
43759 200
43760 200
43761 200
43762 200
43763 200
43764 200
43765 200
43766 200
43767 200
43768 200
43769 200
43770 200
43771 200
43772 200
43773 403
43774 200
43775 200
43776 200
43777 200
43778 404
43779 404
43780 200
43781 200
43782 200
43783 200
43784 404
43785 200
43786 200
43787 200
43788 200
43789 200
43790 200
43791 200
43792 404
43793 200
43794 404
43795 200
43796 200
43797 200
43798 404
43799 200
43800 404
43801 200
43802 200
43803 200
43804 200
43805 200
43806 200
43807 200
43808 403
43809 200
43810 200
43811 200
43812 404
43813 200
43814 200
43815 200
43816 403
43817 200
43818 200
43819 200
43820 200
43821 200
43822 200
43823 200
43824 200
43825 200
43826 200
43827 200
43828 200
43829 200
43830 200
43831 200
43832 200
43833 200
43834 200
43835 200
43836 200
43837 200
43838 200
43839 200
43840 200
43841 200
43842 200
43843 200
43844 404
43845 200
43846 403
43847 200
43848 200
43849 200
43850 200
43851 200
43852 200
43853 403
43854 404
43855 404
43856 403
43857 200
43858 200
43859 200
43860 200
43861 200
43862 200
43863 200
43864 403
43865 200
43866 200
43867 404
43868 200
43869 200
43870 200
43871 200
43872 403
43873 200
43874 200
43875 200
43876 200
43877 404
43878 200
43879 200
43880 200
43881 200
43882 200
43883 200
43884 200
43885 404
43886 200
43887 200
43888 200
43889 200
43890 200
43891 200
43892 403
43893 200
43894 403
43895 200
43896 200
43897 200
43898 200
43899 200
43900 200
43901 200
43902 200
43903 404
43904 200
43905 403
43906 200
43907 200
43908 200
43909 200
43910 200
43911 404
43912 200
43913 404
43914 200
43915 200
43916 200
43917 200
43918 200
43919 200
43920 200
43921 200
43922 404
43923 200
43924 200
43925 200
43926 200
43927 200
43928 200
43929 200
43930 200
43931 404
43932 200
43933 200
43934 200
43935 200
43936 200
43937 200
43938 200
43939 200
43940 200
43941 200
43942 200
43943 200
43944 200
43945 200
43946 200
43947 404
43948 200
43949 200
43950 200
43951 200
43952 200
43953 200
43954 200
43955 200
43956 404
43957 200
43958 404
43959 200
43960 200
43961 200
43962 403
43963 200
43964 200
43965 200
43966 404
43967 200
43968 200
43969 200
43970 200
43971 200
43972 200
43973 200
43974 200
43975 200
43976 200
43977 404
43978 404
43979 200
43980 404
43981 200
43982 200
43983 200
43984 200
43985 200
43986 200
43987 200
43988 200
43989 403
43990 200
43991 200
43992 404
43993 200
43994 200
43995 200
43996 200
43997 200
43998 200
43999 404
44000 200
44001 200
44002 200
44003 404
44004 200
44005 200
44006 200
44007 200
44008 200
44009 200
44010 200
44011 404
44012 200
44013 200
44014 200
44015 200
44016 404
44017 200
44018 200
44019 200
44020 200
44021 200
44022 200
44023 200
44024 200
44025 404
44026 200
44027 404
44028 200
44029 200
44030 200
44031 200
44032 200
44033 200
44034 200
44035 200
44036 200
44037 200
44038 200
44039 200
44040 200
44041 200
44042 200
44043 200
44044 200
44045 200
44046 200
44047 404
44048 200
44049 200
44050 200
44051 200
44052 200
44053 200
44054 200
44055 200
44056 200
44057 200
44058 404
44059 200
44060 200
44061 200
44062 200
44063 200
44064 403
44065 200
44066 403
44067 200
44068 200
44069 200
44070 200
44071 200
44072 404
44073 200
44074 200
44075 200
44076 200
44077 404
44078 200
44079 404
44080 200
44081 200
44082 200
44083 200
44084 200
44085 200
44086 200
44087 200
44088 200
44089 200
44090 200
44091 403
44092 200
44093 200
44094 200
44095 200
44096 200
44097 200
44098 200
44099 200
44100 200
44101 200
44102 200
44103 200
44104 200
44105 200
44106 404
44107 403
44108 200
44109 200
44110 200
44111 200
44112 200
44113 200
44114 200
44115 200
44116 200
44117 200
44118 200
44119 200
44120 403
44121 200
44122 200
44123 403
44124 200
44125 200
44126 200
44127 200
44128 200
44129 200
44130 200
44131 200
44132 404
44133 404
44134 200
44135 200
44136 403
44137 403
44138 200
44139 200
44140 404
44141 200
44142 404
44143 200
44144 200
44145 404
44146 200
44147 200
44148 200
44149 200
44150 200
44151 200
44152 200
44153 200
44154 200
44155 200
44156 200
44157 404
44158 200
44159 200
44160 403
44161 200
44162 200
44163 200
44164 200
44165 200
44166 200
44167 200
44168 404
44169 403
44170 404
44171 200
44172 200
44173 200
44174 200
44175 200
44176 200
44177 403
44178 200
44179 200
44180 200
44181 200
44182 200
44183 200
44184 200
44185 200
44186 200
44187 200
44188 200
44189 200
44190 404
44191 403
44192 200
44193 200
44194 200
44195 200
44196 200
44197 200
44198 200
44199 404
44200 200
44201 200
44202 200
44203 200
44204 403
44205 200
44206 200
44207 200
44208 200
44209 404
44210 200
44211 200
44212 200
44213 404
44214 200
44215 200
44216 403
44217 200
44218 200
44219 200
44220 200
44221 404
44222 200
44223 200
44224 200
44225 200
44226 200
44227 404
44228 200
44229 200
44230 200
44231 404
44232 200
44233 404
44234 200
44235 404
44236 200
44237 200
44238 200
44239 200
44240 200
44241 200
44242 404
44243 404
44244 200
44245 404
44246 200
44247 403
44248 403
44249 200
44250 200
44251 404
44252 200
44253 200
44254 200
44255 404
44256 200
44257 404
44258 200
44259 200
44260 403
44261 200
44262 404
44263 200
44264 200
44265 403
44266 200
44267 404
44268 200
44269 200
44270 200
44271 200
44272 200
44273 200
44274 200
44275 200
44276 200
44277 200
44278 200
44279 200
44280 200
44281 200
44282 200
44283 404
44284 200
44285 200
44286 200
44287 200
44288 200
44289 200
44290 200
44291 200
44292 200
44293 200
44294 200
44295 200
44296 200
44297 403
44298 404
44299 200
44300 200
44301 200
44302 200
44303 200
44304 200
44305 404
44306 200
44307 200
44308 200
44309 200
44310 200
44311 200
44312 200
44313 404
44314 200
44315 200
44316 200
44317 200
44318 404
44319 200
44320 200
44321 200
44322 200
44323 200
44324 200
44325 200
44326 404
44327 200
44328 200
44329 200
44330 200
44331 200
44332 200
44333 200
44334 200
44335 200
44336 403
44337 200
44338 200
44339 200
44340 200
44341 200
44342 200
44343 200
44344 200
44345 200
44346 404
44347 200
44348 403
44349 200
44350 200
44351 404
44352 200
44353 200
44354 200
44355 200
44356 200
44357 200
44358 200
44359 200
44360 200
44361 403
44362 200
44363 200
44364 403
44365 200
44366 200
44367 200
44368 200
44369 200
44370 200
44371 200
44372 200
44373 200
44374 200
44375 200
44376 200
44377 200
44378 200
44379 200
44380 200
44381 200
44382 200
44383 200
44384 200
44385 200
44386 200
44387 200
44388 200
44389 200
44390 200
44391 200
44392 200
44393 200
44394 200
44395 200
44396 200
44397 200
44398 404
44399 200
44400 200
44401 200
44402 403
44403 200
44404 200
44405 200
44406 200
44407 200
44408 404
44409 200
44410 200
44411 200
44412 200
44413 200
44414 200
44415 200
44416 200
44417 200
44418 200
44419 200
44420 200
44421 200
44422 200
44423 200
44424 200
44425 404
44426 200
44427 200
44428 200
44429 200
44430 200
44431 200
44432 200
44433 200
44434 200
44435 200
44436 200
44437 200
44438 200
44439 200
44440 403
44441 200
44442 200
44443 200
44444 200
44445 200
44446 200
44447 200
44448 200
44449 403
44450 200
44451 404
44452 200
44453 403
44454 200
44455 200
44456 200
44457 404
44458 200
44459 404
44460 200
44461 200
44462 200
44463 200
44464 200
44465 200
44466 200
44467 200
44468 200
44469 404
44470 404
44471 200
44472 200
44473 200
44474 200
44475 200
44476 200
44477 200
44478 200
44479 200
44480 200
44481 200
44482 200
44483 200
44484 200
44485 200
44486 200
44487 200
44488 200
44489 200
44490 200
44491 200
44492 200
44493 200
44494 200
44495 200
44496 404
44497 200
44498 200
44499 200
44500 200
44501 200
44502 200
44503 200
44504 200
44505 200
44506 200
44507 200
44508 200
44509 200
44510 200
44511 200
44512 200
44513 200
44514 200
44515 200
44516 404
44517 200
44518 200
44519 404
44520 200
44521 404
44522 200
44523 200
44524 200
44525 200
44526 200
44527 200
44528 404
44529 200
44530 200
44531 200
44532 200
44533 404
44534 200
44535 200
44536 200
44537 200
44538 200
44539 200
44540 200
44541 200
44542 200
44543 403
44544 200
44545 200
44546 200
44547 404
44548 404
44549 200
44550 200
44551 404
44552 200
44553 200
44554 200
44555 200
44556 200
44557 200
44558 200
44559 200
44560 200
44561 404
44562 200
44563 200
44564 200
44565 404
44566 200
44567 404
44568 200
44569 200
44570 200
44571 403
44572 200
44573 200
44574 200
44575 200
44576 200
44577 200
44578 200
44579 200
44580 200
44581 200
44582 404
44583 200
44584 200
44585 404
44586 200
44587 403
44588 200
44589 200
44590 200
44591 200
44592 200
44593 200
44594 200
44595 200
44596 200
44597 200
44598 200
44599 200
44600 200
44601 404
44602 200
44603 200
44604 200
44605 200
44606 200
44607 403
44608 200
44609 200
44610 200
44611 404
44612 200
44613 404
44614 200
44615 200
44616 403
44617 200
44618 200
44619 200
44620 200
44621 200
44622 403
44623 404
44624 404
44625 404
44626 200
44627 200
44628 404
44629 200
44630 404
44631 200
44632 200
44633 403
44634 200
44635 200
44636 200
44637 404
44638 200
44639 200
44640 200
44641 200
44642 200
44643 200
44644 200
44645 200
44646 200
44647 200
44648 404
44649 403
44650 404
44651 200
44652 200
44653 404
44654 200
44655 200
44656 200
44657 200
44658 200
44659 200
44660 403
44661 200
44662 200
44663 200
44664 200
44665 200
44666 200
44667 200
44668 200
44669 200
44670 200
44671 200
44672 200
44673 200
44674 404
44675 200
44676 200
44677 200
44678 200
44679 200
44680 200
44681 200
44682 200
44683 200
44684 200
44685 200
44686 200
44687 200
44688 200
44689 200
44690 200
44691 200
44692 200
44693 200
44694 200
44695 200
44696 200
44697 404
44698 200
44699 200
44700 404
44701 200
44702 200
44703 200
44704 404
44705 200
44706 200
44707 200
44708 200
44709 200
44710 200
44711 403
44712 200
44713 200
44714 200
44715 200
44716 200
44717 200
44718 200
44719 200
44720 404
44721 200
44722 200
44723 200
44724 200
44725 200
44726 200
44727 403
44728 200
44729 200
44730 200
44731 200
44732 200
44733 200
44734 403
44735 200
44736 200
44737 200
44738 200
44739 200
44740 404
44741 200
44742 200
44743 200
44744 200
44745 200
44746 200
44747 200
44748 200
44749 200
44750 200
44751 404
44752 200
44753 200
44754 200
44755 200
44756 200
44757 200
44758 406
44759 200
44760 200
44761 200
44762 200
44763 200
44764 200
44765 404
44766 200
44767 404
44768 200
44769 200
44770 200
44771 200
44772 200
44773 200
44774 403
44775 404
44776 403
44777 200
44778 200
44779 200
44780 200
44781 200
44782 200
44783 200
44784 200
44785 200
44786 200
44787 200
44788 200
44789 200
44790 200
44791 200
44792 200
44793 200
44794 200
44795 404
44796 200
44797 200
44798 404
44799 200
44800 404
44801 200
44802 403
44803 200
44804 200
44805 200
44806 200
44807 200
44808 200
44809 404
44810 200
44811 200
44812 404
44813 200
44814 200
44815 200
44816 200
44817 200
44818 200
44819 200
44820 200
44821 200
44822 200
44823 200
44824 200
44825 200
44826 200
44827 200
44828 200
44829 200
44830 200
44831 200
44832 200
44833 200
44834 404
44835 200
44836 200
44837 200
44838 200
44839 200
44840 200
44841 404
44842 200
44843 404
44844 200
44845 404
44846 200
44847 200
44848 200
44849 200
44850 404
44851 200
44852 200
44853 200
44854 200
44855 200
44856 200
44857 200
44858 200
44859 200
44860 200
44861 200
44862 200
44863 200
44864 200
44865 200
44866 200
44867 200
44868 200
44869 200
44870 200
44871 200
44872 200
44873 200
44874 404
44875 200
44876 200
44877 200
44878 200
44879 200
44880 403
44881 200
44882 200
44883 200
44884 404
44885 200
44886 200
44887 200
44888 403
44889 200
44890 200
44891 200
44892 200
44893 404
44894 200
44895 200
44896 404
44897 200
44898 200
44899 404
44900 200
44901 200
44902 403
44903 200
44904 200
44905 200
44906 200
44907 200
44908 200
44909 200
44910 200
44911 200
44912 200
44913 200
44914 200
44915 200
44916 403
44917 404
44918 404
44919 200
44920 200
44921 200
44922 404
44923 200
44924 200
44925 404
44926 200
44927 200
44928 200
44929 403
44930 200
44931 404
44932 200
44933 200
44934 200
44935 404
44936 200
44937 200
44938 200
44939 404
44940 404
44941 200
44942 200
44943 200
44944 200
44945 200
44946 200
44947 200
44948 200
44949 200
44950 200
44951 200
44952 403
44953 200
44954 404
44955 404
44956 200
44957 404
44958 200
44959 200
44960 404
44961 200
44962 200
44963 200
44964 200
44965 200
44966 200
44967 200
44968 200
44969 200
44970 404
44971 200
44972 200
44973 200
44974 200
44975 200
44976 200
44977 200
44978 200
44979 200
44980 200
44981 200
44982 200
44983 200
44984 200
44985 200
44986 404
44987 200
44988 200
44989 404
44990 200
44991 200
44992 200
44993 200
44994 200
44995 200
44996 403
44997 200
44998 200
44999 200
45000 200
45001 200
45002 404
45003 200
45004 200
45005 200
45006 200
45007 200
45008 200
45009 200
45010 200
45011 200
45012 404
45013 200
45014 200
45015 404
45016 200
45017 200
45018 200
45019 200
45020 200
45021 404
45022 200
45023 200
45024 404
45025 404
45026 404
45027 404
45028 200
45029 200
45030 200
45031 200
45032 200
45033 200
45034 200
45035 200
45036 200
45037 200
45038 200
45039 200
45040 200
45041 404
45042 200
45043 404
45044 404
45045 200
45046 200
45047 200
45048 200
45049 403
45050 200
45051 200
45052 200
45053 200
45054 200
45055 200
45056 200
45057 200
45058 404
45059 200
45060 200
45061 200
45062 200
45063 200
45064 200
45065 200
45066 200
45067 404
45068 200
45069 200
45070 404
45071 200
45072 200
45073 200
45074 200
45075 200
45076 200
45077 200
45078 200
45079 200
45080 200
45081 200
45082 200
45083 404
45084 200
45085 200
45086 200
45087 404
45088 200
45089 200
45090 200
45091 200
45092 200
45093 200
45094 200
45095 200
45096 200
45097 200
45098 200
45099 200
45100 200
45101 200
45102 200
45103 404
45104 200
45105 200
45106 200
45107 404
45108 200
45109 200
45110 404
45111 200
45112 200
45113 404
45114 200
45115 200
45116 404
45117 200
45118 200
45119 404
45120 200
45121 200
45122 200
45123 200
45124 404
45125 200
45126 200
45127 200
45128 200
45129 200
45130 200
45131 200
45132 200
45133 200
45134 200
45135 404
45136 200
45137 200
45138 200
45139 403
45140 200
45141 200
45142 200
45143 200
45144 404
45145 200
45146 200
45147 200
45148 404
45149 200
45150 404
45151 404
45152 200
45153 200
45154 200
45155 404
45156 200
45157 200
45158 200
45159 200
45160 200
45161 200
45162 200
45163 200
45164 200
45165 200
45166 200
45167 200
45168 200
45169 200
45170 200
45171 200
45172 200
45173 200
45174 200
45175 200
45176 200
45177 200
45178 200
45179 404
45180 200
45181 200
45182 200
45183 200
45184 200
45185 200
45186 404
45187 200
45188 200
45189 200
45190 200
45191 200
45192 404
45193 200
45194 200
45195 404
45196 200
45197 200
45198 404
45199 404
45200 200
45201 200
45202 200
45203 403
45204 200
45205 200
45206 200
45207 200
45208 200
45209 200
45210 200
45211 200
45212 200
45213 200
45214 200
45215 200
45216 200
45217 404
45218 404
45219 200
45220 200
45221 200
45222 200
45223 200
45224 404
45225 200
45226 200
45227 200
45228 200
45229 200
45230 404
45231 200
45232 200
45233 200
45234 200
45235 200
45236 200
45237 200
45238 403
45239 200
45240 200
45241 200
45242 200
45243 200
45244 404
45245 200
45246 200
45247 200
45248 200
45249 200
45250 200
45251 200
45252 200
45253 200
45254 404
45255 200
45256 200
45257 200
45258 200
45259 200
45260 404
45261 200
45262 404
45263 200
45264 200
45265 404
45266 404
45267 200
45268 404
45269 200
45270 200
45271 200
45272 404
45273 200
45274 200
45275 403
45276 404
45277 200
45278 200
45279 200
45280 200
45281 200
45282 200
45283 200
45284 200
45285 200
45286 200
45287 200
45288 200
45289 404
45290 404
45291 403
45292 200
45293 200
45294 403
45295 200
45296 200
45297 404
45298 200
45299 404
45300 404
45301 200
45302 200
45303 200
45304 200
45305 200
45306 404
45307 200
45308 200
45309 200
45310 200
45311 200
45312 200
45313 200
45314 404
45315 200
45316 404
45317 200
45318 404
45319 404
45320 200
45321 404
45322 200
45323 200
45324 200
45325 200
45326 200
45327 404
45328 200
45329 200
45330 200
45331 200
45332 406
45333 200
45334 200
45335 200
45336 200
45337 200
45338 200
45339 200
45340 200
45341 200
45342 200
45343 200
45344 403
45345 200
45346 200
45347 200
45348 200
45349 200
45350 200
45351 404
45352 200
45353 200
45354 200
45355 200
45356 404
45357 200
45358 200
45359 200
45360 200
45361 200
45362 200
45363 200
45364 200
45365 200
45366 404
45367 200
45368 200
45369 200
45370 200
45371 200
45372 200
45373 200
45374 200
45375 200
45376 200
45377 200
45378 200
45379 200
45380 200
45381 200
45382 200
45383 200
45384 200
45385 200
45386 200
45387 200
45388 404
45389 200
45390 200
45391 200
45392 200
45393 200
45394 200
45395 200
45396 404
45397 403
45398 200
45399 200
45400 404
45401 200
45402 200
45403 404
45404 200
45405 200
45406 403
45407 200
45408 200
45409 200
45410 200
45411 200
45412 200
45413 404
45414 200
45415 404
45416 200
45417 200
45418 404
45419 200
45420 200
45421 404
45422 200
45423 200
45424 200
45425 200
45426 200
45427 200
45428 200
45429 200
45430 200
45431 200
45432 200
45433 200
45434 404
45435 200
45436 200
45437 200
45438 404
45439 200
45440 200
45441 200
45442 200
45443 200
45444 200
45445 200
45446 200
45447 200
45448 200
45449 200
45450 403
45451 200
45452 200
45453 200
45454 200
45455 200
45456 200
45457 200
45458 200
45459 200
45460 200
45461 200
45462 200
45463 200
45464 200
45465 200
45466 200
45467 200
45468 200
45469 200
45470 200
45471 200
45472 200
45473 200
45474 200
45475 200
45476 200
45477 404
45478 200
45479 200
45480 200
45481 200
45482 404
45483 200
45484 200
45485 200
45486 200
45487 200
45488 200
45489 200
45490 200
45491 200
45492 200
45493 200
45494 200
45495 200
45496 200
45497 200
45498 200
45499 404
45500 200
45501 200
45502 404
45503 404
45504 200
45505 200
45506 403
45507 200
45508 200
45509 403
45510 404
45511 200
45512 200
45513 200
45514 404
45515 200
45516 200
45517 200
45518 200
45519 200
45520 200
45521 200
45522 200
45523 200
45524 200
45525 200
45526 200
45527 200
45528 200
45529 200
45530 200
45531 200
45532 200
45533 200
45534 200
45535 200
45536 200
45537 200
45538 200
45539 200
45540 404
45541 200
45542 200
45543 200
45544 200
45545 200
45546 404
45547 200
45548 404
45549 404
45550 200
45551 200
45552 200
45553 200
45554 200
45555 404
45556 200
45557 200
45558 403
45559 403
45560 200
45561 200
45562 200
45563 200
45564 404
45565 200
45566 200
45567 404
45568 200
45569 200
45570 200
45571 200
45572 200
45573 200
45574 200
45575 200
45576 404
45577 200
45578 200
45579 200
45580 200
45581 200
45582 200
45583 200
45584 200
45585 200
45586 200
45587 404
45588 200
45589 404
45590 200
45591 404
45592 200
45593 200
45594 404
45595 200
45596 200
45597 200
45598 200
45599 200
45600 404
45601 404
45602 200
45603 404
45604 200
45605 200
45606 200
45607 200
45608 200
45609 200
45610 200
45611 200
45612 200
45613 200
45614 200
45615 200
45616 200
45617 200
45618 200
45619 200
45620 404
45621 200
45622 200
45623 404
45624 200
45625 200
45626 200
45627 404
45628 200
45629 200
45630 404
45631 404
45632 200
45633 404
45634 403
45635 200
45636 200
45637 404
45638 200
45639 200
45640 200
45641 200
45642 200
45643 200
45644 200
45645 200
45646 200
45647 404
45648 200
45649 200
45650 200
45651 403
45652 200
45653 200
45654 200
45655 404
45656 404
45657 200
45658 200
45659 200
45660 200
45661 200
45662 200
45663 200
45664 200
45665 200
45666 200
45667 200
45668 200
45669 200
45670 200
45671 200
45672 200
45673 200
45674 200
45675 200
45676 200
45677 200
45678 200
45679 200
45680 403
45681 200
45682 404
45683 200
45684 200
45685 200
45686 200
45687 200
45688 200
45689 200
45690 404
45691 200
45692 200
45693 200
45694 200
45695 200
45696 404
45697 404
45698 200
45699 200
45700 404
45701 404
45702 200
45703 404
45704 200
45705 200
45706 404
45707 200
45708 403
45709 200
45710 200
45711 200
45712 404
45713 200
45714 200
45715 200
45716 200
45717 200
45718 200
45719 404
45720 403
45721 200
45722 200
45723 200
45724 200
45725 200
45726 404
45727 200
45728 404
45729 200
45730 200
45731 200
45732 200
45733 200
45734 200
45735 200
45736 200
45737 404
45738 200
45739 200
45740 200
45741 200
45742 200
45743 200
45744 200
45745 200
45746 200
45747 403
45748 404
45749 200
45750 200
45751 200
45752 200
45753 200
45754 200
45755 200
45756 200
45757 403
45758 200
45759 404
45760 200
45761 200
45762 200
45763 200
45764 200
45765 200
45766 200
45767 200
45768 200
45769 200
45770 200
45771 200
45772 200
45773 200
45774 200
45775 200
45776 200
45777 200
45778 404
45779 404
45780 200
45781 200
45782 200
45783 200
45784 200
45785 200
45786 200
45787 200
45788 404
45789 200
45790 200
45791 200
45792 404
45793 200
45794 404
45795 200
45796 200
45797 200
45798 200
45799 404
45800 200
45801 200
45802 200
45803 404
45804 404
45805 200
45806 200
45807 404
45808 200
45809 200
45810 200
45811 200
45812 200
45813 200
45814 200
45815 200
45816 200
45817 404
45818 200
45819 200
45820 200
45821 200
45822 200
45823 200
45824 200
45825 200
45826 404
45827 200
45828 200
45829 200
45830 404
45831 200
45832 200
45833 404
45834 200
45835 404
45836 200
45837 200
45838 404
45839 200
45840 200
45841 200
45842 200
45843 200
45844 200
45845 404
45846 200
45847 200
45848 200
45849 200
45850 200
45851 200
45852 200
45853 200
45854 200
45855 200
45856 200
45857 200
45858 200
45859 200
45860 200
45861 200
45862 200
45863 200
45864 200
45865 200
45866 200
45867 200
45868 200
45869 404
45870 200
45871 200
45872 404
45873 200
45874 200
45875 200
45876 200
45877 200
45878 200
45879 200
45880 200
45881 200
45882 200
45883 200
45884 200
45885 200
45886 200
45887 200
45888 200
45889 200
45890 200
45891 404
45892 200
45893 200
45894 404
45895 200
45896 200
45897 403
45898 200
45899 404
45900 200
45901 403
45902 200
45903 200
45904 200
45905 200
45906 200
45907 200
45908 200
45909 200
45910 200
45911 200
45912 200
45913 200
45914 200
45915 200
45916 200
45917 200
45918 404
45919 200
45920 404
45921 200
45922 200
45923 200
45924 200
45925 200
45926 200
45927 200
45928 200
45929 200
45930 200
45931 200
45932 200
45933 200
45934 200
45935 200
45936 200
45937 200
45938 200
45939 200
45940 200
45941 200
45942 200
45943 200
45944 200
45945 200
45946 404
45947 200
45948 404
45949 200
45950 200
45951 404
45952 200
45953 200
45954 200
45955 404
45956 403
45957 404
45958 404
45959 200
45960 200
45961 404
45962 200
45963 200
45964 404
45965 200
45966 200
45967 200
45968 200
45969 200
45970 404
45971 200
45972 404
45973 200
45974 200
45975 200
45976 200
45977 200
45978 200
45979 200
45980 200
45981 200
45982 404
45983 200
45984 200
45985 200
45986 200
45987 200
45988 200
45989 404
45990 200
45991 200
45992 200
45993 200
45994 404
45995 200
45996 200
45997 200
45998 200
45999 200
46000 200
46001 200
46002 200
46003 200
46004 200
46005 404
46006 200
46007 404
46008 200
46009 200
46010 404
46011 200
46012 404
46013 200
46014 200
46015 200
46016 200
46017 200
46018 404
46019 200
46020 200
46021 200
46022 200
46023 200
46024 200
46025 200
46026 404
46027 200
46028 404
46029 200
46030 200
46031 200
46032 200
46033 200
46034 200
46035 200
46036 200
46037 200
46038 200
46039 200
46040 200
46041 200
46042 200
46043 200
46044 404
46045 200
46046 200
46047 200
46048 200
46049 200
46050 404
46051 200
46052 200
46053 200
46054 200
46055 404
46056 200
46057 404
46058 200
46059 200
46060 404
46061 403
46062 404
46063 200
46064 404
46065 200
46066 200
46067 404
46068 200
46069 200
46070 200
46071 200
46072 403
46073 200
46074 200
46075 404
46076 200
46077 200
46078 200
46079 404
46080 200
46081 404
46082 200
46083 200
46084 200
46085 200
46086 200
46087 404
46088 403
46089 404
46090 404
46091 200
46092 200
46093 200
46094 200
46095 200
46096 200
46097 200
46098 200
46099 200
46100 200
46101 200
46102 200
46103 200
46104 200
46105 200
46106 200
46107 404
46108 200
46109 403
46110 200
46111 200
46112 200
46113 200
46114 200
46115 200
46116 200
46117 200
46118 200
46119 403
46120 200
46121 200
46122 200
46123 200
46124 200
46125 200
46126 200
46127 200
46128 200
46129 404
46130 200
46131 200
46132 200
46133 200
46134 404
46135 200
46136 200
46137 200
46138 200
46139 200
46140 404
46141 200
46142 200
46143 404
46144 200
46145 200
46146 200
46147 200
46148 200
46149 404
46150 404
46151 200
46152 200
46153 200
46154 404
46155 200
46156 200
46157 200
46158 200
46159 403
46160 200
46161 200
46162 200
46163 200
46164 200
46165 200
46166 200
46167 200
46168 200
46169 200
46170 200
46171 200
46172 200
46173 404
46174 200
46175 200
46176 200
46177 200
46178 200
46179 200
46180 200
46181 404
46182 200
46183 200
46184 404
46185 200
46186 200
46187 200
46188 200
46189 200
46190 200
46191 200
46192 200
46193 200
46194 200
46195 200
46196 200
46197 200
46198 404
46199 200
46200 200
46201 200
46202 200
46203 200
46204 403
46205 200
46206 404
46207 404
46208 200
46209 200
46210 404
46211 200
46212 200
46213 200
46214 200
46215 200
46216 403
46217 200
46218 200
46219 200
46220 200
46221 404
46222 200
46223 200
46224 200
46225 200
46226 200
46227 404
46228 200
46229 200
46230 200
46231 200
46232 200
46233 200
46234 403
46235 200
46236 200
46237 404
46238 200
46239 404
46240 200
46241 403
46242 200
46243 200
46244 200
46245 200
46246 200
46247 200
46248 200
46249 200
46250 200
46251 200
46252 403
46253 200
46254 200
46255 200
46256 200
46257 404
46258 200
46259 200
46260 200
46261 200
46262 200
46263 200
46264 200
46265 200
46266 200
46267 404
46268 200
46269 200
46270 200
46271 200
46272 200
46273 403
46274 200
46275 200
46276 200
46277 404
46278 404
46279 404
46280 200
46281 200
46282 200
46283 403
46284 200
46285 200
46286 200
46287 404
46288 200
46289 200
46290 200
46291 200
46292 200
46293 200
46294 200
46295 200
46296 200
46297 200
46298 200
46299 200
46300 200
46301 200
46302 200
46303 200
46304 200
46305 200
46306 200
46307 200
46308 200
46309 200
46310 404
46311 200
46312 200
46313 404
46314 200
46315 200
46316 403
46317 200
46318 200
46319 200
46320 200
46321 200
46322 200
46323 404
46324 200
46325 404
46326 200
46327 200
46328 200
46329 200
46330 404
46331 200
46332 404
46333 404
46334 200
46335 200
46336 200
46337 404
46338 200
46339 200
46340 200
46341 200
46342 200
46343 404
46344 200
46345 200
46346 200
46347 200
46348 200
46349 200
46350 200
46351 200
46352 200
46353 200
46354 200
46355 200
46356 200
46357 404
46358 200
46359 200
46360 200
46361 200
46362 200
46363 200
46364 200
46365 404
46366 200
46367 200
46368 200
46369 200
46370 200
46371 200
46372 404
46373 200
46374 200
46375 200
46376 200
46377 200
46378 200
46379 200
46380 200
46381 200
46382 200
46383 200
46384 200
46385 404
46386 404
46387 200
46388 200
46389 200
46390 403
46391 200
46392 200
46393 200
46394 403
46395 404
46396 200
46397 403
46398 200
46399 404
46400 200
46401 200
46402 200
46403 200
46404 200
46405 200
46406 200
46407 200
46408 200
46409 200
46410 200
46411 403
46412 200
46413 200
46414 404
46415 200
46416 200
46417 200
46418 200
46419 200
46420 200
46421 200
46422 200
46423 200
46424 200
46425 403
46426 404
46427 200
46428 404
46429 200
46430 200
46431 200
46432 404
46433 200
46434 200
46435 200
46436 404
46437 200
46438 200
46439 200
46440 200
46441 200
46442 200
46443 200
46444 200
46445 200
46446 200
46447 200
46448 404
46449 200
46450 200
46451 200
46452 200
46453 404
46454 200
46455 200
46456 200
46457 200
46458 200
46459 200
46460 200
46461 200
46462 404
46463 200
46464 200
46465 200
46466 200
46467 200
46468 200
46469 200
46470 200
46471 403
46472 200
46473 200
46474 200
46475 200
46476 200
46477 200
46478 404
46479 200
46480 200
46481 200
46482 200
46483 404
46484 200
46485 200
46486 200
46487 200
46488 200
46489 200
46490 403
46491 404
46492 404
46493 200
46494 200
46495 200
46496 404
46497 200
46498 200
46499 200
46500 200
46501 404
46502 200
46503 200
46504 200
46505 404
46506 200
46507 200
46508 200
46509 200
46510 403
46511 200
46512 200
46513 200
46514 200
46515 200
46516 200
46517 200
46518 404
46519 200
46520 200
46521 200
46522 404
46523 200
46524 200
46525 404
46526 200
46527 200
46528 200
46529 200
46530 200
46531 200
46532 200
46533 200
46534 200
46535 200
46536 200
46537 200
46538 200
46539 200
46540 200
46541 403
46542 200
46543 404
46544 200
46545 200
46546 200
46547 200
46548 200
46549 200
46550 200
46551 404
46552 200
46553 200
46554 404
46555 200
46556 200
46557 200
46558 200
46559 200
46560 200
46561 200
46562 200
46563 200
46564 200
46565 200
46566 200
46567 200
46568 404
46569 200
46570 404
46571 200
46572 404
46573 200
46574 200
46575 200
46576 200
46577 404
46578 200
46579 200
46580 200
46581 200
46582 200
46583 200
46584 404
46585 404
46586 200
46587 200
46588 200
46589 200
46590 200
46591 403
46592 404
46593 200
46594 404
46595 200
46596 200
46597 404
46598 200
46599 200
46600 200
46601 200
46602 200
46603 403
46604 200
46605 200
46606 200
46607 200
46608 200
46609 200
46610 200
46611 200
46612 200
46613 200
46614 200
46615 200
46616 200
46617 200
46618 200
46619 200
46620 200
46621 200
46622 200
46623 200
46624 200
46625 200
46626 404
46627 200
46628 200
46629 404
46630 200
46631 200
46632 403
46633 403
46634 200
46635 404
46636 200
46637 200
46638 200
46639 200
46640 200
46641 200
46642 200
46643 200
46644 200
46645 200
46646 200
46647 200
46648 200
46649 200
46650 200
46651 200
46652 200
46653 404
46654 200
46655 404
46656 200
46657 200
46658 200
46659 200
46660 200
46661 404
46662 200
46663 200
46664 200
46665 200
46666 200
46667 200
46668 200
46669 200
46670 200
46671 200
46672 200
46673 200
46674 403
46675 200
46676 200
46677 200
46678 200
46679 200
46680 200
46681 200
46682 200
46683 200
46684 200
46685 200
46686 200
46687 200
46688 200
46689 200
46690 200
46691 200
46692 404
46693 200
46694 200
46695 200
46696 200
46697 200
46698 200
46699 200
46700 200
46701 404
46702 200
46703 200
46704 200
46705 200
46706 200
46707 200
46708 200
46709 200
46710 200
46711 404
46712 200
46713 200
46714 200
46715 200
46716 200
46717 200
46718 404
46719 404
46720 404
46721 200
46722 404
46723 200
46724 200
46725 200
46726 200
46727 200
46728 200
46729 200
46730 200
46731 200
46732 404
46733 404
46734 404
46735 404
46736 200
46737 200
46738 403
46739 200
46740 200
46741 200
46742 200
46743 200
46744 200
46745 200
46746 200
46747 200
46748 200
46749 200
46750 200
46751 404
46752 200
46753 200
46754 200
46755 200
46756 404
46757 200
46758 200
46759 403
46760 200
46761 200
46762 200
46763 200
46764 404
46765 200
46766 404
46767 200
46768 200
46769 200
46770 200
46771 404
46772 200
46773 200
46774 200
46775 200
46776 200
46777 200
46778 200
46779 200
46780 200
46781 200
46782 200
46783 200
46784 200
46785 200
46786 200
46787 200
46788 200
46789 403
46790 200
46791 404
46792 403
46793 404
46794 200
46795 200
46796 200
46797 200
46798 200
46799 200
46800 200
46801 404
46802 200
46803 200
46804 404
46805 403
46806 200
46807 200
46808 200
46809 200
46810 200
46811 200
46812 200
46813 404
46814 200
46815 200
46816 200
46817 200
46818 200
46819 200
46820 200
46821 200
46822 403
46823 404
46824 200
46825 200
46826 404
46827 200
46828 404
46829 200
46830 200
46831 403
46832 200
46833 200
46834 200
46835 404
46836 200
46837 404
46838 200
46839 200
46840 200
46841 403
46842 404
46843 200
46844 404
46845 200
46846 200
46847 403
46848 200
46849 200
46850 200
46851 200
46852 200
46853 200
46854 200
46855 200
46856 200
46857 200
46858 404
46859 404
46860 404
46861 403
46862 200
46863 200
46864 404
46865 200
46866 200
46867 200
46868 200
46869 200
46870 200
46871 403
46872 403
46873 200
46874 404
46875 200
46876 200
46877 200
46878 200
46879 200
46880 404
46881 200
46882 200
46883 200
46884 404
46885 200
46886 200
46887 200
46888 403
46889 200
46890 200
46891 200
46892 403
46893 200
46894 200
46895 200
46896 200
46897 200
46898 200
46899 200
46900 200
46901 200
46902 200
46903 200
46904 200
46905 200
46906 200
46907 200
46908 200
46909 403
46910 200
46911 200
46912 200
46913 404
46914 200
46915 404
46916 200
46917 404
46918 200
46919 200
46920 200
46921 200
46922 200
46923 200
46924 200
46925 200
46926 200
46927 200
46928 200
46929 200
46930 200
46931 404
46932 200
46933 200
46934 200
46935 200
46936 404
46937 200
46938 404
46939 200
46940 200
46941 200
46942 404
46943 200
46944 200
46945 404
46946 200
46947 200
46948 200
46949 200
46950 200
46951 200
46952 200
46953 200
46954 404
46955 404
46956 200
46957 200
46958 200
46959 200
46960 200
46961 200
46962 200
46963 200
46964 404
46965 404
46966 200
46967 200
46968 200
46969 200
46970 200
46971 200
46972 200
46973 404
46974 200
46975 200
46976 200
46977 200
46978 200
46979 200
46980 200
46981 200
46982 200
46983 200
46984 200
46985 200
46986 200
46987 200
46988 200
46989 404
46990 200
46991 200
46992 200
46993 200
46994 403
46995 200
46996 200
46997 200
46998 200
46999 404
47000 404
47001 200
47002 200
47003 200
47004 404
47005 200
47006 200
47007 200
47008 200
47009 200
47010 200
47011 200
47012 200
47013 200
47014 200
47015 200
47016 200
47017 200
47018 200
47019 200
47020 404
47021 200
47022 404
47023 200
47024 404
47025 200
47026 200
47027 200
47028 404
47029 200
47030 200
47031 200
47032 404
47033 404
47034 403
47035 200
47036 200
47037 200
47038 404
47039 200
47040 403
47041 200
47042 200
47043 200
47044 200
47045 200
47046 200
47047 200
47048 200
47049 200
47050 200
47051 200
47052 200
47053 200
47054 200
47055 200
47056 200
47057 200
47058 200
47059 200
47060 200
47061 200
47062 200
47063 200
47064 404
47065 200
47066 200
47067 200
47068 200
47069 200
47070 404
47071 200
47072 200
47073 200
47074 404
47075 200
47076 200
47077 404
47078 200
47079 200
47080 200
47081 200
47082 200
47083 404
47084 404
47085 200
47086 200
47087 200
47088 200
47089 200
47090 200
47091 200
47092 200
47093 200
47094 404
47095 200
47096 200
47097 403
47098 200
47099 200
47100 200
47101 200
47102 200
47103 200
47104 200
47105 404
47106 200
47107 200
47108 200
47109 200
47110 200
47111 200
47112 404
47113 200
47114 200
47115 200
47116 200
47117 200
47118 403
47119 200
47120 404
47121 200
47122 200
47123 200
47124 200
47125 200
47126 200
47127 403
47128 200
47129 200
47130 200
47131 200
47132 200
47133 200
47134 404
47135 200
47136 200
47137 404
47138 403
47139 200
47140 200
47141 200
47142 404
47143 200
47144 200
47145 200
47146 404
47147 200
47148 404
47149 200
47150 200
47151 404
47152 200
47153 200
47154 403
47155 200
47156 200
47157 200
47158 200
47159 200
47160 404
47161 200
47162 200
47163 200
47164 404
47165 200
47166 200
47167 200
47168 403
47169 200
47170 200
47171 200
47172 200
47173 200
47174 200
47175 200
47176 404
47177 200
47178 200
47179 200
47180 200
47181 200
47182 200
47183 200
47184 404
47185 200
47186 404
47187 200
47188 200
47189 200
47190 200
47191 200
47192 200
47193 200
47194 200
47195 200
47196 404
47197 200
47198 404
47199 200
47200 200
47201 200
47202 404
47203 200
47204 200
47205 200
47206 200
47207 200
47208 200
47209 200
47210 404
47211 200
47212 200
47213 200
47214 200
47215 404
47216 200
47217 200
47218 200
47219 200
47220 200
47221 200
47222 200
47223 200
47224 404
47225 200
47226 200
47227 200
47228 200
47229 404
47230 200
47231 200
47232 404
47233 200
47234 200
47235 200
47236 200
47237 200
47238 200
47239 404
47240 200
47241 404
47242 200
47243 200
47244 200
47245 200
47246 200
47247 200
47248 200
47249 200
47250 200
47251 200
47252 200
47253 200
47254 200
47255 200
47256 200
47257 200
47258 200
47259 200
47260 200
47261 200
47262 200
47263 200
47264 200
47265 200
47266 200
47267 200
47268 200
47269 200
47270 200
47271 200
47272 200
47273 200
47274 200
47275 200
47276 200
47277 200
47278 200
47279 404
47280 200
47281 200
47282 404
47283 200
47284 200
47285 200
47286 200
47287 200
47288 404
47289 200
47290 200
47291 200
47292 404
47293 200
47294 200
47295 200
47296 200
47297 200
47298 200
47299 200
47300 200
47301 200
47302 404
47303 200
47304 200
47305 200
47306 200
47307 200
47308 200
47309 200
47310 200
47311 200
47312 200
47313 200
47314 200
47315 200
47316 404
47317 200
47318 200
47319 200
47320 200
47321 200
47322 200
47323 200
47324 200
47325 200
47326 404
47327 403
47328 200
47329 200
47330 403
47331 404
47332 200
47333 200
47334 200
47335 200
47336 200
47337 200
47338 200
47339 200
47340 200
47341 200
47342 404
47343 200
47344 200
47345 200
47346 200
47347 200
47348 404
47349 200
47350 404
47351 200
47352 200
47353 200
47354 200
47355 200
47356 404
47357 200
47358 200
47359 200
47360 200
47361 200
47362 200
47363 403
47364 200
47365 200
47366 404
47367 200
47368 200
47369 200
47370 200
47371 200
47372 200
47373 200
47374 200
47375 200
47376 404
47377 200
47378 404
47379 200
47380 200
47381 200
47382 403
47383 200
47384 403
47385 200
47386 404
47387 404
47388 200
47389 200
47390 200
47391 200
47392 200
47393 200
47394 200
47395 404
47396 200
47397 200
47398 200
47399 200
47400 200
47401 404
47402 200
47403 200
47404 404
47405 200
47406 200
47407 200
47408 200
47409 200
47410 404
47411 200
47412 404
47413 200
47414 200
47415 200
47416 200
47417 200
47418 200
47419 200
47420 200
47421 200
47422 200
47423 200
47424 200
47425 200
47426 200
47427 200
47428 200
47429 200
47430 200
47431 403
47432 200
47433 200
47434 200
47435 200
47436 404
47437 200
47438 200
47439 200
47440 404
47441 200
47442 200
47443 200
47444 200
47445 200
47446 200
47447 200
47448 403
47449 200
47450 200
47451 200
47452 200
47453 200
47454 200
47455 404
47456 200
47457 200
47458 200
47459 403
47460 200
47461 403
47462 200
47463 200
47464 200
47465 200
47466 200
47467 200
47468 200
47469 404
47470 200
47471 404
47472 200
47473 200
47474 200
47475 200
47476 200
47477 200
47478 200
47479 200
47480 404
47481 200
47482 404
47483 200
47484 200
47485 200
47486 200
47487 404
47488 200
47489 200
47490 200
47491 200
47492 404
47493 200
47494 200
47495 200
47496 200
47497 200
47498 200
47499 200
47500 200
47501 200
47502 200
47503 404
47504 200
47505 200
47506 404
47507 404
47508 200
47509 404
47510 200
47511 200
47512 200
47513 200
47514 200
47515 200
47516 404
47517 200
47518 404
47519 200
47520 200
47521 200
47522 403
47523 200
47524 200
47525 200
47526 200
47527 200
47528 200
47529 200
47530 200
47531 200
47532 200
47533 200
47534 200
47535 404
47536 404
47537 200
47538 200
47539 200
47540 200
47541 200
47542 200
47543 403
47544 200
47545 200
47546 200
47547 200
47548 403
47549 200
47550 200
47551 404
47552 200
47553 200
47554 200
47555 200
47556 200
47557 200
47558 200
47559 404
47560 200
47561 200
47562 200
47563 200
47564 200
47565 200
47566 200
47567 200
47568 200
47569 200
47570 200
47571 404
47572 200
47573 403
47574 200
47575 200
47576 404
47577 200
47578 200
47579 200
47580 404
47581 200
47582 403
47583 200
47584 200
47585 404
47586 404
47587 200
47588 404
47589 200
47590 200
47591 200
47592 200
47593 200
47594 200
47595 200
47596 200
47597 200
47598 200
47599 200
47600 200
47601 200
47602 200
47603 200
47604 200
47605 404
47606 404
47607 200
47608 200
47609 200
47610 200
47611 200
47612 200
47613 200
47614 200
47615 200
47616 404
47617 200
47618 200
47619 200
47620 200
47621 403
47622 404
47623 200
47624 200
47625 200
47626 404
47627 200
47628 200
47629 200
47630 200
47631 200
47632 200
47633 200
47634 200
47635 200
47636 200
47637 200
47638 404
47639 200
47640 200
47641 200
47642 200
47643 200
47644 200
47645 200
47646 200
47647 200
47648 200
47649 200
47650 200
47651 200
47652 200
47653 200
47654 200
47655 200
47656 200
47657 200
47658 403
47659 200
47660 200
47661 200
47662 200
47663 200
47664 200
47665 200
47666 200
47667 200
47668 200
47669 200
47670 200
47671 200
47672 200
47673 404
47674 200
47675 200
47676 404
47677 200
47678 200
47679 200
47680 200
47681 200
47682 404
47683 200
47684 200
47685 200
47686 200
47687 200
47688 200
47689 200
47690 200
47691 200
47692 200
47693 200
47694 403
47695 200
47696 200
47697 403
47698 200
47699 200
47700 200
47701 200
47702 404
47703 200
47704 200
47705 403
47706 200
47707 200
47708 200
47709 200
47710 200
47711 404
47712 200
47713 200
47714 404
47715 200
47716 200
47717 403
47718 404
47719 404
47720 200
47721 200
47722 200
47723 200
47724 200
47725 200
47726 200
47727 200
47728 200
47729 200
47730 200
47731 200
47732 200
47733 200
47734 200
47735 200
47736 200
47737 200
47738 200
47739 200
47740 200
47741 200
47742 404
47743 200
47744 200
47745 200
47746 200
47747 200
47748 200
47749 200
47750 200
47751 200
47752 200
47753 200
47754 200
47755 200
47756 200
47757 200
47758 200
47759 200
47760 200
47761 200
47762 200
47763 403
47764 404
47765 200
47766 403
47767 200
47768 200
47769 200
47770 200
47771 200
47772 200
47773 200
47774 403
47775 200
47776 200
47777 404
47778 200
47779 200
47780 200
47781 200
47782 200
47783 200
47784 200
47785 200
47786 200
47787 200
47788 200
47789 200
47790 200
47791 200
47792 200
47793 403
47794 404
47795 200
47796 200
47797 404
47798 200
47799 200
47800 200
47801 200
47802 200
47803 404
47804 404
47805 200
47806 200
47807 404
47808 200
47809 404
47810 200
47811 404
47812 200
47813 200
47814 200
47815 200
47816 403
47817 200
47818 200
47819 200
47820 200
47821 200
47822 200
47823 200
47824 404
47825 200
47826 200
47827 200
47828 200
47829 404
47830 200
47831 200
47832 200
47833 404
47834 200
47835 200
47836 200
47837 404
47838 403
47839 200
47840 200
47841 200
47842 200
47843 200
47844 200
47845 200
47846 200
47847 403
47848 404
47849 200
47850 200
47851 200
47852 404
47853 200
47854 200
47855 200
47856 200
47857 200
47858 200
47859 200
47860 200
47861 404
47862 403
47863 200
47864 200
47865 200
47866 200
47867 200
47868 404
47869 200
47870 200
47871 200
47872 200
47873 200
47874 200
47875 200
47876 200
47877 200
47878 403
47879 200
47880 200
47881 200
47882 200
47883 200
47884 200
47885 200
47886 200
47887 404
47888 200
47889 404
47890 404
47891 404
47892 200
47893 403
47894 200
47895 200
47896 404
47897 200
47898 404
47899 404
47900 200
47901 200
47902 200
47903 200
47904 200
47905 404
47906 200
47907 200
47908 200
47909 200
47910 200
47911 200
47912 200
47913 200
47914 406
47915 200
47916 200
47917 200
47918 200
47919 200
47920 200
47921 403
47922 404
47923 200
47924 200
47925 200
47926 200
47927 200
47928 200
47929 200
47930 404
47931 200
47932 200
47933 200
47934 200
47935 404
47936 200
47937 200
47938 404
47939 200
47940 200
47941 200
47942 200
47943 200
47944 200
47945 200
47946 200
47947 200
47948 200
47949 200
47950 200
47951 200
47952 200
47953 200
47954 200
47955 200
47956 200
47957 200
47958 200
47959 404
47960 200
47961 200
47962 200
47963 200
47964 200
47965 200
47966 200
47967 200
47968 200
47969 200
47970 200
47971 200
47972 403
47973 200
47974 200
47975 200
47976 200
47977 200
47978 200
47979 200
47980 200
47981 403
47982 200
47983 200
47984 404
47985 200
47986 404
47987 200
47988 200
47989 404
47990 200
47991 200
47992 200
47993 200
47994 200
47995 200
47996 200
47997 404
47998 200
47999 200
48000 200
48001 404
48002 200
48003 200
48004 200
48005 200
48006 200
48007 404
48008 200
48009 404
48010 200
48011 200
48012 200
48013 200
48014 200
48015 200
48016 200
48017 200
48018 200
48019 200
48020 403
48021 200
48022 200
48023 404
48024 404
48025 200
48026 200
48027 403
48028 200
48029 200
48030 403
48031 200
48032 200
48033 200
48034 200
48035 200
48036 200
48037 404
48038 200
48039 200
48040 200
48041 200
48042 404
48043 200
48044 200
48045 200
48046 200
48047 200
48048 200
48049 404
48050 404
48051 200
48052 200
48053 200
48054 200
48055 404
48056 200
48057 404
48058 403
48059 200
48060 200
48061 200
48062 200
48063 200
48064 200
48065 404
48066 200
48067 200
48068 403
48069 404
48070 200
48071 200
48072 200
48073 200
48074 200
48075 200
48076 200
48077 200
48078 200
48079 200
48080 200
48081 403
48082 200
48083 404
48084 404
48085 200
48086 200
48087 404
48088 404
48089 200
48090 200
48091 200
48092 200
48093 200
48094 200
48095 404
48096 200
48097 200
48098 200
48099 200
48100 200
48101 200
48102 200
48103 200
48104 200
48105 200
48106 404
48107 200
48108 200
48109 200
48110 404
48111 200
48112 200
48113 200
48114 200
48115 200
48116 200
48117 200
48118 200
48119 200
48120 200
48121 200
48122 404
48123 200
48124 200
48125 200
48126 404
48127 200
48128 200
48129 404
48130 404
48131 200
48132 200
48133 200
48134 200
48135 200
48136 200
48137 200
48138 200
48139 200
48140 200
48141 200
48142 200
48143 200
48144 404
48145 403
48146 200
48147 200
48148 200
48149 200
48150 200
48151 200
48152 404
48153 200
48154 404
48155 200
48156 200
48157 404
48158 404
48159 404
48160 200
48161 200
48162 200
48163 403
48164 200
48165 200
48166 200
48167 200
48168 200
48169 200
48170 200
48171 200
48172 200
48173 200
48174 200
48175 200
48176 200
48177 200
48178 200
48179 200
48180 404
48181 403
48182 200
48183 200
48184 200
48185 200
48186 200
48187 200
48188 200
48189 404
48190 200
48191 404
48192 200
48193 200
48194 200
48195 200
48196 200
48197 200
48198 200
48199 200
48200 200
48201 200
48202 200
48203 200
48204 200
48205 200
48206 404
48207 200
48208 200
48209 404
48210 200
48211 200
48212 200
48213 404
48214 200
48215 200
48216 200
48217 200
48218 200
48219 200
48220 200
48221 200
48222 200
48223 200
48224 200
48225 200
48226 200
48227 200
48228 200
48229 403
48230 200
48231 403
48232 200
48233 200
48234 200
48235 200
48236 200
48237 200
48238 200
48239 200
48240 200
48241 404
48242 404
48243 404
48244 200
48245 200
48246 404
48247 200
48248 200
48249 200
48250 200
48251 200
48252 200
48253 200
48254 200
48255 200
48256 200
48257 200
48258 200
48259 200
48260 403
48261 404
48262 200
48263 200
48264 200
48265 200
48266 404
48267 200
48268 200
48269 200
48270 404
48271 200
48272 200
48273 404
48274 200
48275 200
48276 200
48277 200
48278 404
48279 404
48280 200
48281 200
48282 200
48283 200
48284 200
48285 200
48286 200
48287 200
48288 200
48289 200
48290 404
48291 200
48292 200
48293 200
48294 403
48295 200
48296 200
48297 200
48298 200
48299 200
48300 200
48301 200
48302 200
48303 404
48304 200
48305 200
48306 200
48307 200
48308 200
48309 200
48310 200
48311 404
48312 200
48313 404
48314 200
48315 200
48316 200
48317 200
48318 200
48319 200
48320 200
48321 200
48322 200
48323 200
48324 200
48325 200
48326 200
48327 200
48328 200
48329 404
48330 200
48331 200
48332 200
48333 200
48334 200
48335 200
48336 200
48337 404
48338 200
48339 200
48340 404
48341 200
48342 200
48343 200
48344 200
48345 404
48346 200
48347 200
48348 200
48349 200
48350 200
48351 200
48352 200
48353 200
48354 200
48355 200
48356 200
48357 200
48358 200
48359 404
48360 200
48361 404
48362 404
48363 200
48364 200
48365 200
48366 200
48367 200
48368 200
48369 200
48370 200
48371 200
48372 200
48373 404
48374 403
48375 200
48376 200
48377 200
48378 200
48379 404
48380 200
48381 200
48382 200
48383 200
48384 200
48385 200
48386 404
48387 200
48388 200
48389 200
48390 404
48391 200
48392 403
48393 404
48394 200
48395 200
48396 404
48397 403
48398 404
48399 404
48400 200
48401 200
48402 200
48403 200
48404 200
48405 200
48406 200
48407 200
48408 404
48409 200
48410 200
48411 200
48412 200
48413 200
48414 200
48415 200
48416 404
48417 200
48418 200
48419 200
48420 200
48421 403
48422 200
48423 200
48424 200
48425 200
48426 200
48427 200
48428 200
48429 200
48430 200
48431 200
48432 200
48433 200
48434 200
48435 200
48436 200
48437 404
48438 200
48439 200
48440 200
48441 404
48442 200
48443 200
48444 200
48445 200
48446 200
48447 200
48448 200
48449 200
48450 200
48451 200
48452 200
48453 200
48454 200
48455 200
48456 403
48457 200
48458 200
48459 200
48460 200
48461 200
48462 200
48463 200
48464 200
48465 404
48466 200
48467 200
48468 200
48469 403
48470 200
48471 200
48472 200
48473 200
48474 200
48475 200
48476 200
48477 200
48478 404
48479 200
48480 200
48481 200
48482 200
48483 200
48484 200
48485 200
48486 200
48487 403
48488 200
48489 200
48490 200
48491 200
48492 200
48493 200
48494 200
48495 200
48496 200
48497 200
48498 404
48499 200
48500 200
48501 404
48502 200
48503 200
48504 200
48505 200
48506 404
48507 200
48508 200
48509 200
48510 200
48511 404
48512 200
48513 200
48514 403
48515 403
48516 404
48517 404
48518 200
48519 200
48520 200
48521 200
48522 200
48523 200
48524 200
48525 200
48526 200
48527 200
48528 200
48529 200
48530 200
48531 200
48532 200
48533 200
48534 200
48535 404
48536 200
48537 200
48538 200
48539 200
48540 200
48541 200
48542 200
48543 200
48544 200
48545 200
48546 200
48547 200
48548 200
48549 200
48550 403
48551 200
48552 200
48553 200
48554 404
48555 200
48556 200
48557 200
48558 200
48559 404
48560 200
48561 200
48562 200
48563 200
48564 403
48565 200
48566 200
48567 200
48568 404
48569 404
48570 404
48571 200
48572 200
48573 200
48574 200
48575 404
48576 404
48577 403
48578 200
48579 200
48580 200
48581 404
48582 200
48583 200
48584 200
48585 404
48586 200
48587 200
48588 200
48589 200
48590 200
48591 200
48592 200
48593 200
48594 404
48595 200
48596 200
48597 200
48598 200
48599 200
48600 200
48601 200
48602 200
48603 200
48604 200
48605 200
48606 404
48607 200
48608 200
48609 200
48610 200
48611 200
48612 200
48613 200
48614 200
48615 200
48616 200
48617 200
48618 200
48619 200
48620 200
48621 200
48622 200
48623 200
48624 200
48625 200
48626 200
48627 403
48628 200
48629 200
48630 200
48631 200
48632 200
48633 200
48634 404
48635 200
48636 200
48637 404
48638 200
48639 200
48640 200
48641 200
48642 200
48643 404
48644 200
48645 200
48646 200
48647 404
48648 200
48649 200
48650 200
48651 200
48652 200
48653 200
48654 404
48655 200
48656 200
48657 200
48658 403
48659 200
48660 200
48661 200
48662 404
48663 404
48664 200
48665 200
48666 200
48667 200
48668 200
48669 404
48670 404
48671 200
48672 200
48673 403
48674 200
48675 404
48676 200
48677 200
48678 404
48679 200
48680 200
48681 404
48682 200
48683 404
48684 404
48685 404
48686 200
48687 404
48688 200
48689 404
48690 200
48691 200
48692 200
48693 403
48694 200
48695 200
48696 404
48697 200
48698 200
48699 404
48700 200
48701 200
48702 200
48703 200
48704 200
48705 404
48706 200
48707 200
48708 200
48709 200
48710 200
48711 200
48712 200
48713 200
48714 404
48715 200
48716 200
48717 200
48718 200
48719 200
48720 200
48721 200
48722 404
48723 200
48724 200
48725 200
48726 404
48727 200
48728 403
48729 404
48730 200
48731 404
48732 200
48733 200
48734 200
48735 200
48736 200
48737 404
48738 404
48739 200
48740 200
48741 200
48742 404
48743 404
48744 200
48745 200
48746 200
48747 200
48748 200
48749 200
48750 200
48751 200
48752 200
48753 200
48754 404
48755 200
48756 200
48757 200
48758 200
48759 200
48760 200
48761 200
48762 200
48763 200
48764 200
48765 200
48766 200
48767 200
48768 200
48769 200
48770 404
48771 200
48772 200
48773 404
48774 200
48775 200
48776 200
48777 200
48778 200
48779 200
48780 404
48781 200
48782 200
48783 200
48784 200
48785 200
48786 200
48787 200
48788 200
48789 200
48790 200
48791 200
48792 200
48793 200
48794 403
48795 403
48796 200
48797 200
48798 200
48799 200
48800 200
48801 200
48802 200
48803 200
48804 200
48805 200
48806 200
48807 200
48808 200
48809 404
48810 200
48811 200
48812 200
48813 200
48814 200
48815 403
48816 200
48817 200
48818 404
48819 200
48820 403
48821 404
48822 200
48823 200
48824 200
48825 200
48826 200
48827 200
48828 200
48829 200
48830 200
48831 404
48832 200
48833 200
48834 404
48835 200
48836 404
48837 200
48838 200
48839 200
48840 200
48841 200
48842 200
48843 200
48844 200
48845 200
48846 404
48847 200
48848 404
48849 200
48850 200
48851 200
48852 200
48853 200
48854 404
48855 200
48856 200
48857 200
48858 200
48859 200
48860 404
48861 200
48862 200
48863 200
48864 200
48865 404
48866 200
48867 200
48868 200
48869 200
48870 200
48871 404
48872 200
48873 200
48874 200
48875 200
48876 200
48877 200
48878 200
48879 404
48880 200
48881 404
48882 200
48883 200
48884 200
48885 200
48886 200
48887 404
48888 200
48889 200
48890 200
48891 200
48892 200
48893 200
48894 404
48895 200
48896 200
48897 200
48898 404
48899 200
48900 200
48901 403
48902 200
48903 200
48904 403
48905 200
48906 200
48907 200
48908 200
48909 200
48910 200
48911 200
48912 404
48913 200
48914 200
48915 200
48916 200
48917 200
48918 200
48919 200
48920 200
48921 200
48922 200
48923 200
48924 200
48925 404
48926 200
48927 403
48928 200
48929 200
48930 404
48931 200
48932 200
48933 200
48934 404
48935 403
48936 200
48937 200
48938 200
48939 200
48940 200
48941 403
48942 200
48943 200
48944 200
48945 200
48946 404
48947 404
48948 200
48949 200
48950 200
48951 200
48952 200
48953 200
48954 200
48955 404
48956 200
48957 200
48958 403
48959 200
48960 200
48961 200
48962 200
48963 404
48964 200
48965 200
48966 200
48967 200
48968 404
48969 404
48970 200
48971 200
48972 200
48973 200
48974 200
48975 200
48976 200
48977 200
48978 200
48979 200
48980 404
48981 200
48982 404
48983 200
48984 200
48985 200
48986 200
48987 200
48988 200
48989 200
48990 404
48991 404
48992 200
48993 200
48994 200
48995 404
48996 200
48997 200
48998 200
48999 200
49000 200
49001 200
49002 200
49003 404
49004 200
49005 200
49006 200
49007 200
49008 404
49009 200
49010 200
49011 404
49012 200
49013 200
49014 200
49015 200
49016 200
49017 404
49018 200
49019 200
49020 200
49021 200
49022 200
49023 200
49024 404
49025 200
49026 200
49027 200
49028 200
49029 200
49030 200
49031 200
49032 200
49033 200
49034 200
49035 200
49036 200
49037 200
49038 200
49039 200
49040 200
49041 200
49042 200
49043 200
49044 200
49045 200
49046 200
49047 200
49048 200
49049 200
49050 404
49051 200
49052 404
49053 200
49054 200
49055 200
49056 404
49057 200
49058 200
49059 200
49060 404
49061 200
49062 404
49063 200
49064 200
49065 200
49066 200
49067 200
49068 200
49069 200
49070 200
49071 200
49072 200
49073 403
49074 200
49075 200
49076 200
49077 200
49078 200
49079 403
49080 200
49081 200
49082 404
49083 200
49084 200
49085 200
49086 200
49087 200
49088 404
49089 404
49090 200
49091 200
49092 200
49093 200
49094 200
49095 200
49096 200
49097 403
49098 200
49099 200
49100 200
49101 200
49102 200
49103 200
49104 200
49105 200
49106 200
49107 200
49108 200
49109 200
49110 404
49111 200
49112 404
49113 200
49114 200
49115 200
49116 200
49117 404
49118 404
49119 200
49120 200
49121 200
49122 200
49123 200
49124 200
49125 200
49126 200
49127 200
49128 404
49129 200
49130 404
49131 200
49132 200
49133 200
49134 200
49135 200
49136 200
49137 200
49138 200
49139 200
49140 200
49141 200
49142 200
49143 200
49144 200
49145 200
49146 200
49147 200
49148 200
49149 200
49150 200
49151 200
49152 200
49153 200
49154 200
49155 200
49156 200
49157 404
49158 200
49159 404
49160 200
49161 200
49162 200
49163 200
49164 200
49165 200
49166 200
49167 200
49168 200
49169 200
49170 200
49171 200
49172 200
49173 200
49174 200
49175 200
49176 200
49177 200
49178 200
49179 200
49180 200
49181 200
49182 404
49183 200
49184 403
49185 200
49186 200
49187 200
49188 200
49189 404
49190 200
49191 200
49192 404
49193 200
49194 404
49195 200
49196 200
49197 200
49198 200
49199 200
49200 200
49201 200
49202 200
49203 200
49204 200
49205 200
49206 200
49207 200
49208 200
49209 200
49210 200
49211 200
49212 200
49213 200
49214 200
49215 200
49216 200
49217 200
49218 200
49219 404
49220 200
49221 200
49222 200
49223 200
49224 200
49225 200
49226 200
49227 200
49228 200
49229 200
49230 404
49231 200
49232 200
49233 404
49234 200
49235 200
49236 200
49237 200
49238 200
49239 200
49240 404
49241 200
49242 404
49243 404
49244 200
49245 200
49246 404
49247 200
49248 200
49249 200
49250 403
49251 404
49252 404
49253 200
49254 200
49255 200
49256 404
49257 200
49258 200
49259 200
49260 200
49261 200
49262 200
49263 200
49264 200
49265 200
49266 200
49267 200
49268 200
49269 200
49270 200
49271 200
49272 200
49273 200
49274 404
49275 200
49276 200
49277 200
49278 200
49279 200
49280 200
49281 200
49282 200
49283 200
49284 404
49285 200
49286 200
49287 404
49288 200
49289 200
49290 200
49291 200
49292 200
49293 200
49294 404
49295 200
49296 200
49297 200
49298 200
49299 404
49300 200
49301 200
49302 200
49303 200
49304 200
49305 200
49306 200
49307 200
49308 200
49309 404
49310 200
49311 200
49312 200
49313 404
49314 200
49315 200
49316 200
49317 403
49318 200
49319 200
49320 200
49321 200
49322 200
49323 404
49324 200
49325 200
49326 200
49327 200
49328 403
49329 200
49330 200
49331 200
49332 200
49333 200
49334 200
49335 200
49336 200
49337 200
49338 200
49339 404
49340 200
49341 200
49342 404
49343 200
49344 200
49345 200
49346 200
49347 200
49348 200
49349 404
49350 200
49351 200
49352 200
49353 200
49354 403
49355 200
49356 200
49357 200
49358 200
49359 200
49360 200
49361 404
49362 200
49363 200
49364 200
49365 404
49366 200
49367 403
49368 200
49369 200
49370 404
49371 200
49372 200
49373 200
49374 403
49375 404
49376 200
49377 200
49378 200
49379 200
49380 200
49381 200
49382 200
49383 200
49384 200
49385 200
49386 200
49387 404
49388 200
49389 200
49390 200
49391 200
49392 404
49393 404
49394 200
49395 200
49396 200
49397 200
49398 200
49399 200
49400 200
49401 404
49402 200
49403 200
49404 200
49405 200
49406 404
49407 200
49408 200
49409 200
49410 200
49411 200
49412 404
49413 200
49414 200
49415 200
49416 404
49417 200
49418 200
49419 200
49420 200
49421 200
49422 200
49423 404
49424 200
49425 404
49426 200
49427 200
49428 200
49429 403
49430 200
49431 200
49432 200
49433 200
49434 200
49435 404
49436 200
49437 200
49438 200
49439 404
49440 200
49441 200
49442 200
49443 404
49444 200
49445 404
49446 200
49447 200
49448 403
49449 200
49450 200
49451 200
49452 200
49453 404
49454 200
49455 200
49456 404
49457 404
49458 200
49459 200
49460 200
49461 200
49462 404
49463 200
49464 200
49465 200
49466 404
49467 200
49468 404
49469 200
49470 404
49471 403
49472 200
49473 200
49474 200
49475 200
49476 200
49477 200
49478 200
49479 200
49480 200
49481 200
49482 200
49483 404
49484 200
49485 403
49486 404
49487 200
49488 200
49489 200
49490 200
49491 200
49492 200
49493 200
49494 200
49495 200
49496 200
49497 200
49498 200
49499 403
49500 200
49501 200
49502 200
49503 200
49504 200
49505 200
49506 200
49507 200
49508 200
49509 200
49510 200
49511 200
49512 404
49513 200
49514 404
49515 200
49516 200
49517 200
49518 200
49519 200
49520 200
49521 200
49522 200
49523 200
49524 200
49525 200
49526 200
49527 200
49528 200
49529 200
49530 200
49531 200
49532 200
49533 200
49534 403
49535 200
49536 200
49537 200
49538 404
49539 404
49540 200
49541 200
49542 200
49543 200
49544 200
49545 200
49546 200
49547 200
49548 200
49549 200
49550 200
49551 404
49552 404
49553 200
49554 200
49555 200
49556 200
49557 200
49558 200
49559 200
49560 404
49561 200
49562 200
49563 200
49564 200
49565 200
49566 200
49567 200
49568 200
49569 404
49570 404
49571 200
49572 404
49573 404
49574 404
49575 200
49576 200
49577 200
49578 403
49579 404
49580 200
49581 200
49582 200
49583 200
49584 404
49585 200
49586 200
49587 200
49588 200
49589 200
49590 200
49591 200
49592 404
49593 200
49594 200
49595 200
49596 200
49597 200
49598 200
49599 404
49600 200
49601 200
49602 200
49603 200
49604 200
49605 200
49606 200
49607 200
49608 200
49609 200
49610 200
49611 403
49612 200
49613 200
49614 200
49615 200
49616 200
49617 404
49618 200
49619 200
49620 404
49621 200
49622 200
49623 200
49624 200
49625 200
49626 200
49627 404
49628 200
49629 200
49630 200
49631 200
49632 404
49633 200
49634 200
49635 404
49636 200
49637 200
49638 200
49639 200
49640 200
49641 200
49642 404
49643 200
49644 200
49645 200
49646 200
49647 200
49648 200
49649 200
49650 200
49651 200
49652 404
49653 404
49654 404
49655 200
49656 200
49657 200
49658 200
49659 404
49660 200
49661 200
49662 200
49663 404
49664 200
49665 200
49666 200
49667 200
49668 200
49669 200
49670 403
49671 200
49672 200
49673 200
49674 200
49675 404
49676 200
49677 200
49678 200
49679 404
49680 200
49681 200
49682 200
49683 200
49684 200
49685 403
49686 200
49687 200
49688 200
49689 403
49690 200
49691 200
49692 200
49693 200
49694 200
49695 200
49696 200
49697 200
49698 200
49699 200
49700 200
49701 200
49702 200
49703 200
49704 200
49705 200
49706 200
49707 200
49708 200
49709 200
49710 200
49711 200
49712 403
49713 404
49714 200
49715 200
49716 200
49717 200
49718 200
49719 403
49720 200
49721 404
49722 200
49723 200
49724 200
49725 200
49726 200
49727 200
49728 403
49729 200
49730 200
49731 200
49732 200
49733 200
49734 200
49735 404
49736 200
49737 200
49738 200
49739 200
49740 200
49741 200
49742 200
49743 200
49744 200
49745 200
49746 200
49747 404
49748 200
49749 200
49750 200
49751 403
49752 200
49753 200
49754 404
49755 200
49756 200
49757 200
49758 200
49759 200
49760 200
49761 200
49762 200
49763 200
49764 404
49765 200
49766 200
49767 200
49768 200
49769 200
49770 200
49771 200
49772 200
49773 200
49774 200
49775 200
49776 200
49777 200
49778 200
49779 200
49780 200
49781 200
49782 403
49783 200
49784 404
49785 200
49786 200
49787 404
49788 200
49789 200
49790 200
49791 404
49792 200
49793 200
49794 200
49795 200
49796 200
49797 404
49798 404
49799 200
49800 200
49801 200
49802 200
49803 200
49804 404
49805 404
49806 404
49807 200
49808 200
49809 200
49810 200
49811 200
49812 403
49813 200
49814 200
49815 200
49816 200
49817 200
49818 200
49819 200
49820 200
49821 200
49822 200
49823 200
49824 200
49825 404
49826 200
49827 200
49828 404
49829 200
49830 200
49831 200
49832 200
49833 404
49834 404
49835 200
49836 200
49837 200
49838 200
49839 404
49840 200
49841 200
49842 200
49843 200
49844 200
49845 200
49846 200
49847 403
49848 200
49849 200
49850 200
49851 200
49852 200
49853 404
49854 200
49855 200
49856 200
49857 200
49858 200
49859 200
49860 200
49861 200
49862 200
49863 200
49864 200
49865 404
49866 200
49867 200
49868 200
49869 200
49870 403
49871 200
49872 200
49873 200
49874 200
49875 200
49876 200
49877 200
49878 404
49879 200
49880 200
49881 404
49882 200
49883 404
49884 200
49885 200
49886 200
49887 200
49888 404
49889 200
49890 200
49891 200
49892 200
49893 200
49894 404
49895 200
49896 200
49897 200
49898 200
49899 200
49900 200
49901 404
49902 200
49903 200
49904 200
49905 200
49906 200
49907 200
49908 404
49909 200
49910 200
49911 404
49912 404
49913 404
49914 200
49915 200
49916 200
49917 404
49918 200
49919 200
49920 200
49921 200
49922 200
49923 200
49924 404
49925 200
49926 404
49927 200
49928 200
49929 200
49930 200
49931 404
49932 404
49933 200
49934 200
49935 200
49936 403
49937 200
49938 200
49939 404
49940 200
49941 200
49942 200
49943 200
49944 200
49945 200
49946 404
49947 200
49948 200
49949 200
49950 200
49951 200
49952 200
49953 200
49954 200
49955 200
49956 200
49957 200
49958 200
49959 404
49960 200
49961 200
49962 200
49963 200
49964 200
49965 200
49966 200
49967 200
49968 200
49969 200
49970 200
49971 200
49972 200
49973 200
49974 404
49975 200
49976 200
49977 200
49978 200
49979 200
49980 200
49981 200
49982 200
49983 200
49984 404
49985 404
49986 200
49987 200
49988 200
49989 200
49990 200
49991 200
49992 200
49993 200
49994 200
49995 200
49996 200
49997 200
49998 200
49999 200
50000 200
50001 200
50002 200
50003 200
50004 200
50005 200
50006 200
50007 200
50008 200
50009 200
50010 404
50011 200
50012 200
50013 200
50014 200
50015 200
50016 200
50017 404
50018 200
50019 404
50020 200
50021 404
50022 200
50023 200
50024 200
50025 200
50026 200
50027 200
50028 200
50029 200
50030 404
50031 200
50032 200
50033 404
50034 200
50035 200
50036 200
50037 200
50038 200
50039 200
50040 200
50041 200
50042 404
50043 200
50044 404
50045 200
50046 200
50047 404
50048 200
50049 200
50050 200
50051 404
50052 200
50053 200
50054 200
50055 200
50056 200
50057 200
50058 200
50059 200
50060 200
50061 200
50062 404
50063 200
50064 200
50065 200
50066 200
50067 200
50068 200
50069 200
50070 200
50071 200
50072 404
50073 404
50074 200
50075 200
50076 200
50077 200
50078 200
50079 200
50080 200
50081 404
50082 404
50083 200
50084 200
50085 200
50086 200
50087 200
50088 200
50089 200
50090 200
50091 200
50092 403
50093 200
50094 200
50095 200
50096 404
50097 200
50098 200
50099 200
50100 200
50101 200
50102 404
50103 200
50104 200
50105 200
50106 200
50107 200
50108 403
50109 200
50110 200
50111 200
50112 200
50113 200
50114 200
50115 200
50116 200
50117 404
50118 200
50119 404
50120 200
50121 200
50122 200
50123 200
50124 200
50125 200
50126 404
50127 200
50128 403
50129 200
50130 200
50131 200
50132 200
50133 200
50134 200
50135 200
50136 200
50137 200
50138 200
50139 403
50140 200
50141 404
50142 200
50143 404
50144 200
50145 200
50146 200
50147 200
50148 200
50149 404
50150 200
50151 200
50152 200
50153 200
50154 200
50155 200
50156 200
50157 200
50158 200
50159 404
50160 200
50161 200
50162 200
50163 200
50164 200
50165 200
50166 200
50167 403
50168 200
50169 200
50170 200
50171 200
50172 200
50173 200
50174 200
50175 200
50176 200
50177 200
50178 404
50179 200
50180 200
50181 200
50182 200
50183 200
50184 200
50185 200
50186 200
50187 200
50188 200
50189 200
50190 200
50191 200
50192 200
50193 200
50194 200
50195 200
50196 200
50197 404
50198 200
50199 200
50200 200
50201 200
50202 200
50203 200
50204 200
50205 200
50206 200
50207 200
50208 404
50209 200
50210 200
50211 200
50212 200
50213 404
50214 200
50215 200
50216 200
50217 200
50218 200
50219 200
50220 200
50221 200
50222 200
50223 200
50224 404
50225 200
50226 200
50227 200
50228 200
50229 200
50230 200
50231 200
50232 200
50233 200
50234 200
50235 200
50236 200
50237 404
50238 200
50239 200
50240 404
50241 200
50242 200
50243 200
50244 200
50245 404
50246 404
50247 200
50248 200
50249 200
50250 404
50251 200
50252 200
50253 200
50254 200
50255 200
50256 404
50257 200
50258 200
50259 200
50260 200
50261 200
50262 200
50263 404
50264 200
50265 200
50266 200
50267 200
50268 200
50269 200
50270 200
50271 200
50272 404
50273 200
50274 404
50275 200
50276 200
50277 404
50278 403
50279 200
50280 200
50281 200
50282 200
50283 200
50284 200
50285 404
50286 200
50287 200
50288 200
50289 200
50290 200
50291 200
50292 200
50293 200
50294 200
50295 200
50296 200
50297 200
50298 200
50299 200
50300 200
50301 200
50302 200
50303 200
50304 200
50305 200
50306 200
50307 200
50308 200
50309 200
50310 200
50311 200
50312 200
50313 200
50314 200
50315 200
50316 200
50317 200
50318 200
50319 200
50320 404
50321 200
50322 200
50323 200
50324 200
50325 200
50326 200
50327 200
50328 200
50329 200
50330 403
50331 404
50332 200
50333 200
50334 200
50335 200
50336 200
50337 200
50338 200
50339 404
50340 200
50341 200
50342 200
50343 200
50344 200
50345 404
50346 404
50347 200
50348 404
50349 200
50350 200
50351 200
50352 403
50353 200
50354 200
50355 200
50356 200
50357 200
50358 200
50359 200
50360 200
50361 200
50362 200
50363 200
50364 200
50365 200
50366 200
50367 200
50368 200
50369 200
50370 200
50371 200
50372 200
50373 403
50374 200
50375 200
50376 200
50377 200
50378 404
50379 200
50380 200
50381 200
50382 200
50383 200
50384 200
50385 200
50386 404
50387 200
50388 404
50389 200
50390 404
50391 200
50392 200
50393 200
50394 200
50395 200
50396 200
50397 200
50398 200
50399 200
50400 200
50401 200
50402 200
50403 404
50404 200
50405 200
50406 404
50407 200
50408 404
50409 200
50410 200
50411 404
50412 403
50413 200
50414 404
50415 200
50416 200
50417 200
50418 200
50419 200
50420 200
50421 200
50422 200
50423 200
50424 200
50425 200
50426 200
50427 200
50428 200
50429 200
50430 200
50431 200
50432 200
50433 200
50434 404
50435 200
50436 200
50437 200
50438 200
50439 200
50440 404
50441 200
50442 200
50443 200
50444 200
50445 200
50446 200
50447 200
50448 200
50449 200
50450 200
50451 200
50452 200
50453 200
50454 200
50455 404
50456 200
50457 200
50458 200
50459 404
50460 200
50461 404
50462 200
50463 200
50464 200
50465 200
50466 200
50467 200
50468 200
50469 200
50470 200
50471 200
50472 200
50473 200
50474 200
50475 200
50476 404
50477 200
50478 200
50479 200
50480 200
50481 200
50482 200
50483 200
50484 404
50485 200
50486 200
50487 200
50488 200
50489 200
50490 200
50491 200
50492 200
50493 200
50494 200
50495 200
50496 200
50497 200
50498 200
50499 200
50500 200
50501 200
50502 200
50503 200
50504 200
50505 200
50506 200
50507 404
50508 200
50509 200
50510 200
50511 200
50512 200
50513 200
50514 404
50515 404
50516 200
50517 200
50518 200
50519 200
50520 200
50521 200
50522 200
50523 404
50524 200
50525 404
50526 200
50527 404
50528 200
50529 404
50530 200
50531 404
50532 404
50533 200
50534 200
50535 404
50536 200
50537 200
50538 200
50539 200
50540 200
50541 200
50542 404
50543 200
50544 200
50545 200
50546 200
50547 200
50548 200
50549 404
50550 200
50551 403
50552 200
50553 200
50554 403
50555 200
50556 200
50557 200
50558 200
50559 404
50560 200
50561 200
50562 200
50563 200
50564 404
50565 200
50566 200
50567 200
50568 200
50569 403
50570 200
50571 200
50572 200
50573 200
50574 200
50575 200
50576 404
50577 200
50578 200
50579 404
50580 404
50581 200
50582 200
50583 404
50584 200
50585 200
50586 200
50587 200
50588 404
50589 200
50590 200
50591 200
50592 200
50593 404
50594 200
50595 200
50596 200
50597 200
50598 200
50599 200
50600 200
50601 404
50602 200
50603 200
50604 404
50605 404
50606 200
50607 200
50608 404
50609 200
50610 404
50611 200
50612 200
50613 200
50614 404
50615 200
50616 404
50617 200
50618 200
50619 200
50620 200
50621 200
50622 200
50623 200
50624 403
50625 200
50626 200
50627 200
50628 200
50629 200
50630 200
50631 200
50632 200
50633 200
50634 200
50635 200
50636 200
50637 200
50638 200
50639 404
50640 200
50641 200
50642 200
50643 200
50644 200
50645 200
50646 200
50647 404
50648 200
50649 404
50650 200
50651 200
50652 200
50653 200
50654 200
50655 404
50656 200
50657 200
50658 404
50659 404
50660 200
50661 200
50662 404
50663 404
50664 200
50665 200
50666 200
50667 200
50668 200
50669 404
50670 404
50671 200
50672 200
50673 200
50674 403
50675 200
50676 403
50677 200
50678 200
50679 200
50680 200
50681 200
50682 200
50683 200
50684 200
50685 200
50686 403
50687 200
50688 200
50689 200
50690 200
50691 200
50692 200
50693 200
50694 200
50695 403
50696 200
50697 200
50698 200
50699 404
50700 200
50701 200
50702 200
50703 200
50704 200
50705 200
50706 404
50707 200
50708 200
50709 200
50710 200
50711 404
50712 200
50713 404
50714 200
50715 200
50716 200
50717 404
50718 200
50719 200
50720 200
50721 200
50722 200
50723 200
50724 200
50725 200
50726 200
50727 200
50728 200
50729 403
50730 200
50731 200
50732 200
50733 200
50734 200
50735 200
50736 200
50737 200
50738 404
50739 200
50740 200
50741 200
50742 200
50743 200
50744 200
50745 200
50746 200
50747 200
50748 200
50749 200
50750 200
50751 200
50752 404
50753 200
50754 200
50755 200
50756 200
50757 404
50758 200
50759 200
50760 404
50761 200
50762 200
50763 200
50764 200
50765 200
50766 200
50767 200
50768 200
50769 200
50770 200
50771 200
50772 403
50773 200
50774 200
50775 200
50776 200
50777 200
50778 200
50779 404
50780 404
50781 200
50782 200
50783 200
50784 200
50785 200
50786 200
50787 200
50788 200
50789 200
50790 200
50791 200
50792 200
50793 200
50794 200
50795 403
50796 200
50797 200
50798 200
50799 404
50800 200
50801 200
50802 200
50803 200
50804 200
50805 200
50806 404
50807 404
50808 200
50809 200
50810 200
50811 200
50812 200
50813 200
50814 200
50815 200
50816 200
50817 200
50818 200
50819 200
50820 200
50821 200
50822 200
50823 200
50824 404
50825 200
50826 200
50827 200
50828 200
50829 200
50830 200
50831 200
50832 200
50833 200
50834 200
50835 200
50836 200
50837 200
50838 200
50839 200
50840 200
50841 200
50842 200
50843 404
50844 200
50845 200
50846 404
50847 404
50848 200
50849 200
50850 200
50851 200
50852 200
50853 200
50854 200
50855 404
50856 200
50857 200
50858 404
50859 200
50860 200
50861 200
50862 200
50863 200
50864 200
50865 200
50866 200
50867 200
50868 200
50869 200
50870 200
50871 200
50872 200
50873 200
50874 200
50875 200
50876 200
50877 200
50878 200
50879 200
50880 200
50881 200
50882 200
50883 200
50884 200
50885 200
50886 200
50887 200
50888 200
50889 404
50890 200
50891 200
50892 200
50893 200
50894 200
50895 200
50896 200
50897 200
50898 200
50899 200
50900 200
50901 404
50902 200
50903 200
50904 404
50905 200
50906 404
50907 200
50908 200
50909 200
50910 200
50911 200
50912 200
50913 404
50914 200
50915 404
50916 200
50917 200
50918 200
50919 200
50920 200
50921 200
50922 200
50923 200
50924 200
50925 200
50926 404
50927 404
50928 200
50929 404
50930 404
50931 200
50932 200
50933 200
50934 200
50935 200
50936 200
50937 200
50938 200
50939 404
50940 200
50941 404
50942 404
50943 200
50944 200
50945 200
50946 200
50947 200
50948 200
50949 200
50950 200
50951 200
50952 200
50953 200
50954 200
50955 200
50956 200
50957 200
50958 403
50959 200
50960 200
50961 404
50962 200
50963 200
50964 200
50965 200
50966 404
50967 200
50968 200
50969 200
50970 200
50971 200
50972 403
50973 200
50974 403
50975 200
50976 404
50977 200
50978 200
50979 200
50980 200
50981 200
50982 403
50983 200
50984 200
50985 404
50986 404
50987 200
50988 200
50989 200
50990 403
50991 200
50992 404
50993 404
50994 200
50995 200
50996 403
50997 200
50998 200
50999 200
51000 200
51001 200
51002 403
51003 200
51004 200
51005 200
51006 200
51007 200
51008 200
51009 200
51010 200
51011 200
51012 200
51013 404
51014 403
51015 200
51016 200
51017 200
51018 200
51019 404
51020 403
51021 200
51022 200
51023 404
51024 200
51025 200
51026 200
51027 200
51028 200
51029 200
51030 200
51031 200
51032 200
51033 200
51034 200
51035 200
51036 200
51037 200
51038 200
51039 200
51040 200
51041 404
51042 200
51043 403
51044 200
51045 200
51046 200
51047 200
51048 200
51049 200
51050 404
51051 403
51052 200
51053 404
51054 200
51055 200
51056 200
51057 200
51058 200
51059 200
51060 200
51061 200
51062 404
51063 200
51064 200
51065 200
51066 200
51067 200
51068 200
51069 200
51070 200
51071 404
51072 200
51073 200
51074 200
51075 200
51076 200
51077 200
51078 200
51079 200
51080 200
51081 200
51082 200
51083 200
51084 404
51085 200
51086 200
51087 200
51088 200
51089 200
51090 200
51091 200
51092 200
51093 200
51094 200
51095 404
51096 200
51097 200
51098 200
51099 200
51100 404
51101 404
51102 200
51103 404
51104 403
51105 200
51106 200
51107 200
51108 200
51109 403
51110 200
51111 200
51112 200
51113 200
51114 200
51115 200
51116 200
51117 200
51118 200
51119 200
51120 200
51121 200
51122 200
51123 200
51124 200
51125 200
51126 200
51127 200
51128 200
51129 403
51130 200
51131 200
51132 200
51133 200
51134 200
51135 200
51136 404
51137 200
51138 200
51139 200
51140 200
51141 403
51142 200
51143 403
51144 200
51145 200
51146 200
51147 200
51148 200
51149 200
51150 200
51151 200
51152 200
51153 200
51154 200
51155 200
51156 200
51157 200
51158 200
51159 200
51160 200
51161 200
51162 200
51163 200
51164 200
51165 200
51166 200
51167 200
51168 200
51169 200
51170 200
51171 404
51172 404
51173 200
51174 200
51175 200
51176 200
51177 200
51178 200
51179 200
51180 200
51181 200
51182 404
51183 200
51184 403
51185 200
51186 200
51187 404
51188 200
51189 200
51190 200
51191 200
51192 200
51193 200
51194 200
51195 200
51196 200
51197 200
51198 200
51199 200
51200 200
51201 200
51202 200
51203 200
51204 200
51205 200
51206 200
51207 404
51208 200
51209 200
51210 200
51211 200
51212 404
51213 200
51214 200
51215 200
51216 200
51217 200
51218 200
51219 200
51220 200
51221 200
51222 404
51223 200
51224 200
51225 404
51226 200
51227 200
51228 200
51229 200
51230 200
51231 200
51232 200
51233 200
51234 403
51235 200
51236 200
51237 200
51238 404
51239 200
51240 200
51241 404
51242 200
51243 200
51244 200
51245 200
51246 200
51247 404
51248 200
51249 404
51250 200
51251 404
51252 404
51253 200
51254 200
51255 200
51256 200
51257 200
51258 200
51259 200
51260 200
51261 200
51262 200
51263 200
51264 200
51265 403
51266 200
51267 404
51268 200
51269 200
51270 200
51271 200
51272 404
51273 200
51274 200
51275 200
51276 200
51277 200
51278 403
51279 200
51280 404
51281 200
51282 200
51283 200
51284 200
51285 200
51286 200
51287 200
51288 200
51289 200
51290 200
51291 404
51292 403
51293 200
51294 200
51295 200
51296 200
51297 404
51298 200
51299 200
51300 200
51301 200
51302 200
51303 200
51304 200
51305 200
51306 403
51307 200
51308 200
51309 200
51310 200
51311 200
51312 200
51313 200
51314 200
51315 404
51316 200
51317 200
51318 200
51319 200
51320 200
51321 404
51322 200
51323 200
51324 404
51325 200
51326 200
51327 200
51328 200
51329 404
51330 200
51331 404
51332 200
51333 200
51334 200
51335 200
51336 200
51337 200
51338 200
51339 200
51340 200
51341 200
51342 200
51343 200
51344 200
51345 200
51346 404
51347 200
51348 200
51349 200
51350 200
51351 200
51352 200
51353 200
51354 200
51355 200
51356 200
51357 200
51358 200
51359 200
51360 200
51361 200
51362 200
51363 404
51364 200
51365 200
51366 200
51367 200
51368 200
51369 200
51370 200
51371 200
51372 200
51373 200
51374 404
51375 200
51376 200
51377 200
51378 403
51379 200
51380 200
51381 200
51382 200
51383 200
51384 200
51385 200
51386 200
51387 200
51388 200
51389 200
51390 200
51391 403
51392 404
51393 200
51394 404
51395 404
51396 200
51397 200
51398 200
51399 200
51400 403
51401 200
51402 200
51403 200
51404 200
51405 200
51406 404
51407 404
51408 200
51409 200
51410 200
51411 200
51412 404
51413 200
51414 200
51415 200
51416 404
51417 403
51418 200
51419 200
51420 200
51421 200
51422 200
51423 200
51424 200
51425 200
51426 200
51427 200
51428 200
51429 200
51430 200
51431 200
51432 404
51433 200
51434 200
51435 200
51436 404
51437 200
51438 200
51439 404
51440 200
51441 200
51442 200
51443 200
51444 404
51445 200
51446 404
51447 200
51448 200
51449 200
51450 404
51451 404
51452 200
51453 200
51454 200
51455 200
51456 404
51457 200
51458 200
51459 200
51460 200
51461 404
51462 200
51463 200
51464 403
51465 200
51466 200
51467 200
51468 200
51469 200
51470 200
51471 403
51472 200
51473 200
51474 200
51475 200
51476 200
51477 200
51478 200
51479 200
51480 200
51481 200
51482 200
51483 200
51484 200
51485 200
51486 404
51487 200
51488 403
51489 200
51490 200
51491 200
51492 200
51493 404
51494 200
51495 403
51496 200
51497 200
51498 200
51499 200
51500 200
51501 404
51502 200
51503 200
51504 200
51505 404
51506 200
51507 200
51508 404
51509 200
51510 200
51511 200
51512 200
51513 200
51514 200
51515 200
51516 404
51517 200
51518 200
51519 200
51520 200
51521 200
51522 200
51523 200
51524 200
51525 404
51526 200
51527 404
51528 200
51529 200
51530 200
51531 200
51532 200
51533 404
51534 200
51535 404
51536 200
51537 200
51538 404
51539 404
51540 200
51541 200
51542 200
51543 200
51544 200
51545 404
51546 200
51547 200
51548 200
51549 404
51550 200
51551 200
51552 200
51553 404
51554 200
51555 200
51556 200
51557 200
51558 200
51559 200
51560 200
51561 404
51562 200
51563 200
51564 200
51565 200
51566 200
51567 200
51568 200
51569 200
51570 200
51571 200
51572 200
51573 200
51574 200
51575 200
51576 200
51577 200
51578 200
51579 200
51580 200
51581 404
51582 200
51583 200
51584 200
51585 200
51586 200
51587 404
51588 200
51589 200
51590 200
51591 200
51592 200
51593 200
51594 200
51595 404
51596 200
51597 200
51598 200
51599 200
51600 200
51601 200
51602 200
51603 200
51604 200
51605 403
51606 200
51607 403
51608 200
51609 200
51610 200
51611 200
51612 200
51613 200
51614 404
51615 200
51616 404
51617 200
51618 200
51619 200
51620 200
51621 200
51622 404
51623 404
51624 200
51625 404
51626 200
51627 200
51628 200
51629 200
51630 200
51631 200
51632 200
51633 200
51634 200
51635 200
51636 200
51637 200
51638 200
51639 200
51640 200
51641 200
51642 200
51643 200
51644 200
51645 200
51646 200
51647 200
51648 404
51649 200
51650 404
51651 404
51652 200
51653 404
51654 200
51655 200
51656 200
51657 200
51658 200
51659 200
51660 200
51661 200
51662 200
51663 200
51664 403
51665 200
51666 200
51667 200
51668 200
51669 404
51670 404
51671 200
51672 200
51673 200
51674 200
51675 200
51676 200
51677 200
51678 200
51679 200
51680 200
51681 404
51682 200
51683 200
51684 200
51685 404
51686 404
51687 200
51688 200
51689 403
51690 403
51691 404
51692 200
51693 200
51694 200
51695 200
51696 200
51697 200
51698 404
51699 404
51700 200
51701 200
51702 200
51703 404
51704 200
51705 200
51706 200
51707 200
51708 200
51709 404
51710 200
51711 404
51712 404
51713 403
51714 404
51715 200
51716 200
51717 200
51718 200
51719 404
51720 200
51721 200
51722 200
51723 404
51724 200
51725 404
51726 200
51727 200
51728 200
51729 200
51730 403
51731 200
51732 403
51733 200
51734 200
51735 404
51736 200
51737 404
51738 404
51739 200
51740 200
51741 200
51742 200
51743 200
51744 200
51745 200
51746 404
51747 200
51748 404
51749 200
51750 200
51751 200
51752 200
51753 200
51754 200
51755 200
51756 200
51757 200
51758 404
51759 200
51760 200
51761 200
51762 200
51763 200
51764 403
51765 200
51766 200
51767 200
51768 200
51769 404
51770 404
51771 200
51772 200
51773 200
51774 200
51775 404
51776 200
51777 200
51778 200
51779 404
51780 200
51781 200
51782 200
51783 200
51784 404
51785 200
51786 200
51787 200
51788 200
51789 404
51790 200
51791 200
51792 200
51793 404
51794 200
51795 200
51796 200
51797 200
51798 200
51799 200
51800 404
51801 404
51802 200
51803 200
51804 200
51805 200
51806 403
51807 200
51808 200
51809 200
51810 200
51811 200
51812 200
51813 200
51814 403
51815 404
51816 200
51817 200
51818 200
51819 200
51820 200
51821 200
51822 200
51823 200
51824 403
51825 200
51826 200
51827 200
51828 200
51829 200
51830 404
51831 200
51832 200
51833 200
51834 200
51835 200
51836 200
51837 200
51838 200
51839 200
51840 200
51841 200
51842 200
51843 200
51844 200
51845 200
51846 200
51847 200
51848 200
51849 404
51850 200
51851 200
51852 200
51853 404
51854 200
51855 200
51856 200
51857 200
51858 200
51859 200
51860 200
51861 200
51862 200
51863 200
51864 200
51865 200
51866 200
51867 200
51868 200
51869 200
51870 404
51871 200
51872 200
51873 200
51874 403
51875 200
51876 200
51877 200
51878 200
51879 200
51880 200
51881 200
51882 200
51883 404
51884 200
51885 200
51886 200
51887 200
51888 200
51889 200
51890 200
51891 200
51892 404
51893 200
51894 200
51895 404
51896 200
51897 200
51898 200
51899 200
51900 200
51901 200
51902 200
51903 200
51904 200
51905 404
51906 200
51907 200
51908 404
51909 200
51910 200
51911 200
51912 200
51913 200
51914 200
51915 200
51916 404
51917 404
51918 404
51919 200
51920 404
51921 403
51922 200
51923 404
51924 200
51925 200
51926 404
51927 200
51928 200
51929 200
51930 404
51931 200
51932 404
51933 200
51934 404
51935 200
51936 200
51937 200
51938 200
51939 404
51940 200
51941 403
51942 200
51943 200
51944 200
51945 200
51946 200
51947 200
51948 404
51949 200
51950 200
51951 200
51952 200
51953 200
51954 200
51955 200
51956 404
51957 200
51958 200
51959 200
51960 200
51961 200
51962 200
51963 200
51964 200
51965 404
51966 200
51967 200
51968 404
51969 404
51970 200
51971 200
51972 200
51973 200
51974 200
51975 200
51976 200
51977 200
51978 200
51979 404
51980 200
51981 200
51982 404
51983 404
51984 200
51985 200
51986 200
51987 200
51988 200
51989 200
51990 200
51991 404
51992 200
51993 200
51994 200
51995 200
51996 200
51997 200
51998 200
51999 404
52000 200
52001 404
52002 200
52003 200
52004 403
52005 200
52006 200
52007 200
52008 200
52009 200
52010 200
52011 200
52012 200
52013 200
52014 404
52015 404
52016 200
52017 404
52018 200
52019 200
52020 200
52021 200
52022 200
52023 200
52024 200
52025 404
52026 200
52027 200
52028 200
52029 404
52030 200
52031 200
52032 200
52033 200
52034 200
52035 404
52036 200
52037 200
52038 200
52039 200
52040 403
52041 200
52042 404
52043 404
52044 200
52045 200
52046 200
52047 200
52048 200
52049 200
52050 404
52051 403
52052 404
52053 200
52054 200
52055 200
52056 200
52057 200
52058 404
52059 200
52060 200
52061 404
52062 200
52063 200
52064 200
52065 403
52066 200
52067 200
52068 200
52069 200
52070 200
52071 200
52072 200
52073 200
52074 200
52075 200
52076 200
52077 404
52078 404
52079 404
52080 403
52081 200
52082 200
52083 403
52084 200
52085 200
52086 403
52087 200
52088 404
52089 200
52090 200
52091 404
52092 200
52093 200
52094 200
52095 404
52096 200
52097 200
52098 404
52099 404
52100 200
52101 200
52102 200
52103 200
52104 200
52105 200
52106 200
52107 200
52108 200
52109 200
52110 200
52111 200
52112 200
52113 200
52114 200
52115 200
52116 404
52117 200
52118 200
52119 200
52120 404
52121 200
52122 404
52123 404
52124 200
52125 404
52126 404
52127 200
52128 200
52129 200
52130 200
52131 200
52132 404
52133 200
52134 200
52135 403
52136 200
52137 200
52138 200
52139 200
52140 200
52141 200
52142 200
52143 200
52144 200
52145 200
52146 200
52147 200
52148 200
52149 200
52150 200
52151 404
52152 200
52153 200
52154 200
52155 404
52156 200
52157 200
52158 200
52159 200
52160 404
52161 404
52162 200
52163 200
52164 200
52165 200
52166 200
52167 200
52168 200
52169 200
52170 200
52171 200
52172 200
52173 200
52174 200
52175 200
52176 200
52177 200
52178 200
52179 200
52180 200
52181 200
52182 200
52183 200
52184 200
52185 404
52186 200
52187 200
52188 200
52189 200
52190 200
52191 200
52192 200
52193 200
52194 404
52195 200
52196 200
52197 200
52198 404
52199 200
52200 200
52201 200
52202 200
52203 404
52204 200
52205 200
52206 404
52207 200
52208 404
52209 404
52210 200
52211 200
52212 200
52213 200
52214 200
52215 200
52216 200
52217 200
52218 200
52219 200
52220 200
52221 200
52222 200
52223 404
52224 404
52225 200
52226 200
52227 404
52228 200
52229 200
52230 200
52231 200
52232 200
52233 200
52234 404
52235 200
52236 200
52237 404
52238 200
52239 200
52240 200
52241 200
52242 404
52243 404
52244 200
52245 200
52246 200
52247 200
52248 200
52249 200
52250 403
52251 200
52252 200
52253 200
52254 200
52255 200
52256 200
52257 200
52258 200
52259 200
52260 200
52261 404
52262 200
52263 200
52264 200
52265 403
52266 200
52267 200
52268 200
52269 200
52270 200
52271 200
52272 200
52273 200
52274 200
52275 404
52276 200
52277 200
52278 200
52279 200
52280 200
52281 404
52282 200
52283 404
52284 200
52285 200
52286 200
52287 200
52288 200
52289 404
52290 200
52291 200
52292 200
52293 200
52294 200
52295 200
52296 200
52297 200
52298 200
52299 200
52300 200
52301 200
52302 200
52303 200
52304 200
52305 200
52306 404
52307 200
52308 404
52309 403
52310 200
52311 200
52312 404
52313 404
52314 200
52315 200
52316 404
52317 200
52318 200
52319 200
52320 200
52321 200
52322 200
52323 200
52324 200
52325 404
52326 200
52327 200
52328 200
52329 200
52330 404
52331 200
52332 200
52333 403
52334 200
52335 200
52336 200
52337 200
52338 404
52339 200
52340 200
52341 200
52342 200
52343 200
52344 200
52345 403
52346 200
52347 200
52348 403
52349 200
52350 403
52351 200
52352 404
52353 200
52354 200
52355 200
52356 200
52357 200
52358 200
52359 200
52360 200
52361 200
52362 200
52363 200
52364 200
52365 200
52366 200
52367 200
52368 200
52369 200
52370 404
52371 404
52372 200
52373 200
52374 200
52375 200
52376 404
52377 200
52378 200
52379 200
52380 200
52381 200
52382 404
52383 200
52384 200
52385 200
52386 200
52387 200
52388 200
52389 200
52390 200
52391 200
52392 200
52393 404
52394 404
52395 200
52396 200
52397 200
52398 200
52399 403
52400 403
52401 200
52402 200
52403 200
52404 200
52405 200
52406 200
52407 200
52408 200
52409 200
52410 200
52411 200
52412 200
52413 200
52414 200
52415 200
52416 200
52417 404
52418 200
52419 200
52420 200
52421 200
52422 200
52423 200
52424 200
52425 200
52426 200
52427 200
52428 200
52429 200
52430 200
52431 200
52432 200
52433 404
52434 200
52435 200
52436 200
52437 200
52438 200
52439 200
52440 403
52441 200
52442 200
52443 200
52444 200
52445 200
52446 200
52447 200
52448 404
52449 200
52450 404
52451 200
52452 200
52453 200
52454 200
52455 200
52456 200
52457 200
52458 200
52459 403
52460 200
52461 200
52462 200
52463 200
52464 200
52465 200
52466 200
52467 200
52468 200
52469 200
52470 200
52471 200
52472 200
52473 200
52474 404
52475 200
52476 200
52477 200
52478 200
52479 200
52480 200
52481 200
52482 404
52483 200
52484 200
52485 200
52486 200
52487 200
52488 200
52489 200
52490 200
52491 404
52492 200
52493 200
52494 200
52495 200
52496 200
52497 200
52498 200
52499 200
52500 200
52501 200
52502 200
52503 200
52504 200
52505 200
52506 200
52507 404
52508 200
52509 200
52510 403
52511 200
52512 200
52513 200
52514 200
52515 200
52516 404
52517 200
52518 200
52519 200
52520 200
52521 200
52522 200
52523 404
52524 200
52525 200
52526 404
52527 200
52528 200
52529 200
52530 200
52531 200
52532 200
52533 200
52534 200
52535 200
52536 200
52537 200
52538 200
52539 200
52540 200
52541 404
52542 200
52543 200
52544 200
52545 200
52546 200
52547 200
52548 200
52549 200
52550 200
52551 200
52552 200
52553 200
52554 200
52555 200
52556 200
52557 404
52558 403
52559 200
52560 200
52561 200
52562 200
52563 200
52564 200
52565 200
52566 200
52567 200
52568 200
52569 200
52570 200
52571 200
52572 200
52573 200
52574 200
52575 200
52576 200
52577 200
52578 200
52579 200
52580 200
52581 200
52582 200
52583 200
52584 200
52585 200
52586 404
52587 200
52588 200
52589 200
52590 200
52591 200
52592 200
52593 200
52594 200
52595 403
52596 200
52597 404
52598 200
52599 200
52600 404
52601 200
52602 404
52603 200
52604 200
52605 200
52606 404
52607 200
52608 404
52609 200
52610 200
52611 200
52612 200
52613 200
52614 200
52615 200
52616 200
52617 200
52618 200
52619 200
52620 404
52621 200
52622 200
52623 200
52624 200
52625 200
52626 200
52627 200
52628 404
52629 200
52630 200
52631 200
52632 200
52633 200
52634 200
52635 200
52636 404
52637 200
52638 200
52639 200
52640 200
52641 200
52642 404
52643 200
52644 200
52645 404
52646 404
52647 200
52648 404
52649 200
52650 200
52651 404
52652 200
52653 200
52654 200
52655 200
52656 200
52657 200
52658 403
52659 200
52660 200
52661 200
52662 200
52663 200
52664 200
52665 200
52666 200
52667 404
52668 200
52669 200
52670 200
52671 404
52672 404
52673 200
52674 200
52675 200
52676 200
52677 200
52678 200
52679 200
52680 404
52681 200
52682 200
52683 404
52684 200
52685 200
52686 200
52687 200
52688 200
52689 200
52690 403
52691 404
52692 404
52693 200
52694 200
52695 200
52696 200
52697 404
52698 403
52699 200
52700 200
52701 200
52702 200
52703 200
52704 200
52705 200
52706 200
52707 404
52708 404
52709 200
52710 200
52711 200
52712 200
52713 404
52714 200
52715 200
52716 404
52717 200
52718 200
52719 200
52720 403
52721 200
52722 404
52723 200
52724 200
52725 200
52726 200
52727 200
52728 200
52729 404
52730 200
52731 404
52732 200
52733 200
52734 200
52735 403
52736 200
52737 200
52738 200
52739 200
52740 404
52741 404
52742 200
52743 200
52744 200
52745 403
52746 200
52747 200
52748 200
52749 200
52750 200
52751 404
52752 200
52753 200
52754 200
52755 404
52756 200
52757 200
52758 200
52759 200
52760 200
52761 200
52762 200
52763 404
52764 200
52765 200
52766 404
52767 200
52768 200
52769 200
52770 200
52771 404
52772 200
52773 200
52774 200
52775 404
52776 200
52777 200
52778 404
52779 404
52780 200
52781 200
52782 200
52783 404
52784 200
52785 200
52786 404
52787 200
52788 200
52789 200
52790 200
52791 200
52792 404
52793 403
52794 200
52795 200
52796 200
52797 200
52798 200
52799 404
52800 200
52801 200
52802 200
52803 200
52804 200
52805 200
52806 200
52807 200
52808 200
52809 200
52810 200
52811 200
52812 404
52813 200
52814 200
52815 200
52816 200
52817 200
52818 200
52819 200
52820 200
52821 200
52822 200
52823 200
52824 404
52825 200
52826 200
52827 404
52828 200
52829 200
52830 200
52831 200
52832 404
52833 200
52834 200
52835 200
52836 200
52837 200
52838 200
52839 200
52840 404
52841 200
52842 200
52843 403
52844 200
52845 200
52846 200
52847 404
52848 404
52849 200
52850 200
52851 404
52852 200
52853 200
52854 403
52855 200
52856 404
52857 200
52858 200
52859 200
52860 200
52861 200
52862 200
52863 404
52864 200
52865 200
52866 200
52867 404
52868 200
52869 200
52870 200
52871 200
52872 200
52873 200
52874 200
52875 200
52876 403
52877 200
52878 200
52879 200
52880 404
52881 200
52882 200
52883 200
52884 403
52885 200
52886 200
52887 200
52888 404
52889 200
52890 403
52891 200
52892 200
52893 404
52894 200
52895 200
52896 200
52897 200
52898 200
52899 200
52900 200
52901 200
52902 200
52903 200
52904 200
52905 200
52906 200
52907 200
52908 200
52909 200
52910 200
52911 200
52912 200
52913 200
52914 200
52915 200
52916 200
52917 200
52918 200
52919 200
52920 200
52921 200
52922 200
52923 403
52924 200
52925 200
52926 404
52927 200
52928 200
52929 200
52930 200
52931 200
52932 200
52933 200
52934 200
52935 200
52936 200
52937 200
52938 200
52939 200
52940 200
52941 200
52942 200
52943 200
52944 200
52945 200
52946 200
52947 200
52948 404
52949 200
52950 404
52951 200
52952 404
52953 200
52954 200
52955 200
52956 200
52957 200
52958 404
52959 200
52960 200
52961 404
52962 200
52963 404
52964 200
52965 403
52966 404
52967 200
52968 200
52969 200
52970 200
52971 200
52972 200
52973 200
52974 200
52975 200
52976 200
52977 200
52978 200
52979 200
52980 200
52981 200
52982 404
52983 200
52984 200
52985 200
52986 403
52987 200
52988 200
52989 200
52990 200
52991 200
52992 200
52993 200
52994 200
52995 200
52996 200
52997 404
52998 200
52999 200
53000 200
53001 200
53002 200
53003 200
53004 200
53005 200
53006 404
53007 200
53008 200
53009 200
53010 200
53011 200
53012 200
53013 404
53014 200
53015 404
53016 200
53017 200
53018 404
53019 200
53020 200
53021 200
53022 200
53023 200
53024 200
53025 404
53026 403
53027 200
53028 200
53029 200
53030 200
53031 404
53032 200
53033 200
53034 200
53035 200
53036 200
53037 200
53038 404
53039 200
53040 200
53041 200
53042 200
53043 200
53044 200
53045 404
53046 200
53047 200
53048 200
53049 200
53050 200
53051 200
53052 200
53053 200
53054 200
53055 200
53056 200
53057 200
53058 403
53059 404
53060 404
53061 200
53062 200
53063 200
53064 200
53065 200
53066 200
53067 404
53068 404
53069 404
53070 200
53071 200
53072 404
53073 403
53074 200
53075 200
53076 404
53077 200
53078 404
53079 200
53080 200
53081 200
53082 200
53083 200
53084 200
53085 404
53086 200
53087 200
53088 403
53089 200
53090 200
53091 404
53092 200
53093 200
53094 200
53095 200
53096 200
53097 200
53098 200
53099 200
53100 200
53101 200
53102 200
53103 200
53104 200
53105 200
53106 404
53107 200
53108 200
53109 404
53110 404
53111 200
53112 200
53113 200
53114 200
53115 200
53116 404
53117 200
53118 200
53119 200
53120 200
53121 200
53122 200
53123 200
53124 403
53125 200
53126 200
53127 200
53128 200
53129 200
53130 200
53131 403
53132 200
53133 200
53134 200
53135 200
53136 404
53137 200
53138 200
53139 200
53140 200
53141 200
53142 200
53143 200
53144 200
53145 200
53146 200
53147 200
53148 200
53149 200
53150 200
53151 200
53152 200
53153 200
53154 200
53155 404
53156 200
53157 200
53158 200
53159 404
53160 200
53161 200
53162 200
53163 200
53164 200
53165 404
53166 200
53167 200
53168 200
53169 200
53170 200
53171 200
53172 200
53173 200
53174 200
53175 200
53176 200
53177 404
53178 200
53179 200
53180 200
53181 200
53182 200
53183 200
53184 200
53185 200
53186 200
53187 200
53188 200
53189 200
53190 200
53191 200
53192 200
53193 200
53194 200
53195 200
53196 200
53197 200
53198 200
53199 404
53200 200
53201 200
53202 200
53203 200
53204 200
53205 200
53206 200
53207 200
53208 200
53209 200
53210 403
53211 404
53212 404
53213 200
53214 200
53215 200
53216 200
53217 200
53218 404
53219 200
53220 404
53221 404
53222 200
53223 200
53224 403
53225 404
53226 200
53227 200
53228 200
53229 200
53230 200
53231 200
53232 200
53233 404
53234 200
53235 200
53236 200
53237 403
53238 200
53239 200
53240 200
53241 200
53242 200
53243 404
53244 404
53245 200
53246 200
53247 200
53248 200
53249 404
53250 200
53251 200
53252 200
53253 200
53254 200
53255 200
53256 403
53257 403
53258 200
53259 200
53260 200
53261 200
53262 403
53263 200
53264 200
53265 200
53266 404
53267 200
53268 403
53269 200
53270 200
53271 200
53272 200
53273 200
53274 200
53275 200
53276 404
53277 200
53278 200
53279 200
53280 200
53281 200
53282 200
53283 200
53284 200
53285 200
53286 404
53287 200
53288 200
53289 200
53290 200
53291 200
53292 200
53293 200
53294 200
53295 200
53296 200
53297 200
53298 200
53299 404
53300 200
53301 200
53302 200
53303 403
53304 404
53305 200
53306 200
53307 200
53308 200
53309 403
53310 200
53311 200
53312 200
53313 200
53314 200
53315 200
53316 200
53317 200
53318 200
53319 200
53320 200
53321 200
53322 200
53323 200
53324 200
53325 200
53326 200
53327 200
53328 200
53329 200
53330 200
53331 404
53332 200
53333 200
53334 200
53335 200
53336 200
53337 200
53338 200
53339 200
53340 200
53341 404
53342 200
53343 200
53344 200
53345 200
53346 200
53347 200
53348 200
53349 200
53350 200
53351 200
53352 200
53353 200
53354 404
53355 200
53356 403
53357 404
53358 404
53359 403
53360 200
53361 403
53362 200
53363 404
53364 404
53365 200
53366 404
53367 200
53368 200
53369 200
53370 200
53371 200
53372 200
53373 200
53374 200
53375 200
53376 200
53377 200
53378 200
53379 200
53380 404
53381 200
53382 200
53383 200
53384 200
53385 200
53386 200
53387 403
53388 200
53389 200
53390 200
53391 200
53392 200
53393 404
53394 404
53395 200
53396 404
53397 200
53398 404
53399 200
53400 200
53401 200
53402 200
53403 200
53404 200
53405 200
53406 200
53407 404
53408 200
53409 200
53410 200
53411 404
53412 200
53413 404
53414 200
53415 200
53416 200
53417 404
53418 200
53419 404
53420 200
53421 200
53422 404
53423 200
53424 404
53425 200
53426 200
53427 200
53428 200
53429 200
53430 200
53431 404
53432 200
53433 200
53434 200
53435 403
53436 200
53437 200
53438 403
53439 404
53440 200
53441 200
53442 200
53443 200
53444 200
53445 200
53446 200
53447 200
53448 200
53449 200
53450 200
53451 200
53452 200
53453 404
53454 200
53455 404
53456 200
53457 404
53458 200
53459 404
53460 200
53461 200
53462 404
53463 200
53464 200
53465 200
53466 200
53467 200
53468 200
53469 200
53470 200
53471 200
53472 200
53473 200
53474 404
53475 200
53476 200
53477 200
53478 200
53479 200
53480 200
53481 200
53482 200
53483 200
53484 200
53485 200
53486 200
53487 200
53488 200
53489 200
53490 403
53491 404
53492 200
53493 200
53494 200
53495 200
53496 200
53497 200
53498 200
53499 200
53500 403
53501 200
53502 200
53503 200
53504 200
53505 200
53506 200
53507 200
53508 200
53509 200
53510 200
53511 200
53512 404
53513 200
53514 200
53515 200
53516 200
53517 404
53518 200
53519 200
53520 404
53521 404
53522 200
53523 200
53524 200
53525 200
53526 200
53527 200
53528 200
53529 200
53530 404
53531 404
53532 200
53533 200
53534 200
53535 404
53536 200
53537 200
53538 200
53539 200
53540 200
53541 200
53542 200
53543 200
53544 200
53545 200
53546 200
53547 200
53548 403
53549 404
53550 404
53551 200
53552 200
53553 200
53554 200
53555 200
53556 200
53557 404
53558 200
53559 200
53560 200
53561 200
53562 200
53563 200
53564 200
53565 200
53566 200
53567 200
53568 200
53569 200
53570 200
53571 404
53572 200
53573 404
53574 200
53575 200
53576 200
53577 200
53578 200
53579 404
53580 200
53581 200
53582 200
53583 200
53584 200
53585 200
53586 404
53587 200
53588 200
53589 200
53590 403
53591 200
53592 404
53593 200
53594 200
53595 200
53596 404
53597 200
53598 200
53599 200
53600 404
53601 200
53602 200
53603 200
53604 200
53605 200
53606 404
53607 200
53608 200
53609 200
53610 200
53611 200
53612 200
53613 200
53614 200
53615 200
53616 200
53617 200
53618 200
53619 200
53620 404
53621 200
53622 200
53623 200
53624 200
53625 404
53626 200
53627 200
53628 200
53629 200
53630 200
53631 200
53632 200
53633 404
53634 200
53635 200
53636 200
53637 200
53638 200
53639 200
53640 200
53641 200
53642 200
53643 200
53644 200
53645 200
53646 200
53647 200
53648 404
53649 200
53650 200
53651 403
53652 200
53653 200
53654 200
53655 404
53656 403
53657 404
53658 200
53659 200
53660 200
53661 200
53662 200
53663 404
53664 200
53665 404
53666 200
53667 404
53668 200
53669 200
53670 200
53671 200
53672 200
53673 200
53674 200
53675 200
53676 200
53677 404
53678 403
53679 200
53680 200
53681 403
53682 200
53683 200
53684 200
53685 200
53686 200
53687 200
53688 200
53689 200
53690 200
53691 200
53692 200
53693 200
53694 200
53695 200
53696 200
53697 404
53698 200
53699 200
53700 200
53701 200
53702 200
53703 200
53704 200
53705 200
53706 200
53707 404
53708 200
53709 200
53710 200
53711 404
53712 404
53713 200
53714 404
53715 404
53716 404
53717 200
53718 200
53719 200
53720 404
53721 200
53722 200
53723 200
53724 200
53725 200
53726 200
53727 200
53728 200
53729 404
53730 200
53731 200
53732 200
53733 200
53734 200
53735 200
53736 200
53737 200
53738 200
53739 404
53740 404
53741 200
53742 200
53743 200
53744 200
53745 200
53746 200
53747 404
53748 404
53749 200
53750 200
53751 200
53752 404
53753 200
53754 200
53755 404
53756 200
53757 200
53758 200
53759 404
53760 200
53761 404
53762 200
53763 200
53764 200
53765 200
53766 200
53767 200
53768 200
53769 200
53770 404
53771 404
53772 200
53773 200
53774 403
53775 200
53776 200
53777 200
53778 200
53779 200
53780 200
53781 200
53782 200
53783 200
53784 200
53785 200
53786 -1
53787 -1
53788 -1
53789 -1
53790 -1
53791 -1
53792 -1
53793 -1
53794 -1
53795 -1
53796 -1
53797 -1
53798 -1
53799 -1
53800 -1
53801 -1
53802 -1
53803 -1
53804 -1
53805 -1
53806 -1
53807 -1
53808 -1
53809 -1
53810 -1
53811 -1
53812 -1
53813 -1
53814 -1
53815 -1
53816 -1
53817 -1
53818 -1
53819 -1
53820 -1
53821 -1
53822 -1
53823 -1
53824 -1
53825 -1
53826 -1
53827 -1
53828 -1
53829 -1
53830 -1
53831 -1
53832 -1
53833 -1
53834 -1
53835 -1
53836 -1
53837 -1
53838 -1
53839 -1
53840 -1
53841 -1
53842 -1
53843 -1
53844 -1
53845 -1
53846 -1
53847 -1
53848 -1
53849 -1
53850 -1
53851 -1
53852 -1
53853 -1
53854 -1
53855 -1
53856 -1
53857 -1
53858 -1
53859 -1
53860 -1
53861 -1
53862 -1
53863 -1
53864 -1
53865 -1
53866 -1
53867 -1
53868 -1
53869 -1
53870 -1
53871 -1
53872 -1
53873 -1
53874 -1
53875 -1
53876 -1
53877 -1
53878 -1
53879 -1
53880 -1
53881 -1
53882 -1
53883 -1
53884 -1
53885 -1
53886 -1
53887 -1
53888 -1
53889 -1
53890 -1
53891 -1
53892 -1
53893 -1
53894 -1
53895 -1
53896 -1
53897 -1
53898 -1
53899 -1
53900 -1
53901 -1
53902 -1
53903 -1
53904 -1
53905 -1
53906 -1
53907 -1
53908 -1
53909 -1
53910 -1
53911 -1
53912 -1
53913 -1
53914 -1
53915 -1
53916 -1
53917 -1
53918 -1
53919 -1
53920 -1
53921 -1
53922 -1
53923 -1
53924 -1
53925 -1
53926 -1
53927 -1
53928 -1
53929 -1
53930 -1
53931 -1
53932 -1
53933 -1
53934 -1
53935 -1
53936 -1
53937 -1
53938 -1
53939 -1
53940 -1
53941 -1
53942 -1
53943 -1
53944 -1
53945 -1
53946 -1
53947 -1
53948 -1
53949 -1
53950 -1
53951 -1
53952 -1
53953 -1
53954 -1
53955 -1
53956 -1
53957 -1
53958 -1
53959 -1
53960 -1
53961 -1
53962 -1
53963 -1
53964 -1
53965 -1
53966 -1
53967 -1
53968 -1
53969 -1
53970 -1
53971 -1
53972 -1
53973 -1
53974 -1
53975 -1
53976 -1
53977 -1
53978 -1
53979 -1
53980 -1
53981 -1
53982 -1
53983 -1
53984 -1
53985 -1
53986 -1
53987 -1
53988 -1
53989 -1
53990 -1
53991 -1
53992 -1
53993 -1
53994 -1
53995 -1
53996 -1
53997 -1
53998 -1
53999 -1
54000 -1
54001 -1
54002 -1
54003 -1
54004 -1
54005 -1
54006 -1
54007 -1
54008 -1
54009 -1
54010 -1
54011 -1
54012 -1
54013 -1
54014 -1
54015 -1
54016 -1
54017 -1
54018 -1
54019 -1
54020 -1
54021 -1
54022 -1
54023 -1
54024 -1
54025 -1
54026 -1
54027 -1
54028 -1
54029 -1
54030 -1
54031 -1
54032 -1
54033 -1
54034 -1
54035 -1
54036 -1
54037 -1
54038 -1
54039 -1
54040 -1
54041 -1
54042 -1
54043 -1
54044 -1
54045 -1
54046 -1
54047 -1
54048 -1
54049 -1
54050 -1
54051 -1
54052 -1
54053 -1
54054 -1
54055 -1
54056 -1
54057 -1
54058 -1
54059 -1
54060 -1
54061 -1
54062 -1
54063 -1
54064 -1
54065 -1
54066 -1
54067 -1
54068 -1
54069 -1
54070 -1
54071 -1
54072 -1
54073 -1
54074 -1
54075 -1
54076 -1
54077 -1
54078 -1
54079 -1
54080 -1
54081 -1
54082 -1
54083 -1
54084 -1
54085 -1
54086 -1
54087 -1
54088 -1
54089 -1
54090 -1
54091 -1
54092 -1
54093 -1
54094 -1
54095 -1
54096 -1
54097 -1
54098 -1
54099 -1
54100 -1
54101 -1
54102 -1
54103 -1
54104 -1
54105 -1
54106 -1
54107 -1
54108 -1
54109 -1
54110 -1
54111 -1
54112 -1
54113 -1
54114 -1
54115 -1
54116 -1
54117 -1
54118 -1
54119 -1
54120 -1
54121 -1
54122 -1
54123 -1
54124 -1
54125 -1
54126 -1
54127 -1
54128 -1
54129 -1
54130 -1
54131 -1
54132 -1
54133 -1
54134 -1
54135 -1
54136 -1
54137 -1
54138 -1
54139 -1
54140 -1
54141 -1
54142 -1
54143 -1
54144 -1
54145 -1
54146 -1
54147 -1
54148 -1
54149 -1
54150 -1
54151 -1
54152 -1
54153 -1
54154 -1
54155 -1
54156 -1
54157 -1
54158 -1
54159 -1
54160 -1
54161 -1
54162 -1
54163 -1
54164 -1
54165 -1
54166 -1
54167 -1
54168 -1
54169 -1
54170 -1
54171 -1
54172 -1
54173 -1
54174 -1
54175 -1
54176 -1
54177 -1
54178 -1
54179 -1
54180 -1
54181 -1
54182 -1
54183 -1
54184 -1
54185 -1
54186 -1
54187 -1
54188 -1
54189 -1
54190 -1
54191 -1
54192 -1
54193 -1
54194 -1
54195 -1
54196 -1
54197 -1
54198 -1
54199 -1
54200 -1
54201 -1
54202 -1
54203 -1
54204 -1
54205 -1
54206 -1
54207 -1
54208 -1
54209 -1
54210 -1
54211 -1
54212 -1
54213 -1
54214 -1
54215 -1
54216 -1
54217 -1
54218 -1
54219 -1
54220 -1
54221 -1
54222 -1
54223 -1
54224 -1
54225 -1
54226 -1
54227 -1
54228 -1
54229 -1
54230 -1
54231 -1
54232 -1
54233 -1
54234 -1
54235 -1
54236 -1
54237 -1
54238 -1
54239 -1
54240 -1
54241 -1
54242 -1
54243 -1
54244 -1
54245 -1
54246 -1
54247 -1
54248 -1
54249 -1
54250 -1
54251 -1
54252 -1
54253 -1
54254 -1
54255 -1
54256 -1
54257 -1
54258 -1
54259 -1
54260 -1
54261 -1
54262 -1
54263 -1
54264 -1
54265 -1
54266 -1
54267 -1
54268 -1
54269 -1
54270 -1
54271 -1
54272 -1
54273 -1
54274 -1
54275 -1
54276 -1
54277 -1
54278 -1
54279 -1
54280 -1
54281 -1
54282 -1
54283 -1
54284 -1
54285 -1
54286 -1
54287 -1
54288 -1
54289 -1
54290 -1
54291 -1
54292 -1
54293 -1
54294 -1
54295 -1
54296 -1
54297 -1
54298 -1
54299 -1
54300 -1
54301 -1
54302 -1
54303 -1
54304 -1
54305 -1
54306 -1
54307 -1
54308 -1
54309 -1
54310 -1
54311 -1
54312 -1
54313 -1
54314 -1
54315 -1
54316 -1
54317 -1
54318 -1
54319 -1
54320 -1
54321 -1
54322 -1
54323 -1
54324 -1
54325 -1
54326 -1
54327 -1
54328 -1
54329 -1
54330 -1
54331 -1
54332 -1
54333 -1
54334 -1
54335 -1
54336 -1
54337 -1
54338 -1
54339 -1
54340 -1
54341 -1
54342 -1
54343 -1
54344 -1
54345 -1
54346 -1
54347 -1
54348 -1
54349 -1
54350 -1
54351 -1
54352 -1
54353 -1
54354 -1
54355 -1
54356 -1
54357 -1
54358 -1
54359 -1
54360 -1
54361 -1
54362 -1
54363 -1
54364 -1
54365 -1
54366 -1
54367 -1
54368 -1
54369 -1
54370 -1
54371 -1
54372 -1
54373 -1
54374 -1
54375 -1
54376 -1
54377 -1
54378 -1
54379 -1
54380 -1
54381 -1
54382 -1
54383 -1
54384 -1
54385 -1
54386 -1
54387 -1
54388 -1
54389 -1
54390 -1
54391 -1
54392 -1
54393 -1
54394 -1
54395 -1
54396 -1
54397 -1
54398 -1
54399 -1
54400 -1
54401 -1
54402 -1
54403 -1
54404 -1
54405 -1
54406 -1
54407 -1
54408 -1
54409 -1
54410 -1
54411 -1
54412 -1
54413 -1
54414 -1
54415 -1
54416 -1
54417 -1
54418 -1
54419 -1
54420 -1
54421 -1
54422 -1
54423 -1
54424 -1
54425 -1
54426 -1
54427 -1
54428 -1
54429 -1
54430 -1
54431 -1
54432 -1
54433 -1
54434 -1
54435 -1
54436 -1
54437 -1
54438 -1
54439 -1
54440 -1
54441 -1
54442 -1
54443 -1
54444 -1
54445 -1
54446 -1
54447 -1
54448 -1
54449 -1
54450 -1
54451 -1
54452 -1
54453 -1
54454 -1
54455 -1
54456 -1
54457 -1
54458 -1
54459 -1
54460 -1
54461 -1
54462 -1
54463 -1
54464 -1
54465 -1
54466 -1
54467 -1
54468 -1
54469 -1
54470 -1
54471 -1
54472 -1
54473 -1
54474 -1
54475 -1
54476 -1
54477 -1
54478 -1
54479 -1
54480 -1
54481 -1
54482 -1
54483 -1
54484 -1
54485 -1
54486 -1
54487 -1
54488 -1
54489 -1
54490 -1
54491 -1
54492 -1
54493 -1
54494 -1
54495 -1
54496 -1
54497 -1
54498 -1
54499 -1
54500 -1
54501 -1
54502 -1
54503 -1
54504 -1
54505 -1
54506 -1
54507 -1
54508 -1
54509 -1
54510 -1
54511 -1
54512 -1
54513 -1
54514 -1
54515 -1
54516 -1
54517 -1
54518 -1
54519 -1
54520 -1
54521 -1
54522 -1
54523 -1
54524 -1
54525 -1
54526 -1
54527 -1
54528 -1
54529 -1
54530 -1
54531 -1
54532 -1
54533 -1
54534 -1
54535 -1
54536 -1
54537 -1
54538 -1
54539 -1
54540 -1
54541 -1
54542 -1
54543 -1
54544 -1
54545 -1
54546 -1
54547 -1
54548 -1
54549 -1
54550 -1
54551 -1
54552 -1
54553 -1
54554 -1
54555 -1
54556 -1
54557 -1
54558 -1
54559 -1
54560 -1
54561 -1
54562 -1
54563 -1
54564 -1
54565 -1
54566 -1
54567 -1
54568 -1
54569 -1
54570 -1
54571 -1
54572 -1
54573 -1
54574 -1
54575 -1
54576 -1
54577 -1
54578 -1
54579 -1
54580 -1
54581 -1
54582 -1
54583 -1
54584 -1
54585 -1
54586 -1
54587 -1
54588 -1
54589 -1
54590 -1
54591 -1
54592 -1
54593 -1
54594 -1
54595 -1
54596 -1
54597 -1
54598 -1
54599 -1
54600 -1
54601 -1
54602 -1
54603 -1
54604 -1
54605 -1
54606 -1
54607 -1
54608 -1
54609 -1
54610 -1
54611 -1
54612 -1
54613 -1
54614 -1
54615 -1
54616 -1
54617 -1
54618 -1
54619 -1
54620 -1
54621 -1
54622 -1
54623 -1
54624 -1
54625 -1
54626 -1
54627 -1
54628 -1
54629 -1
54630 -1
54631 -1
54632 -1
54633 -1
54634 -1
54635 -1
54636 -1
54637 -1
54638 -1
54639 -1
54640 -1
54641 -1
54642 -1
54643 -1
54644 -1
54645 -1
54646 -1
54647 -1
54648 -1
54649 -1
54650 -1
54651 -1
54652 -1
54653 -1
54654 -1
54655 -1
54656 -1
54657 -1
54658 -1
54659 -1
54660 -1
54661 -1
54662 -1
54663 -1
54664 -1
54665 -1
54666 -1
54667 -1
54668 -1
54669 -1
54670 -1
54671 -1
54672 -1
54673 -1
54674 -1
54675 -1
54676 -1
54677 -1
54678 -1
54679 -1
54680 -1
54681 -1
54682 -1
54683 -1
54684 -1
54685 -1
54686 -1
54687 -1
54688 -1
54689 -1
54690 -1
54691 -1
54692 -1
54693 -1
54694 -1
54695 -1
54696 -1
54697 -1
54698 -1
54699 -1
54700 -1
54701 -1
54702 -1
54703 -1
54704 -1
54705 -1
54706 -1
54707 -1
54708 -1
54709 -1
54710 -1
54711 -1
54712 -1
54713 -1
54714 -1
54715 -1
54716 -1
54717 -1
54718 -1
54719 -1
54720 -1
54721 -1
54722 -1
54723 -1
54724 -1
54725 -1
54726 -1
54727 -1
54728 -1
54729 -1
54730 -1
54731 -1
54732 -1
54733 -1
54734 -1
54735 -1
54736 -1
54737 -1
54738 -1
54739 -1
54740 -1
54741 -1
54742 -1
54743 -1
54744 -1
54745 -1
54746 -1
54747 -1
54748 -1
54749 -1
54750 -1
54751 -1
54752 -1
54753 -1
54754 -1
54755 -1
54756 -1
54757 -1
54758 -1
54759 -1
54760 -1
54761 -1
54762 -1
54763 -1
54764 -1
54765 -1
54766 -1
54767 -1
54768 -1
54769 -1
54770 -1
54771 -1
54772 -1
54773 -1
54774 -1
54775 -1
54776 -1
54777 -1
54778 -1
54779 -1
54780 -1
54781 -1
54782 -1
54783 -1
54784 -1
54785 -1
54786 -1
54787 -1
54788 -1
54789 -1
54790 -1
54791 -1
54792 -1
54793 -1
54794 -1
54795 -1
54796 -1
54797 -1
54798 -1
54799 -1
54800 -1
54801 -1
54802 -1
54803 -1
54804 -1
54805 -1
54806 -1
54807 -1
54808 -1
54809 -1
54810 -1
54811 -1
54812 -1
54813 -1
54814 -1
54815 -1
54816 -1
54817 -1
54818 -1
54819 -1
54820 -1
54821 -1
54822 -1
54823 -1
54824 -1
54825 -1
54826 -1
54827 -1
54828 -1
54829 -1
54830 -1
54831 -1
54832 -1
54833 -1
54834 -1
54835 -1
54836 -1
54837 -1
54838 -1
54839 -1
54840 -1
54841 -1
54842 -1
54843 -1
54844 -1
54845 -1
54846 -1
54847 -1
54848 -1
54849 -1
54850 -1
54851 -1
54852 -1
54853 -1
54854 -1
54855 -1
54856 -1
54857 -1
54858 -1
54859 -1
54860 -1
54861 -1
54862 -1
54863 -1
54864 -1
54865 -1
54866 -1
54867 -1
54868 -1
54869 -1
54870 -1
54871 -1
54872 -1
54873 -1
54874 -1
54875 -1
54876 -1
54877 -1
54878 -1
54879 -1
54880 -1
54881 -1
54882 -1
54883 -1
54884 -1
54885 -1
54886 -1
54887 -1
54888 -1
54889 -1
54890 -1
54891 -1
54892 -1
54893 -1
54894 -1
54895 -1
54896 -1
54897 -1
54898 -1
54899 -1
54900 -1
54901 -1
54902 -1
54903 -1
54904 -1
54905 -1
54906 -1
54907 -1
54908 -1
54909 -1
54910 -1
54911 -1
54912 -1
54913 -1
54914 -1
54915 -1
54916 -1
54917 -1
54918 -1
54919 -1
54920 -1
54921 -1
54922 -1
54923 -1
54924 -1
54925 -1
54926 -1
54927 -1
54928 -1
54929 -1
54930 -1
54931 -1
54932 -1
54933 -1
54934 -1
54935 -1
54936 -1
54937 -1
54938 -1
54939 -1
54940 -1
54941 -1
54942 -1
54943 -1
54944 -1
54945 -1
54946 -1
54947 -1
54948 -1
54949 -1
54950 -1
54951 -1
54952 -1
54953 -1
54954 -1
54955 -1
54956 -1
54957 -1
54958 -1
54959 -1
54960 -1
54961 -1
54962 -1
54963 -1
54964 -1
54965 -1
54966 -1
54967 -1
54968 -1
54969 -1
54970 -1
54971 -1
54972 -1
54973 -1
54974 -1
54975 -1
54976 -1
54977 -1
54978 -1
54979 -1
54980 -1
54981 -1
54982 -1
54983 -1
54984 -1
54985 -1
54986 -1
54987 -1
54988 -1
54989 -1
54990 -1
54991 -1
54992 -1
54993 -1
54994 -1
54995 -1
54996 -1
54997 -1
54998 -1
54999 -1
55000 -1
55001 -1
55002 -1
55003 -1
55004 -1
55005 -1
55006 -1
55007 -1
55008 -1
55009 -1
55010 -1
55011 -1
55012 -1
55013 -1
55014 -1
55015 -1
55016 -1
55017 -1
55018 -1
55019 -1
55020 -1
55021 -1
55022 -1
55023 -1
55024 -1
55025 -1
55026 -1
55027 -1
55028 -1
55029 -1
55030 -1
55031 -1
55032 -1
55033 -1
55034 -1
55035 -1
55036 -1
55037 -1
55038 -1
55039 -1
55040 -1
55041 -1
55042 -1
55043 -1
55044 -1
55045 -1
55046 -1
55047 -1
55048 -1
55049 -1
55050 -1
55051 -1
55052 -1
55053 -1
55054 -1
55055 -1
55056 -1
55057 -1
55058 -1
55059 -1
55060 -1
55061 -1
55062 -1
55063 -1
55064 -1
55065 -1
55066 -1
55067 -1
55068 -1
55069 -1
55070 -1
55071 -1
55072 -1
55073 -1
55074 -1
55075 -1
55076 -1
55077 -1
55078 -1
55079 -1
55080 -1
55081 -1
55082 -1
55083 -1
55084 -1
55085 -1
55086 -1
55087 -1
55088 -1
55089 -1
55090 -1
55091 -1
55092 -1
55093 -1
55094 -1
55095 -1
55096 -1
55097 -1
55098 -1
55099 -1
55100 -1
55101 -1
55102 -1
55103 -1
55104 -1
55105 -1
55106 -1
55107 -1
55108 -1
55109 -1
55110 -1
55111 -1
55112 -1
55113 -1
55114 -1
55115 -1
55116 -1
55117 -1
55118 -1
55119 -1
55120 -1
55121 -1
55122 -1
55123 -1
55124 -1
55125 -1
55126 -1
55127 -1
55128 -1
55129 -1
55130 -1
55131 -1
55132 -1
55133 -1
55134 -1
55135 -1
55136 -1
55137 -1
55138 -1
55139 -1
55140 -1
55141 -1
55142 -1
55143 -1
55144 -1
55145 -1
55146 -1
55147 -1
55148 -1
55149 -1
55150 -1
55151 -1
55152 -1
55153 -1
55154 -1
55155 -1
55156 -1
55157 -1
55158 -1
55159 -1
55160 -1
55161 -1
55162 -1
55163 -1
55164 -1
55165 -1
55166 -1
55167 -1
55168 -1
55169 -1
55170 -1
55171 -1
55172 -1
55173 -1
55174 -1
55175 -1
55176 -1
55177 -1
55178 -1
55179 -1
55180 -1
55181 -1
55182 -1
55183 -1
55184 -1
55185 -1
55186 -1
55187 -1
55188 -1
55189 -1
55190 -1
55191 -1
55192 -1
55193 -1
55194 -1
55195 -1
55196 -1
55197 -1
55198 -1
55199 -1
55200 -1
55201 -1
55202 -1
55203 -1
55204 -1
55205 -1
55206 -1
55207 -1
55208 -1
55209 -1
55210 -1
55211 -1
55212 -1
55213 -1
55214 -1
55215 -1
55216 -1
55217 -1
55218 -1
55219 -1
55220 -1
55221 -1
55222 -1
55223 -1
55224 -1
55225 -1
55226 -1
55227 -1
55228 -1
55229 -1
55230 -1
55231 -1
55232 -1
55233 -1
55234 -1
55235 -1
55236 -1
55237 -1
55238 -1
55239 -1
55240 200
55241 200
55242 200
55243 200
55244 200
55245 200
55246 200
55247 200
55248 200
55249 200
55250 200
55251 200
55252 200
55253 200
55254 200
55255 200
55256 200
55257 200
55258 200
55259 200
55260 200
55261 200
55262 200
55263 200
55264 200
55265 200
55266 200
55267 200
55268 200
55269 200
55270 200
55271 200
55272 200
55273 200
55274 200
55275 200
55276 200
55277 200
55278 200
55279 200
55280 200
55281 200
55282 200
55283 200
55284 200
55285 200
55286 200
55287 200
55288 200
55289 200
55290 200
55291 200
55292 200
55293 200
55294 200
55295 200
55296 200
55297 200
55298 200
55299 200
55300 200
55301 200
55302 200
55303 200
55304 200
55305 200
55306 200
55307 200
55308 200
55309 200
55310 200
55311 200
55312 200
55313 200
55314 200
55315 200
55316 200
55317 200
55318 200
55319 200
55320 200
55321 200
55322 200
55323 200
55324 200
55325 200
55326 200
55327 200
55328 200
55329 200
55330 200
55331 200
55332 200
55333 200
55334 200
55335 200
55336 200
55337 200
55338 200
55339 200
55340 200
55341 200
55342 200
55343 200
55344 200
55345 200
55346 200
55347 200
55348 200
55349 200
55350 200
55351 200
55352 200
55353 200
55354 200
55355 200
55356 200
55357 200
55358 200
55359 200
55360 200
55361 200
55362 200
55363 200
55364 200
55365 200
55366 200
55367 200
55368 200
55369 200
55370 200
55371 200
55372 200
55373 200
55374 200
55375 200
55376 200
55377 200
55378 200
55379 200
55380 200
55381 200
55382 200
55383 200
55384 200
55385 200
55386 200
55387 200
55388 200
55389 200
55390 200
55391 200
55392 200
55393 200
